series,iso3,country,year,value,lower_bound,upper_bound,sex,age,reporting_type,nature,unit_code,source,is_headline
SH_STA_MORT,ARG,Argentina,2000,57.80834,52.84259,62.80726,FEMALE,_T,G,M,PER_100000_LIVE_BIRTHS,MMEIG estimates available at https://www.who.int/publications/i/item/9789240108462,True
SH_STA_MORT,ARG,Argentina,2001,60.25133,55.4893,65.56373,FEMALE,_T,G,M,PER_100000_LIVE_BIRTHS,MMEIG estimates available at https://www.who.int/publications/i/item/9789240108462,True
SH_STA_MORT,ARG,Argentina,2002,59.15006,54.69061,64.31613,FEMALE,_T,G,M,PER_100000_LIVE_BIRTHS,MMEIG estimates available at https://www.who.int/publications/i/item/9789240108462,True
SH_STA_MORT,ARG,Argentina,2003,60.93268,56.59829,66.16307,FEMALE,_T,G,M,PER_100000_LIVE_BIRTHS,MMEIG estimates available at https://www.who.int/publications/i/item/9789240108462,True
SH_STA_MORT,ARG,Argentina,2004,58.43938,54.198,63.41317,FEMALE,_T,G,M,PER_100000_LIVE_BIRTHS,MMEIG estimates available at https://www.who.int/publications/i/item/9789240108462,True
SH_STA_MORT,ARG,Argentina,2005,57.45685,53.21739,62.37688,FEMALE,_T,G,M,PER_100000_LIVE_BIRTHS,MMEIG estimates available at https://www.who.int/publications/i/item/9789240108462,True
SH_STA_MORT,ARG,Argentina,2006,60.04397,55.45899,65.23545,FEMALE,_T,G,M,PER_100000_LIVE_BIRTHS,MMEIG estimates available at https://www.who.int/publications/i/item/9789240108462,True
SH_STA_MORT,ARG,Argentina,2007,61.7407,56.95668,67.13713,FEMALE,_T,G,M,PER_100000_LIVE_BIRTHS,MMEIG estimates available at https://www.who.int/publications/i/item/9789240108462,True
SH_STA_MORT,ARG,Argentina,2008,59.32073,54.85658,64.18294,FEMALE,_T,G,M,PER_100000_LIVE_BIRTHS,MMEIG estimates available at https://www.who.int/publications/i/item/9789240108462,True
SH_STA_MORT,ARG,Argentina,2009,62.10812,57.76505,66.94428,FEMALE,_T,G,M,PER_100000_LIVE_BIRTHS,MMEIG estimates available at https://www.who.int/publications/i/item/9789240108462,True
SH_STA_MORT,ARG,Argentina,2010,54.74272,51.11087,58.76372,FEMALE,_T,G,M,PER_100000_LIVE_BIRTHS,MMEIG estimates available at https://www.who.int/publications/i/item/9789240108462,True
SH_STA_MORT,ARG,Argentina,2011,48.47361,45.69677,51.81275,FEMALE,_T,G,M,PER_100000_LIVE_BIRTHS,MMEIG estimates available at https://www.who.int/publications/i/item/9789240108462,True
SH_STA_MORT,ARG,Argentina,2012,49.27162,46.62955,52.11329,FEMALE,_T,G,M,PER_100000_LIVE_BIRTHS,MMEIG estimates available at https://www.who.int/publications/i/item/9789240108462,True
SH_STA_MORT,ARG,Argentina,2013,46.72781,44.4005,49.19005,FEMALE,_T,G,M,PER_100000_LIVE_BIRTHS,MMEIG estimates available at https://www.who.int/publications/i/item/9789240108462,True
SH_STA_MORT,ARG,Argentina,2014,43.4515,41.4967,45.58576,FEMALE,_T,G,M,PER_100000_LIVE_BIRTHS,MMEIG estimates available at https://www.who.int/publications/i/item/9789240108462,True
SH_STA_MORT,ARG,Argentina,2015,38.61611,36.70406,40.62487,FEMALE,_T,G,M,PER_100000_LIVE_BIRTHS,MMEIG estimates available at https://www.who.int/publications/i/item/9789240108462,True
SH_STA_MORT,ARG,Argentina,2016,39.5128,37.34217,41.92129,FEMALE,_T,G,M,PER_100000_LIVE_BIRTHS,MMEIG estimates available at https://www.who.int/publications/i/item/9789240108462,True
SH_STA_MORT,ARG,Argentina,2017,38.34257,35.85925,41.08107,FEMALE,_T,G,M,PER_100000_LIVE_BIRTHS,MMEIG estimates available at https://www.who.int/publications/i/item/9789240108462,True
SH_STA_MORT,ARG,Argentina,2018,38.48333,35.45174,41.77752,FEMALE,_T,G,M,PER_100000_LIVE_BIRTHS,MMEIG estimates available at https://www.who.int/publications/i/item/9789240108462,True
SH_STA_MORT,ARG,Argentina,2019,36.41051,32.80473,40.40727,FEMALE,_T,G,M,PER_100000_LIVE_BIRTHS,MMEIG estimates available at https://www.who.int/publications/i/item/9789240108462,True
SH_STA_MORT,ARG,Argentina,2020,39.67996,34.76303,46.44946,FEMALE,_T,G,M,PER_100000_LIVE_BIRTHS,MMEIG estimates available at https://www.who.int/publications/i/item/9789240108462,True
SH_STA_MORT,ARG,Argentina,2021,76.48618,71.08039,82.43643,FEMALE,_T,G,M,PER_100000_LIVE_BIRTHS,MMEIG estimates available at https://www.who.int/publications/i/item/9789240108462,True
SH_STA_MORT,ARG,Argentina,2022,39.32267,34.91779,44.26425,FEMALE,_T,G,M,PER_100000_LIVE_BIRTHS,MMEIG estimates available at https://www.who.int/publications/i/item/9789240108462,True
SH_STA_MORT,ARG,Argentina,2023,33.22814,26.43876,41.34374,FEMALE,_T,G,M,PER_100000_LIVE_BIRTHS,MMEIG estimates available at https://www.who.int/publications/i/item/9789240108462,True
SH_STA_MORT,BOL,Bolivia,2000,286.91949,231.83712,355.25856,FEMALE,_T,G,M,PER_100000_LIVE_BIRTHS,MMEIG estimates available at https://www.who.int/publications/i/item/9789240108462,True
SH_STA_MORT,BOL,Bolivia,2001,275.73688,222.59009,344.94988,FEMALE,_T,G,M,PER_100000_LIVE_BIRTHS,MMEIG estimates available at https://www.who.int/publications/i/item/9789240108462,True
SH_STA_MORT,BOL,Bolivia,2002,262.25445,211.04844,330.62239,FEMALE,_T,G,M,PER_100000_LIVE_BIRTHS,MMEIG estimates available at https://www.who.int/publications/i/item/9789240108462,True
SH_STA_MORT,BOL,Bolivia,2003,256.18205,205.43844,325.51894,FEMALE,_T,G,M,PER_100000_LIVE_BIRTHS,MMEIG estimates available at https://www.who.int/publications/i/item/9789240108462,True
SH_STA_MORT,BOL,Bolivia,2004,250.56228,199.52727,321.92177,FEMALE,_T,G,M,PER_100000_LIVE_BIRTHS,MMEIG estimates available at https://www.who.int/publications/i/item/9789240108462,True
SH_STA_MORT,BOL,Bolivia,2005,242.24845,191.97047,317.05852,FEMALE,_T,G,M,PER_100000_LIVE_BIRTHS,MMEIG estimates available at https://www.who.int/publications/i/item/9789240108462,True
SH_STA_MORT,BOL,Bolivia,2006,236.29387,185.82422,311.88131,FEMALE,_T,G,M,PER_100000_LIVE_BIRTHS,MMEIG estimates available at https://www.who.int/publications/i/item/9789240108462,True
SH_STA_MORT,BOL,Bolivia,2007,224.05571,174.128,300.06205,FEMALE,_T,G,M,PER_100000_LIVE_BIRTHS,MMEIG estimates available at https://www.who.int/publications/i/item/9789240108462,True
SH_STA_MORT,BOL,Bolivia,2008,214.34326,166.13529,292.19642,FEMALE,_T,G,M,PER_100000_LIVE_BIRTHS,MMEIG estimates available at https://www.who.int/publications/i/item/9789240108462,True
SH_STA_MORT,BOL,Bolivia,2009,204.94941,158.3831,282.9242,FEMALE,_T,G,M,PER_100000_LIVE_BIRTHS,MMEIG estimates available at https://www.who.int/publications/i/item/9789240108462,True
SH_STA_MORT,BOL,Bolivia,2010,195.80676,149.35464,274.35029,FEMALE,_T,G,M,PER_100000_LIVE_BIRTHS,MMEIG estimates available at https://www.who.int/publications/i/item/9789240108462,True
SH_STA_MORT,BOL,Bolivia,2011,187.14849,141.88954,266.98017,FEMALE,_T,G,M,PER_100000_LIVE_BIRTHS,MMEIG estimates available at https://www.who.int/publications/i/item/9789240108462,True
SH_STA_MORT,BOL,Bolivia,2012,180.31585,135.72707,260.25986,FEMALE,_T,G,M,PER_100000_LIVE_BIRTHS,MMEIG estimates available at https://www.who.int/publications/i/item/9789240108462,True
SH_STA_MORT,BOL,Bolivia,2013,175.20147,130.35739,256.08442,FEMALE,_T,G,M,PER_100000_LIVE_BIRTHS,MMEIG estimates available at https://www.who.int/publications/i/item/9789240108462,True
SH_STA_MORT,BOL,Bolivia,2014,170.74593,125.51361,254.60561,FEMALE,_T,G,M,PER_100000_LIVE_BIRTHS,MMEIG estimates available at https://www.who.int/publications/i/item/9789240108462,True
SH_STA_MORT,BOL,Bolivia,2015,166.13197,120.11151,253.2972,FEMALE,_T,G,M,PER_100000_LIVE_BIRTHS,MMEIG estimates available at https://www.who.int/publications/i/item/9789240108462,True
SH_STA_MORT,BOL,Bolivia,2016,162.13158,116.75831,251.724,FEMALE,_T,G,M,PER_100000_LIVE_BIRTHS,MMEIG estimates available at https://www.who.int/publications/i/item/9789240108462,True
SH_STA_MORT,BOL,Bolivia,2017,159.75932,113.49708,247.88959,FEMALE,_T,G,M,PER_100000_LIVE_BIRTHS,MMEIG estimates available at https://www.who.int/publications/i/item/9789240108462,True
SH_STA_MORT,BOL,Bolivia,2018,157.30158,110.69566,246.52062,FEMALE,_T,G,M,PER_100000_LIVE_BIRTHS,MMEIG estimates available at https://www.who.int/publications/i/item/9789240108462,True
SH_STA_MORT,BOL,Bolivia,2019,156.49238,109.21066,247.89804,FEMALE,_T,G,M,PER_100000_LIVE_BIRTHS,MMEIG estimates available at https://www.who.int/publications/i/item/9789240108462,True
SH_STA_MORT,BOL,Bolivia,2020,217.83175,135.70124,390.03999,FEMALE,_T,G,M,PER_100000_LIVE_BIRTHS,MMEIG estimates available at https://www.who.int/publications/i/item/9789240108462,True
SH_STA_MORT,BOL,Bolivia,2021,270.02594,154.4277,518.94024,FEMALE,_T,G,M,PER_100000_LIVE_BIRTHS,MMEIG estimates available at https://www.who.int/publications/i/item/9789240108462,True
SH_STA_MORT,BOL,Bolivia,2022,164.32727,103.43241,279.55199,FEMALE,_T,G,M,PER_100000_LIVE_BIRTHS,MMEIG estimates available at https://www.who.int/publications/i/item/9789240108462,True
SH_STA_MORT,BOL,Bolivia,2023,146.37428,98.47426,243.06387,FEMALE,_T,G,M,PER_100000_LIVE_BIRTHS,MMEIG estimates available at https://www.who.int/publications/i/item/9789240108462,True
SH_STA_MORT,BRA,Brazil,2000,68.64623,66.77942,70.35686,FEMALE,_T,G,M,PER_100000_LIVE_BIRTHS,MMEIG estimates available at https://www.who.int/publications/i/item/9789240108462,True
SH_STA_MORT,BRA,Brazil,2001,66.43235,62.50784,69.58228,FEMALE,_T,G,M,PER_100000_LIVE_BIRTHS,MMEIG estimates available at https://www.who.int/publications/i/item/9789240108462,True
SH_STA_MORT,BRA,Brazil,2002,65.96649,61.80663,70.19907,FEMALE,_T,G,M,PER_100000_LIVE_BIRTHS,MMEIG estimates available at https://www.who.int/publications/i/item/9789240108462,True
SH_STA_MORT,BRA,Brazil,2003,67.03581,63.77084,71.23576,FEMALE,_T,G,M,PER_100000_LIVE_BIRTHS,MMEIG estimates available at https://www.who.int/publications/i/item/9789240108462,True
SH_STA_MORT,BRA,Brazil,2004,69.58024,66.54831,72.87122,FEMALE,_T,G,M,PER_100000_LIVE_BIRTHS,MMEIG estimates available at https://www.who.int/publications/i/item/9789240108462,True
SH_STA_MORT,BRA,Brazil,2005,71.49638,69.65044,73.41629,FEMALE,_T,G,M,PER_100000_LIVE_BIRTHS,MMEIG estimates available at https://www.who.int/publications/i/item/9789240108462,True
SH_STA_MORT,BRA,Brazil,2006,72.18568,68.94671,75.20766,FEMALE,_T,G,M,PER_100000_LIVE_BIRTHS,MMEIG estimates available at https://www.who.int/publications/i/item/9789240108462,True
SH_STA_MORT,BRA,Brazil,2007,72.50563,68.57517,76.63429,FEMALE,_T,G,M,PER_100000_LIVE_BIRTHS,MMEIG estimates available at https://www.who.int/publications/i/item/9789240108462,True
SH_STA_MORT,BRA,Brazil,2008,71.39691,68.01798,74.7038,FEMALE,_T,G,M,PER_100000_LIVE_BIRTHS,MMEIG estimates available at https://www.who.int/publications/i/item/9789240108462,True
SH_STA_MORT,BRA,Brazil,2009,69.12705,67.39053,70.76319,FEMALE,_T,G,M,PER_100000_LIVE_BIRTHS,MMEIG estimates available at https://www.who.int/publications/i/item/9789240108462,True
SH_STA_MORT,BRA,Brazil,2010,65.95196,64.37131,67.52799,FEMALE,_T,G,M,PER_100000_LIVE_BIRTHS,MMEIG estimates available at https://www.who.int/publications/i/item/9789240108462,True
SH_STA_MORT,BRA,Brazil,2011,61.86484,60.33117,63.06781,FEMALE,_T,G,M,PER_100000_LIVE_BIRTHS,MMEIG estimates available at https://www.who.int/publications/i/item/9789240108462,True
SH_STA_MORT,BRA,Brazil,2012,59.73186,58.26527,61.20413,FEMALE,_T,G,M,PER_100000_LIVE_BIRTHS,MMEIG estimates available at https://www.who.int/publications/i/item/9789240108462,True
SH_STA_MORT,BRA,Brazil,2013,61.03989,59.71611,62.38528,FEMALE,_T,G,M,PER_100000_LIVE_BIRTHS,MMEIG estimates available at https://www.who.int/publications/i/item/9789240108462,True
SH_STA_MORT,BRA,Brazil,2014,63.39032,61.98181,64.85613,FEMALE,_T,G,M,PER_100000_LIVE_BIRTHS,MMEIG estimates available at https://www.who.int/publications/i/item/9789240108462,True
SH_STA_MORT,BRA,Brazil,2015,62.95876,61.63211,64.41949,FEMALE,_T,G,M,PER_100000_LIVE_BIRTHS,MMEIG estimates available at https://www.who.int/publications/i/item/9789240108462,True
SH_STA_MORT,BRA,Brazil,2016,63.64146,62.25212,65.02057,FEMALE,_T,G,M,PER_100000_LIVE_BIRTHS,MMEIG estimates available at https://www.who.int/publications/i/item/9789240108462,True
SH_STA_MORT,BRA,Brazil,2017,61.02473,59.4092,62.57147,FEMALE,_T,G,M,PER_100000_LIVE_BIRTHS,MMEIG estimates available at https://www.who.int/publications/i/item/9789240108462,True
SH_STA_MORT,BRA,Brazil,2018,62.3322,59.32742,65.47629,FEMALE,_T,G,M,PER_100000_LIVE_BIRTHS,MMEIG estimates available at https://www.who.int/publications/i/item/9789240108462,True
SH_STA_MORT,BRA,Brazil,2019,64.63298,59.7254,70.47767,FEMALE,_T,G,M,PER_100000_LIVE_BIRTHS,MMEIG estimates available at https://www.who.int/publications/i/item/9789240108462,True
SH_STA_MORT,BRA,Brazil,2020,84.88166,75.91258,95.05425,FEMALE,_T,G,M,PER_100000_LIVE_BIRTHS,MMEIG estimates available at https://www.who.int/publications/i/item/9789240108462,True
SH_STA_MORT,BRA,Brazil,2021,127.99026,115.00066,143.3901,FEMALE,_T,G,M,PER_100000_LIVE_BIRTHS,MMEIG estimates available at https://www.who.int/publications/i/item/9789240108462,True
SH_STA_MORT,BRA,Brazil,2022,103.96809,77.14265,147.87171,FEMALE,_T,G,M,PER_100000_LIVE_BIRTHS,MMEIG estimates available at https://www.who.int/publications/i/item/9789240108462,True
SH_STA_MORT,BRA,Brazil,2023,66.91036,51.94715,87.59137,FEMALE,_T,G,M,PER_100000_LIVE_BIRTHS,MMEIG estimates available at https://www.who.int/publications/i/item/9789240108462,True
SH_STA_MORT,CHL,Chile,2000,32.94284,28.69572,37.76645,FEMALE,_T,G,M,PER_100000_LIVE_BIRTHS,MMEIG estimates available at https://www.who.int/publications/i/item/9789240108462,True
SH_STA_MORT,CHL,Chile,2001,31.57899,27.5783,36.10961,FEMALE,_T,G,M,PER_100000_LIVE_BIRTHS,MMEIG estimates available at https://www.who.int/publications/i/item/9789240108462,True
SH_STA_MORT,CHL,Chile,2002,30.39744,26.57219,34.8202,FEMALE,_T,G,M,PER_100000_LIVE_BIRTHS,MMEIG estimates available at https://www.who.int/publications/i/item/9789240108462,True
SH_STA_MORT,CHL,Chile,2003,29.27009,25.70422,33.55057,FEMALE,_T,G,M,PER_100000_LIVE_BIRTHS,MMEIG estimates available at https://www.who.int/publications/i/item/9789240108462,True
SH_STA_MORT,CHL,Chile,2004,28.09702,24.75846,32.07191,FEMALE,_T,G,M,PER_100000_LIVE_BIRTHS,MMEIG estimates available at https://www.who.int/publications/i/item/9789240108462,True
SH_STA_MORT,CHL,Chile,2005,27.48591,24.38526,31.2786,FEMALE,_T,G,M,PER_100000_LIVE_BIRTHS,MMEIG estimates available at https://www.who.int/publications/i/item/9789240108462,True
SH_STA_MORT,CHL,Chile,2006,26.75998,23.70268,30.31384,FEMALE,_T,G,M,PER_100000_LIVE_BIRTHS,MMEIG estimates available at https://www.who.int/publications/i/item/9789240108462,True
SH_STA_MORT,CHL,Chile,2007,25.68844,22.95129,28.9006,FEMALE,_T,G,M,PER_100000_LIVE_BIRTHS,MMEIG estimates available at https://www.who.int/publications/i/item/9789240108462,True
SH_STA_MORT,CHL,Chile,2008,24.40544,21.91717,27.2506,FEMALE,_T,G,M,PER_100000_LIVE_BIRTHS,MMEIG estimates available at https://www.who.int/publications/i/item/9789240108462,True
SH_STA_MORT,CHL,Chile,2009,23.90557,21.60282,26.44731,FEMALE,_T,G,M,PER_100000_LIVE_BIRTHS,MMEIG estimates available at https://www.who.int/publications/i/item/9789240108462,True
SH_STA_MORT,CHL,Chile,2010,21.70381,19.74556,23.95569,FEMALE,_T,G,M,PER_100000_LIVE_BIRTHS,MMEIG estimates available at https://www.who.int/publications/i/item/9789240108462,True
SH_STA_MORT,CHL,Chile,2011,19.96513,18.10852,22.06357,FEMALE,_T,G,M,PER_100000_LIVE_BIRTHS,MMEIG estimates available at https://www.who.int/publications/i/item/9789240108462,True
SH_STA_MORT,CHL,Chile,2012,18.3832,16.5798,20.31216,FEMALE,_T,G,M,PER_100000_LIVE_BIRTHS,MMEIG estimates available at https://www.who.int/publications/i/item/9789240108462,True
SH_STA_MORT,CHL,Chile,2013,16.94691,15.2794,18.7258,FEMALE,_T,G,M,PER_100000_LIVE_BIRTHS,MMEIG estimates available at https://www.who.int/publications/i/item/9789240108462,True
SH_STA_MORT,CHL,Chile,2014,15.7487,14.16293,17.3254,FEMALE,_T,G,M,PER_100000_LIVE_BIRTHS,MMEIG estimates available at https://www.who.int/publications/i/item/9789240108462,True
SH_STA_MORT,CHL,Chile,2015,14.44723,13.08636,15.90833,FEMALE,_T,G,M,PER_100000_LIVE_BIRTHS,MMEIG estimates available at https://www.who.int/publications/i/item/9789240108462,True
SH_STA_MORT,CHL,Chile,2016,13.16912,11.96398,14.5394,FEMALE,_T,G,M,PER_100000_LIVE_BIRTHS,MMEIG estimates available at https://www.who.int/publications/i/item/9789240108462,True
SH_STA_MORT,CHL,Chile,2017,12.10446,10.8572,13.40162,FEMALE,_T,G,M,PER_100000_LIVE_BIRTHS,MMEIG estimates available at https://www.who.int/publications/i/item/9789240108462,True
SH_STA_MORT,CHL,Chile,2018,11.39816,10.08176,12.8142,FEMALE,_T,G,M,PER_100000_LIVE_BIRTHS,MMEIG estimates available at https://www.who.int/publications/i/item/9789240108462,True
SH_STA_MORT,CHL,Chile,2019,11.09544,9.49231,12.70068,FEMALE,_T,G,M,PER_100000_LIVE_BIRTHS,MMEIG estimates available at https://www.who.int/publications/i/item/9789240108462,True
SH_STA_MORT,CHL,Chile,2020,12.30187,10.81945,14.18077,FEMALE,_T,G,M,PER_100000_LIVE_BIRTHS,MMEIG estimates available at https://www.who.int/publications/i/item/9789240108462,True
SH_STA_MORT,CHL,Chile,2021,14.38931,11.97155,16.94383,FEMALE,_T,G,M,PER_100000_LIVE_BIRTHS,MMEIG estimates available at https://www.who.int/publications/i/item/9789240108462,True
SH_STA_MORT,CHL,Chile,2022,11.7096,9.86109,13.92596,FEMALE,_T,G,M,PER_100000_LIVE_BIRTHS,MMEIG estimates available at https://www.who.int/publications/i/item/9789240108462,True
SH_STA_MORT,CHL,Chile,2023,9.88497,7.25076,13.01163,FEMALE,_T,G,M,PER_100000_LIVE_BIRTHS,MMEIG estimates available at https://www.who.int/publications/i/item/9789240108462,True
SH_STA_MORT,COL,Colombia,2000,95.11151,89.63216,102.23331,FEMALE,_T,G,M,PER_100000_LIVE_BIRTHS,MMEIG estimates available at https://www.who.int/publications/i/item/9789240108462,True
SH_STA_MORT,COL,Colombia,2001,93.80357,89.44395,98.70639,FEMALE,_T,G,M,PER_100000_LIVE_BIRTHS,MMEIG estimates available at https://www.who.int/publications/i/item/9789240108462,True
SH_STA_MORT,COL,Colombia,2002,91.27231,87.70777,94.81267,FEMALE,_T,G,M,PER_100000_LIVE_BIRTHS,MMEIG estimates available at https://www.who.int/publications/i/item/9789240108462,True
SH_STA_MORT,COL,Colombia,2003,86.7687,82.34682,90.93229,FEMALE,_T,G,M,PER_100000_LIVE_BIRTHS,MMEIG estimates available at https://www.who.int/publications/i/item/9789240108462,True
SH_STA_MORT,COL,Colombia,2004,84.15008,79.01123,89.54747,FEMALE,_T,G,M,PER_100000_LIVE_BIRTHS,MMEIG estimates available at https://www.who.int/publications/i/item/9789240108462,True
SH_STA_MORT,COL,Colombia,2005,81.6156,76.28436,87.96315,FEMALE,_T,G,M,PER_100000_LIVE_BIRTHS,MMEIG estimates available at https://www.who.int/publications/i/item/9789240108462,True
SH_STA_MORT,COL,Colombia,2006,80.63076,74.74487,87.68769,FEMALE,_T,G,M,PER_100000_LIVE_BIRTHS,MMEIG estimates available at https://www.who.int/publications/i/item/9789240108462,True
SH_STA_MORT,COL,Colombia,2007,79.83739,73.76552,87.7909,FEMALE,_T,G,M,PER_100000_LIVE_BIRTHS,MMEIG estimates available at https://www.who.int/publications/i/item/9789240108462,True
SH_STA_MORT,COL,Colombia,2008,78.15605,71.89509,86.66915,FEMALE,_T,G,M,PER_100000_LIVE_BIRTHS,MMEIG estimates available at https://www.who.int/publications/i/item/9789240108462,True
SH_STA_MORT,COL,Colombia,2009,76.84698,70.40469,85.60053,FEMALE,_T,G,M,PER_100000_LIVE_BIRTHS,MMEIG estimates available at https://www.who.int/publications/i/item/9789240108462,True
SH_STA_MORT,COL,Colombia,2010,76.38049,69.64858,85.09398,FEMALE,_T,G,M,PER_100000_LIVE_BIRTHS,MMEIG estimates available at https://www.who.int/publications/i/item/9789240108462,True
SH_STA_MORT,COL,Colombia,2011,75.07368,68.27844,83.6237,FEMALE,_T,G,M,PER_100000_LIVE_BIRTHS,MMEIG estimates available at https://www.who.int/publications/i/item/9789240108462,True
SH_STA_MORT,COL,Colombia,2012,72.96662,66.30213,81.32202,FEMALE,_T,G,M,PER_100000_LIVE_BIRTHS,MMEIG estimates available at https://www.who.int/publications/i/item/9789240108462,True
SH_STA_MORT,COL,Colombia,2013,71.75142,65.06918,79.84955,FEMALE,_T,G,M,PER_100000_LIVE_BIRTHS,MMEIG estimates available at https://www.who.int/publications/i/item/9789240108462,True
SH_STA_MORT,COL,Colombia,2014,70.72659,63.9988,78.7296,FEMALE,_T,G,M,PER_100000_LIVE_BIRTHS,MMEIG estimates available at https://www.who.int/publications/i/item/9789240108462,True
SH_STA_MORT,COL,Colombia,2015,70.25705,63.17704,78.34039,FEMALE,_T,G,M,PER_100000_LIVE_BIRTHS,MMEIG estimates available at https://www.who.int/publications/i/item/9789240108462,True
SH_STA_MORT,COL,Colombia,2016,68.82124,61.39513,77.36602,FEMALE,_T,G,M,PER_100000_LIVE_BIRTHS,MMEIG estimates available at https://www.who.int/publications/i/item/9789240108462,True
SH_STA_MORT,COL,Colombia,2017,68.04436,60.19577,77.5131,FEMALE,_T,G,M,PER_100000_LIVE_BIRTHS,MMEIG estimates available at https://www.who.int/publications/i/item/9789240108462,True
SH_STA_MORT,COL,Colombia,2018,67.3379,58.80175,77.70691,FEMALE,_T,G,M,PER_100000_LIVE_BIRTHS,MMEIG estimates available at https://www.who.int/publications/i/item/9789240108462,True
SH_STA_MORT,COL,Colombia,2019,66.19187,56.37418,77.19331,FEMALE,_T,G,M,PER_100000_LIVE_BIRTHS,MMEIG estimates available at https://www.who.int/publications/i/item/9789240108462,True
SH_STA_MORT,COL,Colombia,2020,93.67608,69.81596,134.50017,FEMALE,_T,G,M,PER_100000_LIVE_BIRTHS,MMEIG estimates available at https://www.who.int/publications/i/item/9789240108462,True
SH_STA_MORT,COL,Colombia,2021,146.65778,89.63211,241.58485,FEMALE,_T,G,M,PER_100000_LIVE_BIRTHS,MMEIG estimates available at https://www.who.int/publications/i/item/9789240108462,True
SH_STA_MORT,COL,Colombia,2022,74.34447,56.58426,99.58895,FEMALE,_T,G,M,PER_100000_LIVE_BIRTHS,MMEIG estimates available at https://www.who.int/publications/i/item/9789240108462,True
SH_STA_MORT,COL,Colombia,2023,59.38166,45.45247,76.30498,FEMALE,_T,G,M,PER_100000_LIVE_BIRTHS,MMEIG estimates available at https://www.who.int/publications/i/item/9789240108462,True
SH_STA_MORT,CRI,Costa Rica,2000,35.52167,32.78601,38.99542,FEMALE,_T,G,M,PER_100000_LIVE_BIRTHS,MMEIG estimates available at https://www.who.int/publications/i/item/9789240108462,True
SH_STA_MORT,CRI,Costa Rica,2001,35.31408,32.65042,38.87683,FEMALE,_T,G,M,PER_100000_LIVE_BIRTHS,MMEIG estimates available at https://www.who.int/publications/i/item/9789240108462,True
SH_STA_MORT,CRI,Costa Rica,2002,33.9861,31.47332,37.32242,FEMALE,_T,G,M,PER_100000_LIVE_BIRTHS,MMEIG estimates available at https://www.who.int/publications/i/item/9789240108462,True
SH_STA_MORT,CRI,Costa Rica,2003,33.22327,30.80385,36.33117,FEMALE,_T,G,M,PER_100000_LIVE_BIRTHS,MMEIG estimates available at https://www.who.int/publications/i/item/9789240108462,True
SH_STA_MORT,CRI,Costa Rica,2004,32.8554,30.55095,35.85898,FEMALE,_T,G,M,PER_100000_LIVE_BIRTHS,MMEIG estimates available at https://www.who.int/publications/i/item/9789240108462,True
SH_STA_MORT,CRI,Costa Rica,2005,31.19951,28.96173,33.89554,FEMALE,_T,G,M,PER_100000_LIVE_BIRTHS,MMEIG estimates available at https://www.who.int/publications/i/item/9789240108462,True
SH_STA_MORT,CRI,Costa Rica,2006,30.0963,27.95412,32.66692,FEMALE,_T,G,M,PER_100000_LIVE_BIRTHS,MMEIG estimates available at https://www.who.int/publications/i/item/9789240108462,True
SH_STA_MORT,CRI,Costa Rica,2007,30.31843,28.17976,32.86408,FEMALE,_T,G,M,PER_100000_LIVE_BIRTHS,MMEIG estimates available at https://www.who.int/publications/i/item/9789240108462,True
SH_STA_MORT,CRI,Costa Rica,2008,29.9525,27.75388,32.3946,FEMALE,_T,G,M,PER_100000_LIVE_BIRTHS,MMEIG estimates available at https://www.who.int/publications/i/item/9789240108462,True
SH_STA_MORT,CRI,Costa Rica,2009,28.97739,26.78451,31.33959,FEMALE,_T,G,M,PER_100000_LIVE_BIRTHS,MMEIG estimates available at https://www.who.int/publications/i/item/9789240108462,True
SH_STA_MORT,CRI,Costa Rica,2010,28.84048,26.58646,31.24745,FEMALE,_T,G,M,PER_100000_LIVE_BIRTHS,MMEIG estimates available at https://www.who.int/publications/i/item/9789240108462,True
SH_STA_MORT,CRI,Costa Rica,2011,28.43681,26.15434,30.85382,FEMALE,_T,G,M,PER_100000_LIVE_BIRTHS,MMEIG estimates available at https://www.who.int/publications/i/item/9789240108462,True
SH_STA_MORT,CRI,Costa Rica,2012,27.46544,25.21377,29.9241,FEMALE,_T,G,M,PER_100000_LIVE_BIRTHS,MMEIG estimates available at https://www.who.int/publications/i/item/9789240108462,True
SH_STA_MORT,CRI,Costa Rica,2013,26.58293,24.30344,29.03615,FEMALE,_T,G,M,PER_100000_LIVE_BIRTHS,MMEIG estimates available at https://www.who.int/publications/i/item/9789240108462,True
SH_STA_MORT,CRI,Costa Rica,2014,26.57139,24.24867,29.13382,FEMALE,_T,G,M,PER_100000_LIVE_BIRTHS,MMEIG estimates available at https://www.who.int/publications/i/item/9789240108462,True
SH_STA_MORT,CRI,Costa Rica,2015,25.54293,23.2497,28.10698,FEMALE,_T,G,M,PER_100000_LIVE_BIRTHS,MMEIG estimates available at https://www.who.int/publications/i/item/9789240108462,True
SH_STA_MORT,CRI,Costa Rica,2016,27.03126,24.45923,29.91198,FEMALE,_T,G,M,PER_100000_LIVE_BIRTHS,MMEIG estimates available at https://www.who.int/publications/i/item/9789240108462,True
SH_STA_MORT,CRI,Costa Rica,2017,26.99787,24.0752,29.93578,FEMALE,_T,G,M,PER_100000_LIVE_BIRTHS,MMEIG estimates available at https://www.who.int/publications/i/item/9789240108462,True
SH_STA_MORT,CRI,Costa Rica,2018,28.37408,24.8963,31.65807,FEMALE,_T,G,M,PER_100000_LIVE_BIRTHS,MMEIG estimates available at https://www.who.int/publications/i/item/9789240108462,True
SH_STA_MORT,CRI,Costa Rica,2019,25.72865,22.24337,28.95915,FEMALE,_T,G,M,PER_100000_LIVE_BIRTHS,MMEIG estimates available at https://www.who.int/publications/i/item/9789240108462,True
SH_STA_MORT,CRI,Costa Rica,2020,34.08731,27.41266,41.82277,FEMALE,_T,G,M,PER_100000_LIVE_BIRTHS,MMEIG estimates available at https://www.who.int/publications/i/item/9789240108462,True
SH_STA_MORT,CRI,Costa Rica,2021,43.94856,34.31127,55.00467,FEMALE,_T,G,M,PER_100000_LIVE_BIRTHS,MMEIG estimates available at https://www.who.int/publications/i/item/9789240108462,True
SH_STA_MORT,CRI,Costa Rica,2022,27.41604,22.02002,33.41947,FEMALE,_T,G,M,PER_100000_LIVE_BIRTHS,MMEIG estimates available at https://www.who.int/publications/i/item/9789240108462,True
SH_STA_MORT,CRI,Costa Rica,2023,24.1198,19.38098,27.93451,FEMALE,_T,G,M,PER_100000_LIVE_BIRTHS,MMEIG estimates available at https://www.who.int/publications/i/item/9789240108462,True
SH_STA_MORT,CUB,Cuba,2000,48.19773,44.233,51.97708,FEMALE,_T,G,M,PER_100000_LIVE_BIRTHS,MMEIG estimates available at https://www.who.int/publications/i/item/9789240108462,True
SH_STA_MORT,CUB,Cuba,2001,46.23062,42.38049,49.85165,FEMALE,_T,G,M,PER_100000_LIVE_BIRTHS,MMEIG estimates available at https://www.who.int/publications/i/item/9789240108462,True
SH_STA_MORT,CUB,Cuba,2002,45.36349,41.60481,48.84511,FEMALE,_T,G,M,PER_100000_LIVE_BIRTHS,MMEIG estimates available at https://www.who.int/publications/i/item/9789240108462,True
SH_STA_MORT,CUB,Cuba,2003,44.37065,40.89404,47.38858,FEMALE,_T,G,M,PER_100000_LIVE_BIRTHS,MMEIG estimates available at https://www.who.int/publications/i/item/9789240108462,True
SH_STA_MORT,CUB,Cuba,2004,44.12797,40.92604,47.11558,FEMALE,_T,G,M,PER_100000_LIVE_BIRTHS,MMEIG estimates available at https://www.who.int/publications/i/item/9789240108462,True
SH_STA_MORT,CUB,Cuba,2005,42.95019,39.96528,46.17811,FEMALE,_T,G,M,PER_100000_LIVE_BIRTHS,MMEIG estimates available at https://www.who.int/publications/i/item/9789240108462,True
SH_STA_MORT,CUB,Cuba,2006,41.98547,39.04562,45.56948,FEMALE,_T,G,M,PER_100000_LIVE_BIRTHS,MMEIG estimates available at https://www.who.int/publications/i/item/9789240108462,True
SH_STA_MORT,CUB,Cuba,2007,41.88979,38.96503,45.57598,FEMALE,_T,G,M,PER_100000_LIVE_BIRTHS,MMEIG estimates available at https://www.who.int/publications/i/item/9789240108462,True
SH_STA_MORT,CUB,Cuba,2008,43.6271,40.58568,47.43426,FEMALE,_T,G,M,PER_100000_LIVE_BIRTHS,MMEIG estimates available at https://www.who.int/publications/i/item/9789240108462,True
SH_STA_MORT,CUB,Cuba,2009,44.993,41.81037,48.87538,FEMALE,_T,G,M,PER_100000_LIVE_BIRTHS,MMEIG estimates available at https://www.who.int/publications/i/item/9789240108462,True
SH_STA_MORT,CUB,Cuba,2010,43.88002,40.74829,47.74725,FEMALE,_T,G,M,PER_100000_LIVE_BIRTHS,MMEIG estimates available at https://www.who.int/publications/i/item/9789240108462,True
SH_STA_MORT,CUB,Cuba,2011,43.58694,40.28214,47.2783,FEMALE,_T,G,M,PER_100000_LIVE_BIRTHS,MMEIG estimates available at https://www.who.int/publications/i/item/9789240108462,True
SH_STA_MORT,CUB,Cuba,2012,42.49497,39.14345,46.01898,FEMALE,_T,G,M,PER_100000_LIVE_BIRTHS,MMEIG estimates available at https://www.who.int/publications/i/item/9789240108462,True
SH_STA_MORT,CUB,Cuba,2013,42.28007,38.91806,45.77806,FEMALE,_T,G,M,PER_100000_LIVE_BIRTHS,MMEIG estimates available at https://www.who.int/publications/i/item/9789240108462,True
SH_STA_MORT,CUB,Cuba,2014,42.14867,38.83204,45.59463,FEMALE,_T,G,M,PER_100000_LIVE_BIRTHS,MMEIG estimates available at https://www.who.int/publications/i/item/9789240108462,True
SH_STA_MORT,CUB,Cuba,2015,41.48397,38.18291,44.94036,FEMALE,_T,G,M,PER_100000_LIVE_BIRTHS,MMEIG estimates available at https://www.who.int/publications/i/item/9789240108462,True
SH_STA_MORT,CUB,Cuba,2016,40.45728,37.21293,43.77495,FEMALE,_T,G,M,PER_100000_LIVE_BIRTHS,MMEIG estimates available at https://www.who.int/publications/i/item/9789240108462,True
SH_STA_MORT,CUB,Cuba,2017,39.2643,36.0644,42.6499,FEMALE,_T,G,M,PER_100000_LIVE_BIRTHS,MMEIG estimates available at https://www.who.int/publications/i/item/9789240108462,True
SH_STA_MORT,CUB,Cuba,2018,39.17947,35.85624,43.04402,FEMALE,_T,G,M,PER_100000_LIVE_BIRTHS,MMEIG estimates available at https://www.who.int/publications/i/item/9789240108462,True
SH_STA_MORT,CUB,Cuba,2019,39.72424,35.91495,44.3011,FEMALE,_T,G,M,PER_100000_LIVE_BIRTHS,MMEIG estimates available at https://www.who.int/publications/i/item/9789240108462,True
SH_STA_MORT,CUB,Cuba,2020,39.95422,36.20907,44.34506,FEMALE,_T,G,M,PER_100000_LIVE_BIRTHS,MMEIG estimates available at https://www.who.int/publications/i/item/9789240108462,True
SH_STA_MORT,CUB,Cuba,2021,171.67994,155.47777,189.71068,FEMALE,_T,G,M,PER_100000_LIVE_BIRTHS,MMEIG estimates available at https://www.who.int/publications/i/item/9789240108462,True
SH_STA_MORT,CUB,Cuba,2022,40.95331,35.34123,48.32777,FEMALE,_T,G,M,PER_100000_LIVE_BIRTHS,MMEIG estimates available at https://www.who.int/publications/i/item/9789240108462,True
SH_STA_MORT,CUB,Cuba,2023,34.79424,29.02746,42.1867,FEMALE,_T,G,M,PER_100000_LIVE_BIRTHS,MMEIG estimates available at https://www.who.int/publications/i/item/9789240108462,True
SH_STA_MORT,DOM,Dominican Republic,2000,75.59829,71.45465,80.08286,FEMALE,_T,G,M,PER_100000_LIVE_BIRTHS,MMEIG estimates available at https://www.who.int/publications/i/item/9789240108462,True
SH_STA_MORT,DOM,Dominican Republic,2001,68.08629,64.09006,72.13206,FEMALE,_T,G,M,PER_100000_LIVE_BIRTHS,MMEIG estimates available at https://www.who.int/publications/i/item/9789240108462,True
SH_STA_MORT,DOM,Dominican Republic,2002,68.24472,64.27381,72.15011,FEMALE,_T,G,M,PER_100000_LIVE_BIRTHS,MMEIG estimates available at https://www.who.int/publications/i/item/9789240108462,True
SH_STA_MORT,DOM,Dominican Republic,2003,71.36468,67.4088,75.30062,FEMALE,_T,G,M,PER_100000_LIVE_BIRTHS,MMEIG estimates available at https://www.who.int/publications/i/item/9789240108462,True
SH_STA_MORT,DOM,Dominican Republic,2004,77.85296,73.51914,82.13136,FEMALE,_T,G,M,PER_100000_LIVE_BIRTHS,MMEIG estimates available at https://www.who.int/publications/i/item/9789240108462,True
SH_STA_MORT,DOM,Dominican Republic,2005,83.45659,79.18108,87.85377,FEMALE,_T,G,M,PER_100000_LIVE_BIRTHS,MMEIG estimates available at https://www.who.int/publications/i/item/9789240108462,True
SH_STA_MORT,DOM,Dominican Republic,2006,86.63941,82.44115,90.88672,FEMALE,_T,G,M,PER_100000_LIVE_BIRTHS,MMEIG estimates available at https://www.who.int/publications/i/item/9789240108462,True
SH_STA_MORT,DOM,Dominican Republic,2007,90.0094,85.70891,94.31829,FEMALE,_T,G,M,PER_100000_LIVE_BIRTHS,MMEIG estimates available at https://www.who.int/publications/i/item/9789240108462,True
SH_STA_MORT,DOM,Dominican Republic,2008,93.62418,89.10506,98.40465,FEMALE,_T,G,M,PER_100000_LIVE_BIRTHS,MMEIG estimates available at https://www.who.int/publications/i/item/9789240108462,True
SH_STA_MORT,DOM,Dominican Republic,2009,95.73007,91.01883,100.49099,FEMALE,_T,G,M,PER_100000_LIVE_BIRTHS,MMEIG estimates available at https://www.who.int/publications/i/item/9789240108462,True
SH_STA_MORT,DOM,Dominican Republic,2010,91.65964,87.23715,96.43228,FEMALE,_T,G,M,PER_100000_LIVE_BIRTHS,MMEIG estimates available at https://www.who.int/publications/i/item/9789240108462,True
SH_STA_MORT,DOM,Dominican Republic,2011,90.67073,86.17018,95.21678,FEMALE,_T,G,M,PER_100000_LIVE_BIRTHS,MMEIG estimates available at https://www.who.int/publications/i/item/9789240108462,True
SH_STA_MORT,DOM,Dominican Republic,2012,88.5217,84.0008,92.93804,FEMALE,_T,G,M,PER_100000_LIVE_BIRTHS,MMEIG estimates available at https://www.who.int/publications/i/item/9789240108462,True
SH_STA_MORT,DOM,Dominican Republic,2013,90.95711,86.06143,95.85538,FEMALE,_T,G,M,PER_100000_LIVE_BIRTHS,MMEIG estimates available at https://www.who.int/publications/i/item/9789240108462,True
SH_STA_MORT,DOM,Dominican Republic,2014,95.29755,89.74257,101.08371,FEMALE,_T,G,M,PER_100000_LIVE_BIRTHS,MMEIG estimates available at https://www.who.int/publications/i/item/9789240108462,True
SH_STA_MORT,DOM,Dominican Republic,2015,102.25961,96.60093,108.44449,FEMALE,_T,G,M,PER_100000_LIVE_BIRTHS,MMEIG estimates available at https://www.who.int/publications/i/item/9789240108462,True
SH_STA_MORT,DOM,Dominican Republic,2016,105.72369,99.23077,112.4989,FEMALE,_T,G,M,PER_100000_LIVE_BIRTHS,MMEIG estimates available at https://www.who.int/publications/i/item/9789240108462,True
SH_STA_MORT,DOM,Dominican Republic,2017,103.77688,96.96489,111.25918,FEMALE,_T,G,M,PER_100000_LIVE_BIRTHS,MMEIG estimates available at https://www.who.int/publications/i/item/9789240108462,True
SH_STA_MORT,DOM,Dominican Republic,2018,106.73394,96.15395,118.71255,FEMALE,_T,G,M,PER_100000_LIVE_BIRTHS,MMEIG estimates available at https://www.who.int/publications/i/item/9789240108462,True
SH_STA_MORT,DOM,Dominican Republic,2019,118.09314,102.01623,138.20129,FEMALE,_T,G,M,PER_100000_LIVE_BIRTHS,MMEIG estimates available at https://www.who.int/publications/i/item/9789240108462,True
SH_STA_MORT,DOM,Dominican Republic,2020,121.46605,97.69291,150.95724,FEMALE,_T,G,M,PER_100000_LIVE_BIRTHS,MMEIG estimates available at https://www.who.int/publications/i/item/9789240108462,True
SH_STA_MORT,DOM,Dominican Republic,2021,152.54161,112.02383,217.28225,FEMALE,_T,G,M,PER_100000_LIVE_BIRTHS,MMEIG estimates available at https://www.who.int/publications/i/item/9789240108462,True
SH_STA_MORT,DOM,Dominican Republic,2022,124.12434,88.82271,173.29502,FEMALE,_T,G,M,PER_100000_LIVE_BIRTHS,MMEIG estimates available at https://www.who.int/publications/i/item/9789240108462,True
SH_STA_MORT,DOM,Dominican Republic,2023,124.47325,86.3442,184.61429,FEMALE,_T,G,M,PER_100000_LIVE_BIRTHS,MMEIG estimates available at https://www.who.int/publications/i/item/9789240108462,True
SH_STA_MORT,ECU,Ecuador,2000,122.73784,110.1497,134.91322,FEMALE,_T,G,M,PER_100000_LIVE_BIRTHS,MMEIG estimates available at https://www.who.int/publications/i/item/9789240108462,True
SH_STA_MORT,ECU,Ecuador,2001,116.18089,104.25834,127.47571,FEMALE,_T,G,M,PER_100000_LIVE_BIRTHS,MMEIG estimates available at https://www.who.int/publications/i/item/9789240108462,True
SH_STA_MORT,ECU,Ecuador,2002,109.31655,98.17632,119.80797,FEMALE,_T,G,M,PER_100000_LIVE_BIRTHS,MMEIG estimates available at https://www.who.int/publications/i/item/9789240108462,True
SH_STA_MORT,ECU,Ecuador,2003,101.78602,91.55226,111.27498,FEMALE,_T,G,M,PER_100000_LIVE_BIRTHS,MMEIG estimates available at https://www.who.int/publications/i/item/9789240108462,True
SH_STA_MORT,ECU,Ecuador,2004,96.85289,87.24606,105.45544,FEMALE,_T,G,M,PER_100000_LIVE_BIRTHS,MMEIG estimates available at https://www.who.int/publications/i/item/9789240108462,True
SH_STA_MORT,ECU,Ecuador,2005,93.50637,84.59867,101.69073,FEMALE,_T,G,M,PER_100000_LIVE_BIRTHS,MMEIG estimates available at https://www.who.int/publications/i/item/9789240108462,True
SH_STA_MORT,ECU,Ecuador,2006,90.02558,81.89679,97.71251,FEMALE,_T,G,M,PER_100000_LIVE_BIRTHS,MMEIG estimates available at https://www.who.int/publications/i/item/9789240108462,True
SH_STA_MORT,ECU,Ecuador,2007,85.85287,78.26309,93.12421,FEMALE,_T,G,M,PER_100000_LIVE_BIRTHS,MMEIG estimates available at https://www.who.int/publications/i/item/9789240108462,True
SH_STA_MORT,ECU,Ecuador,2008,83.24401,75.92773,90.21071,FEMALE,_T,G,M,PER_100000_LIVE_BIRTHS,MMEIG estimates available at https://www.who.int/publications/i/item/9789240108462,True
SH_STA_MORT,ECU,Ecuador,2009,81.52688,74.55946,88.53844,FEMALE,_T,G,M,PER_100000_LIVE_BIRTHS,MMEIG estimates available at https://www.who.int/publications/i/item/9789240108462,True
SH_STA_MORT,ECU,Ecuador,2010,79.70975,73.09387,86.69581,FEMALE,_T,G,M,PER_100000_LIVE_BIRTHS,MMEIG estimates available at https://www.who.int/publications/i/item/9789240108462,True
SH_STA_MORT,ECU,Ecuador,2011,76.62996,70.21649,83.28563,FEMALE,_T,G,M,PER_100000_LIVE_BIRTHS,MMEIG estimates available at https://www.who.int/publications/i/item/9789240108462,True
SH_STA_MORT,ECU,Ecuador,2012,72.43839,66.49484,78.82393,FEMALE,_T,G,M,PER_100000_LIVE_BIRTHS,MMEIG estimates available at https://www.who.int/publications/i/item/9789240108462,True
SH_STA_MORT,ECU,Ecuador,2013,68.12781,62.48424,74.14302,FEMALE,_T,G,M,PER_100000_LIVE_BIRTHS,MMEIG estimates available at https://www.who.int/publications/i/item/9789240108462,True
SH_STA_MORT,ECU,Ecuador,2014,64.88269,59.35825,70.71482,FEMALE,_T,G,M,PER_100000_LIVE_BIRTHS,MMEIG estimates available at https://www.who.int/publications/i/item/9789240108462,True
SH_STA_MORT,ECU,Ecuador,2015,64.22836,58.61742,70.19063,FEMALE,_T,G,M,PER_100000_LIVE_BIRTHS,MMEIG estimates available at https://www.who.int/publications/i/item/9789240108462,True
SH_STA_MORT,ECU,Ecuador,2016,64.70521,58.96552,71.18462,FEMALE,_T,G,M,PER_100000_LIVE_BIRTHS,MMEIG estimates available at https://www.who.int/publications/i/item/9789240108462,True
SH_STA_MORT,ECU,Ecuador,2017,61.50861,55.95506,68.41705,FEMALE,_T,G,M,PER_100000_LIVE_BIRTHS,MMEIG estimates available at https://www.who.int/publications/i/item/9789240108462,True
SH_STA_MORT,ECU,Ecuador,2018,60.93285,55.09917,68.66817,FEMALE,_T,G,M,PER_100000_LIVE_BIRTHS,MMEIG estimates available at https://www.who.int/publications/i/item/9789240108462,True
SH_STA_MORT,ECU,Ecuador,2019,61.52598,55.02939,69.98451,FEMALE,_T,G,M,PER_100000_LIVE_BIRTHS,MMEIG estimates available at https://www.who.int/publications/i/item/9789240108462,True
SH_STA_MORT,ECU,Ecuador,2020,91.49858,68.61171,128.84325,FEMALE,_T,G,M,PER_100000_LIVE_BIRTHS,MMEIG estimates available at https://www.who.int/publications/i/item/9789240108462,True
SH_STA_MORT,ECU,Ecuador,2021,93.3707,69.64093,130.94573,FEMALE,_T,G,M,PER_100000_LIVE_BIRTHS,MMEIG estimates available at https://www.who.int/publications/i/item/9789240108462,True
SH_STA_MORT,ECU,Ecuador,2022,68.72916,58.1227,85.02064,FEMALE,_T,G,M,PER_100000_LIVE_BIRTHS,MMEIG estimates available at https://www.who.int/publications/i/item/9789240108462,True
SH_STA_MORT,ECU,Ecuador,2023,55.37107,48.04748,66.35365,FEMALE,_T,G,M,PER_100000_LIVE_BIRTHS,MMEIG estimates available at https://www.who.int/publications/i/item/9789240108462,True
SH_STA_MORT,SLV,El Salvador,2000,47.69612,40.3714,56.14385,FEMALE,_T,G,M,PER_100000_LIVE_BIRTHS,MMEIG estimates available at https://www.who.int/publications/i/item/9789240108462,True
SH_STA_MORT,SLV,El Salvador,2001,45.28337,38.6274,52.81533,FEMALE,_T,G,M,PER_100000_LIVE_BIRTHS,MMEIG estimates available at https://www.who.int/publications/i/item/9789240108462,True
SH_STA_MORT,SLV,El Salvador,2002,39.8673,34.23829,46.14754,FEMALE,_T,G,M,PER_100000_LIVE_BIRTHS,MMEIG estimates available at https://www.who.int/publications/i/item/9789240108462,True
SH_STA_MORT,SLV,El Salvador,2003,37.74841,32.76667,43.21454,FEMALE,_T,G,M,PER_100000_LIVE_BIRTHS,MMEIG estimates available at https://www.who.int/publications/i/item/9789240108462,True
SH_STA_MORT,SLV,El Salvador,2004,34.61605,30.52106,39.15696,FEMALE,_T,G,M,PER_100000_LIVE_BIRTHS,MMEIG estimates available at https://www.who.int/publications/i/item/9789240108462,True
SH_STA_MORT,SLV,El Salvador,2005,33.77924,30.1075,37.81202,FEMALE,_T,G,M,PER_100000_LIVE_BIRTHS,MMEIG estimates available at https://www.who.int/publications/i/item/9789240108462,True
SH_STA_MORT,SLV,El Salvador,2006,33.13052,29.39976,36.93412,FEMALE,_T,G,M,PER_100000_LIVE_BIRTHS,MMEIG estimates available at https://www.who.int/publications/i/item/9789240108462,True
SH_STA_MORT,SLV,El Salvador,2007,33.18813,29.35775,37.49397,FEMALE,_T,G,M,PER_100000_LIVE_BIRTHS,MMEIG estimates available at https://www.who.int/publications/i/item/9789240108462,True
SH_STA_MORT,SLV,El Salvador,2008,33.20441,29.0659,37.8559,FEMALE,_T,G,M,PER_100000_LIVE_BIRTHS,MMEIG estimates available at https://www.who.int/publications/i/item/9789240108462,True
SH_STA_MORT,SLV,El Salvador,2009,34.55275,29.80113,39.8819,FEMALE,_T,G,M,PER_100000_LIVE_BIRTHS,MMEIG estimates available at https://www.who.int/publications/i/item/9789240108462,True
SH_STA_MORT,SLV,El Salvador,2010,34.32537,29.45672,39.97368,FEMALE,_T,G,M,PER_100000_LIVE_BIRTHS,MMEIG estimates available at https://www.who.int/publications/i/item/9789240108462,True
SH_STA_MORT,SLV,El Salvador,2011,35.43197,30.19062,41.4636,FEMALE,_T,G,M,PER_100000_LIVE_BIRTHS,MMEIG estimates available at https://www.who.int/publications/i/item/9789240108462,True
SH_STA_MORT,SLV,El Salvador,2012,36.24238,30.73287,42.68797,FEMALE,_T,G,M,PER_100000_LIVE_BIRTHS,MMEIG estimates available at https://www.who.int/publications/i/item/9789240108462,True
SH_STA_MORT,SLV,El Salvador,2013,38.73457,32.83788,46.08785,FEMALE,_T,G,M,PER_100000_LIVE_BIRTHS,MMEIG estimates available at https://www.who.int/publications/i/item/9789240108462,True
SH_STA_MORT,SLV,El Salvador,2014,40.74637,34.13296,48.8067,FEMALE,_T,G,M,PER_100000_LIVE_BIRTHS,MMEIG estimates available at https://www.who.int/publications/i/item/9789240108462,True
SH_STA_MORT,SLV,El Salvador,2015,42.94738,35.72265,52.16775,FEMALE,_T,G,M,PER_100000_LIVE_BIRTHS,MMEIG estimates available at https://www.who.int/publications/i/item/9789240108462,True
SH_STA_MORT,SLV,El Salvador,2016,43.40186,35.56993,54.04168,FEMALE,_T,G,M,PER_100000_LIVE_BIRTHS,MMEIG estimates available at https://www.who.int/publications/i/item/9789240108462,True
SH_STA_MORT,SLV,El Salvador,2017,43.87454,35.02362,55.69927,FEMALE,_T,G,M,PER_100000_LIVE_BIRTHS,MMEIG estimates available at https://www.who.int/publications/i/item/9789240108462,True
SH_STA_MORT,SLV,El Salvador,2018,42.82344,33.19659,56.20654,FEMALE,_T,G,M,PER_100000_LIVE_BIRTHS,MMEIG estimates available at https://www.who.int/publications/i/item/9789240108462,True
SH_STA_MORT,SLV,El Salvador,2019,40.28957,30.26017,54.65506,FEMALE,_T,G,M,PER_100000_LIVE_BIRTHS,MMEIG estimates available at https://www.who.int/publications/i/item/9789240108462,True
SH_STA_MORT,SLV,El Salvador,2020,48.01989,33.64188,70.70976,FEMALE,_T,G,M,PER_100000_LIVE_BIRTHS,MMEIG estimates available at https://www.who.int/publications/i/item/9789240108462,True
SH_STA_MORT,SLV,El Salvador,2021,58.47763,37.13156,95.55081,FEMALE,_T,G,M,PER_100000_LIVE_BIRTHS,MMEIG estimates available at https://www.who.int/publications/i/item/9789240108462,True
SH_STA_MORT,SLV,El Salvador,2022,38.76226,26.17377,59.63463,FEMALE,_T,G,M,PER_100000_LIVE_BIRTHS,MMEIG estimates available at https://www.who.int/publications/i/item/9789240108462,True
SH_STA_MORT,SLV,El Salvador,2023,39.10834,24.80599,62.72833,FEMALE,_T,G,M,PER_100000_LIVE_BIRTHS,MMEIG estimates available at https://www.who.int/publications/i/item/9789240108462,True
SH_STA_MORT,GTM,Guatemala,2000,165.81012,159.31097,172.74865,FEMALE,_T,G,M,PER_100000_LIVE_BIRTHS,MMEIG estimates available at https://www.who.int/publications/i/item/9789240108462,True
SH_STA_MORT,GTM,Guatemala,2001,162.13815,154.64222,169.55576,FEMALE,_T,G,M,PER_100000_LIVE_BIRTHS,MMEIG estimates available at https://www.who.int/publications/i/item/9789240108462,True
SH_STA_MORT,GTM,Guatemala,2002,153.38861,144.91391,161.05917,FEMALE,_T,G,M,PER_100000_LIVE_BIRTHS,MMEIG estimates available at https://www.who.int/publications/i/item/9789240108462,True
SH_STA_MORT,GTM,Guatemala,2003,149.60913,141.09187,157.70077,FEMALE,_T,G,M,PER_100000_LIVE_BIRTHS,MMEIG estimates available at https://www.who.int/publications/i/item/9789240108462,True
SH_STA_MORT,GTM,Guatemala,2004,148.04706,139.30188,156.26262,FEMALE,_T,G,M,PER_100000_LIVE_BIRTHS,MMEIG estimates available at https://www.who.int/publications/i/item/9789240108462,True
SH_STA_MORT,GTM,Guatemala,2005,152.85182,144.85964,160.87385,FEMALE,_T,G,M,PER_100000_LIVE_BIRTHS,MMEIG estimates available at https://www.who.int/publications/i/item/9789240108462,True
SH_STA_MORT,GTM,Guatemala,2006,141.7435,135.11131,148.28338,FEMALE,_T,G,M,PER_100000_LIVE_BIRTHS,MMEIG estimates available at https://www.who.int/publications/i/item/9789240108462,True
SH_STA_MORT,GTM,Guatemala,2007,135.01586,129.22965,140.39183,FEMALE,_T,G,M,PER_100000_LIVE_BIRTHS,MMEIG estimates available at https://www.who.int/publications/i/item/9789240108462,True
SH_STA_MORT,GTM,Guatemala,2008,133.38754,127.62968,139.04952,FEMALE,_T,G,M,PER_100000_LIVE_BIRTHS,MMEIG estimates available at https://www.who.int/publications/i/item/9789240108462,True
SH_STA_MORT,GTM,Guatemala,2009,130.47305,124.63359,136.67103,FEMALE,_T,G,M,PER_100000_LIVE_BIRTHS,MMEIG estimates available at https://www.who.int/publications/i/item/9789240108462,True
SH_STA_MORT,GTM,Guatemala,2010,126.99096,121.25213,133.50327,FEMALE,_T,G,M,PER_100000_LIVE_BIRTHS,MMEIG estimates available at https://www.who.int/publications/i/item/9789240108462,True
SH_STA_MORT,GTM,Guatemala,2011,120.02704,114.81149,125.5797,FEMALE,_T,G,M,PER_100000_LIVE_BIRTHS,MMEIG estimates available at https://www.who.int/publications/i/item/9789240108462,True
SH_STA_MORT,GTM,Guatemala,2012,114.71297,110.45124,119.29476,FEMALE,_T,G,M,PER_100000_LIVE_BIRTHS,MMEIG estimates available at https://www.who.int/publications/i/item/9789240108462,True
SH_STA_MORT,GTM,Guatemala,2013,111.22997,107.56797,114.95885,FEMALE,_T,G,M,PER_100000_LIVE_BIRTHS,MMEIG estimates available at https://www.who.int/publications/i/item/9789240108462,True
SH_STA_MORT,GTM,Guatemala,2014,110.58089,107.1178,113.96866,FEMALE,_T,G,M,PER_100000_LIVE_BIRTHS,MMEIG estimates available at https://www.who.int/publications/i/item/9789240108462,True
SH_STA_MORT,GTM,Guatemala,2015,111.9959,108.71493,115.49934,FEMALE,_T,G,M,PER_100000_LIVE_BIRTHS,MMEIG estimates available at https://www.who.int/publications/i/item/9789240108462,True
SH_STA_MORT,GTM,Guatemala,2016,110.10903,106.87727,113.94522,FEMALE,_T,G,M,PER_100000_LIVE_BIRTHS,MMEIG estimates available at https://www.who.int/publications/i/item/9789240108462,True
SH_STA_MORT,GTM,Guatemala,2017,106.93783,103.48226,111.10469,FEMALE,_T,G,M,PER_100000_LIVE_BIRTHS,MMEIG estimates available at https://www.who.int/publications/i/item/9789240108462,True
SH_STA_MORT,GTM,Guatemala,2018,107.1139,103.26724,111.45144,FEMALE,_T,G,M,PER_100000_LIVE_BIRTHS,MMEIG estimates available at https://www.who.int/publications/i/item/9789240108462,True
SH_STA_MORT,GTM,Guatemala,2019,106.15478,101.57085,110.81691,FEMALE,_T,G,M,PER_100000_LIVE_BIRTHS,MMEIG estimates available at https://www.who.int/publications/i/item/9789240108462,True
SH_STA_MORT,GTM,Guatemala,2020,102.4683,97.89427,107.21187,FEMALE,_T,G,M,PER_100000_LIVE_BIRTHS,MMEIG estimates available at https://www.who.int/publications/i/item/9789240108462,True
SH_STA_MORT,GTM,Guatemala,2021,125.27008,118.29577,132.90714,FEMALE,_T,G,M,PER_100000_LIVE_BIRTHS,MMEIG estimates available at https://www.who.int/publications/i/item/9789240108462,True
SH_STA_MORT,GTM,Guatemala,2022,96.5693,91.05346,102.49941,FEMALE,_T,G,M,PER_100000_LIVE_BIRTHS,MMEIG estimates available at https://www.who.int/publications/i/item/9789240108462,True
SH_STA_MORT,GTM,Guatemala,2023,93.71639,82.37753,106.42218,FEMALE,_T,G,M,PER_100000_LIVE_BIRTHS,MMEIG estimates available at https://www.who.int/publications/i/item/9789240108462,True
SH_STA_MORT,HND,Honduras,2000,81.65869,73.04199,88.90294,FEMALE,_T,G,M,PER_100000_LIVE_BIRTHS,MMEIG estimates available at https://www.who.int/publications/i/item/9789240108462,True
SH_STA_MORT,HND,Honduras,2001,77.71595,69.18245,85.05027,FEMALE,_T,G,M,PER_100000_LIVE_BIRTHS,MMEIG estimates available at https://www.who.int/publications/i/item/9789240108462,True
SH_STA_MORT,HND,Honduras,2002,75.36672,66.67774,82.61678,FEMALE,_T,G,M,PER_100000_LIVE_BIRTHS,MMEIG estimates available at https://www.who.int/publications/i/item/9789240108462,True
SH_STA_MORT,HND,Honduras,2003,75.22647,66.03026,82.665,FEMALE,_T,G,M,PER_100000_LIVE_BIRTHS,MMEIG estimates available at https://www.who.int/publications/i/item/9789240108462,True
SH_STA_MORT,HND,Honduras,2004,74.29204,64.91244,81.85878,FEMALE,_T,G,M,PER_100000_LIVE_BIRTHS,MMEIG estimates available at https://www.who.int/publications/i/item/9789240108462,True
SH_STA_MORT,HND,Honduras,2005,73.476,64.35211,80.67708,FEMALE,_T,G,M,PER_100000_LIVE_BIRTHS,MMEIG estimates available at https://www.who.int/publications/i/item/9789240108462,True
SH_STA_MORT,HND,Honduras,2006,72.25393,63.68155,79.00711,FEMALE,_T,G,M,PER_100000_LIVE_BIRTHS,MMEIG estimates available at https://www.who.int/publications/i/item/9789240108462,True
SH_STA_MORT,HND,Honduras,2007,72.10544,64.40541,78.44514,FEMALE,_T,G,M,PER_100000_LIVE_BIRTHS,MMEIG estimates available at https://www.who.int/publications/i/item/9789240108462,True
SH_STA_MORT,HND,Honduras,2008,71.75468,65.00744,77.58895,FEMALE,_T,G,M,PER_100000_LIVE_BIRTHS,MMEIG estimates available at https://www.who.int/publications/i/item/9789240108462,True
SH_STA_MORT,HND,Honduras,2009,70.89231,65.11321,76.1307,FEMALE,_T,G,M,PER_100000_LIVE_BIRTHS,MMEIG estimates available at https://www.who.int/publications/i/item/9789240108462,True
SH_STA_MORT,HND,Honduras,2010,71.62103,66.84449,76.28055,FEMALE,_T,G,M,PER_100000_LIVE_BIRTHS,MMEIG estimates available at https://www.who.int/publications/i/item/9789240108462,True
SH_STA_MORT,HND,Honduras,2011,67.53817,63.3648,71.60161,FEMALE,_T,G,M,PER_100000_LIVE_BIRTHS,MMEIG estimates available at https://www.who.int/publications/i/item/9789240108462,True
SH_STA_MORT,HND,Honduras,2012,64.36368,60.54345,68.24724,FEMALE,_T,G,M,PER_100000_LIVE_BIRTHS,MMEIG estimates available at https://www.who.int/publications/i/item/9789240108462,True
SH_STA_MORT,HND,Honduras,2013,61.85652,57.72435,66.31102,FEMALE,_T,G,M,PER_100000_LIVE_BIRTHS,MMEIG estimates available at https://www.who.int/publications/i/item/9789240108462,True
SH_STA_MORT,HND,Honduras,2014,59.71337,54.74785,65.05432,FEMALE,_T,G,M,PER_100000_LIVE_BIRTHS,MMEIG estimates available at https://www.who.int/publications/i/item/9789240108462,True
SH_STA_MORT,HND,Honduras,2015,57.10412,51.44797,63.72794,FEMALE,_T,G,M,PER_100000_LIVE_BIRTHS,MMEIG estimates available at https://www.who.int/publications/i/item/9789240108462,True
SH_STA_MORT,HND,Honduras,2016,54.65124,48.36294,62.66772,FEMALE,_T,G,M,PER_100000_LIVE_BIRTHS,MMEIG estimates available at https://www.who.int/publications/i/item/9789240108462,True
SH_STA_MORT,HND,Honduras,2017,52.96214,46.11926,61.99141,FEMALE,_T,G,M,PER_100000_LIVE_BIRTHS,MMEIG estimates available at https://www.who.int/publications/i/item/9789240108462,True
SH_STA_MORT,HND,Honduras,2018,51.75144,44.38847,62.20694,FEMALE,_T,G,M,PER_100000_LIVE_BIRTHS,MMEIG estimates available at https://www.who.int/publications/i/item/9789240108462,True
SH_STA_MORT,HND,Honduras,2019,51.12075,43.15997,62.76247,FEMALE,_T,G,M,PER_100000_LIVE_BIRTHS,MMEIG estimates available at https://www.who.int/publications/i/item/9789240108462,True
SH_STA_MORT,HND,Honduras,2020,57.15552,46.81498,72.5075,FEMALE,_T,G,M,PER_100000_LIVE_BIRTHS,MMEIG estimates available at https://www.who.int/publications/i/item/9789240108462,True
SH_STA_MORT,HND,Honduras,2021,88.2459,59.0862,135.81354,FEMALE,_T,G,M,PER_100000_LIVE_BIRTHS,MMEIG estimates available at https://www.who.int/publications/i/item/9789240108462,True
SH_STA_MORT,HND,Honduras,2022,48.08667,38.85913,60.01315,FEMALE,_T,G,M,PER_100000_LIVE_BIRTHS,MMEIG estimates available at https://www.who.int/publications/i/item/9789240108462,True
SH_STA_MORT,HND,Honduras,2023,46.74992,36.93902,61.78438,FEMALE,_T,G,M,PER_100000_LIVE_BIRTHS,MMEIG estimates available at https://www.who.int/publications/i/item/9789240108462,True
SH_STA_MORT,MEX,Mexico,2000,56.39246,51.46796,63.06826,FEMALE,_T,G,M,PER_100000_LIVE_BIRTHS,MMEIG estimates available at https://www.who.int/publications/i/item/9789240108462,True
SH_STA_MORT,MEX,Mexico,2001,55.3538,50.38788,62.42199,FEMALE,_T,G,M,PER_100000_LIVE_BIRTHS,MMEIG estimates available at https://www.who.int/publications/i/item/9789240108462,True
SH_STA_MORT,MEX,Mexico,2002,54.96576,49.77251,62.27157,FEMALE,_T,G,M,PER_100000_LIVE_BIRTHS,MMEIG estimates available at https://www.who.int/publications/i/item/9789240108462,True
SH_STA_MORT,MEX,Mexico,2003,54.03961,48.90466,61.29702,FEMALE,_T,G,M,PER_100000_LIVE_BIRTHS,MMEIG estimates available at https://www.who.int/publications/i/item/9789240108462,True
SH_STA_MORT,MEX,Mexico,2004,53.06311,48.11918,60.41682,FEMALE,_T,G,M,PER_100000_LIVE_BIRTHS,MMEIG estimates available at https://www.who.int/publications/i/item/9789240108462,True
SH_STA_MORT,MEX,Mexico,2005,51.64543,46.88903,58.83927,FEMALE,_T,G,M,PER_100000_LIVE_BIRTHS,MMEIG estimates available at https://www.who.int/publications/i/item/9789240108462,True
SH_STA_MORT,MEX,Mexico,2006,50.60049,46.00144,57.33436,FEMALE,_T,G,M,PER_100000_LIVE_BIRTHS,MMEIG estimates available at https://www.who.int/publications/i/item/9789240108462,True
SH_STA_MORT,MEX,Mexico,2007,49.59504,45.28861,56.12027,FEMALE,_T,G,M,PER_100000_LIVE_BIRTHS,MMEIG estimates available at https://www.who.int/publications/i/item/9789240108462,True
SH_STA_MORT,MEX,Mexico,2008,50.63943,46.44891,56.74546,FEMALE,_T,G,M,PER_100000_LIVE_BIRTHS,MMEIG estimates available at https://www.who.int/publications/i/item/9789240108462,True
SH_STA_MORT,MEX,Mexico,2009,50.60608,46.46984,56.18429,FEMALE,_T,G,M,PER_100000_LIVE_BIRTHS,MMEIG estimates available at https://www.who.int/publications/i/item/9789240108462,True
SH_STA_MORT,MEX,Mexico,2010,49.73802,45.62557,54.75842,FEMALE,_T,G,M,PER_100000_LIVE_BIRTHS,MMEIG estimates available at https://www.who.int/publications/i/item/9789240108462,True
SH_STA_MORT,MEX,Mexico,2011,47.28058,43.21692,51.7736,FEMALE,_T,G,M,PER_100000_LIVE_BIRTHS,MMEIG estimates available at https://www.who.int/publications/i/item/9789240108462,True
SH_STA_MORT,MEX,Mexico,2012,45.78834,41.56713,49.99503,FEMALE,_T,G,M,PER_100000_LIVE_BIRTHS,MMEIG estimates available at https://www.who.int/publications/i/item/9789240108462,True
SH_STA_MORT,MEX,Mexico,2013,44.95863,40.51719,49.10295,FEMALE,_T,G,M,PER_100000_LIVE_BIRTHS,MMEIG estimates available at https://www.who.int/publications/i/item/9789240108462,True
SH_STA_MORT,MEX,Mexico,2014,43.70399,39.05749,48.01748,FEMALE,_T,G,M,PER_100000_LIVE_BIRTHS,MMEIG estimates available at https://www.who.int/publications/i/item/9789240108462,True
SH_STA_MORT,MEX,Mexico,2015,43.15536,38.2421,47.78124,FEMALE,_T,G,M,PER_100000_LIVE_BIRTHS,MMEIG estimates available at https://www.who.int/publications/i/item/9789240108462,True
SH_STA_MORT,MEX,Mexico,2016,43.15522,37.88158,48.21546,FEMALE,_T,G,M,PER_100000_LIVE_BIRTHS,MMEIG estimates available at https://www.who.int/publications/i/item/9789240108462,True
SH_STA_MORT,MEX,Mexico,2017,43.93981,38.03354,49.46521,FEMALE,_T,G,M,PER_100000_LIVE_BIRTHS,MMEIG estimates available at https://www.who.int/publications/i/item/9789240108462,True
SH_STA_MORT,MEX,Mexico,2018,44.00298,37.19869,50.01565,FEMALE,_T,G,M,PER_100000_LIVE_BIRTHS,MMEIG estimates available at https://www.who.int/publications/i/item/9789240108462,True
SH_STA_MORT,MEX,Mexico,2019,43.33916,35.82728,49.80524,FEMALE,_T,G,M,PER_100000_LIVE_BIRTHS,MMEIG estimates available at https://www.who.int/publications/i/item/9789240108462,True
SH_STA_MORT,MEX,Mexico,2020,61.48252,47.3092,80.37318,FEMALE,_T,G,M,PER_100000_LIVE_BIRTHS,MMEIG estimates available at https://www.who.int/publications/i/item/9789240108462,True
SH_STA_MORT,MEX,Mexico,2021,103.87792,60.63423,175.69052,FEMALE,_T,G,M,PER_100000_LIVE_BIRTHS,MMEIG estimates available at https://www.who.int/publications/i/item/9789240108462,True
SH_STA_MORT,MEX,Mexico,2022,45.44723,34.30755,58.7997,FEMALE,_T,G,M,PER_100000_LIVE_BIRTHS,MMEIG estimates available at https://www.who.int/publications/i/item/9789240108462,True
SH_STA_MORT,MEX,Mexico,2023,42.10605,31.6833,49.94773,FEMALE,_T,G,M,PER_100000_LIVE_BIRTHS,MMEIG estimates available at https://www.who.int/publications/i/item/9789240108462,True
SH_STA_MORT,NIC,Nicaragua,2000,213.31067,167.79945,266.92218,FEMALE,_T,G,M,PER_100000_LIVE_BIRTHS,MMEIG estimates available at https://www.who.int/publications/i/item/9789240108462,True
SH_STA_MORT,NIC,Nicaragua,2001,194.1273,154.01623,242.37684,FEMALE,_T,G,M,PER_100000_LIVE_BIRTHS,MMEIG estimates available at https://www.who.int/publications/i/item/9789240108462,True
SH_STA_MORT,NIC,Nicaragua,2002,170.15452,136.0425,211.89715,FEMALE,_T,G,M,PER_100000_LIVE_BIRTHS,MMEIG estimates available at https://www.who.int/publications/i/item/9789240108462,True
SH_STA_MORT,NIC,Nicaragua,2003,153.99707,124.63968,191.51962,FEMALE,_T,G,M,PER_100000_LIVE_BIRTHS,MMEIG estimates available at https://www.who.int/publications/i/item/9789240108462,True
SH_STA_MORT,NIC,Nicaragua,2004,140.03818,113.86258,172.97275,FEMALE,_T,G,M,PER_100000_LIVE_BIRTHS,MMEIG estimates available at https://www.who.int/publications/i/item/9789240108462,True
SH_STA_MORT,NIC,Nicaragua,2005,124.30539,101.60798,153.16051,FEMALE,_T,G,M,PER_100000_LIVE_BIRTHS,MMEIG estimates available at https://www.who.int/publications/i/item/9789240108462,True
SH_STA_MORT,NIC,Nicaragua,2006,112.98628,93.07821,138.29126,FEMALE,_T,G,M,PER_100000_LIVE_BIRTHS,MMEIG estimates available at https://www.who.int/publications/i/item/9789240108462,True
SH_STA_MORT,NIC,Nicaragua,2007,106.08226,88.12702,129.83831,FEMALE,_T,G,M,PER_100000_LIVE_BIRTHS,MMEIG estimates available at https://www.who.int/publications/i/item/9789240108462,True
SH_STA_MORT,NIC,Nicaragua,2008,101.34116,84.56094,123.86565,FEMALE,_T,G,M,PER_100000_LIVE_BIRTHS,MMEIG estimates available at https://www.who.int/publications/i/item/9789240108462,True
SH_STA_MORT,NIC,Nicaragua,2009,99.45709,82.95646,121.0521,FEMALE,_T,G,M,PER_100000_LIVE_BIRTHS,MMEIG estimates available at https://www.who.int/publications/i/item/9789240108462,True
SH_STA_MORT,NIC,Nicaragua,2010,96.46102,80.61858,117.19599,FEMALE,_T,G,M,PER_100000_LIVE_BIRTHS,MMEIG estimates available at https://www.who.int/publications/i/item/9789240108462,True
SH_STA_MORT,NIC,Nicaragua,2011,92.50731,77.49005,111.81097,FEMALE,_T,G,M,PER_100000_LIVE_BIRTHS,MMEIG estimates available at https://www.who.int/publications/i/item/9789240108462,True
SH_STA_MORT,NIC,Nicaragua,2012,88.09861,73.78646,105.4964,FEMALE,_T,G,M,PER_100000_LIVE_BIRTHS,MMEIG estimates available at https://www.who.int/publications/i/item/9789240108462,True
SH_STA_MORT,NIC,Nicaragua,2013,85.76308,71.87079,102.90207,FEMALE,_T,G,M,PER_100000_LIVE_BIRTHS,MMEIG estimates available at https://www.who.int/publications/i/item/9789240108462,True
SH_STA_MORT,NIC,Nicaragua,2014,82.61405,68.94623,99.64743,FEMALE,_T,G,M,PER_100000_LIVE_BIRTHS,MMEIG estimates available at https://www.who.int/publications/i/item/9789240108462,True
SH_STA_MORT,NIC,Nicaragua,2015,80.67301,67.13443,97.50168,FEMALE,_T,G,M,PER_100000_LIVE_BIRTHS,MMEIG estimates available at https://www.who.int/publications/i/item/9789240108462,True
SH_STA_MORT,NIC,Nicaragua,2016,76.77425,63.33719,93.22555,FEMALE,_T,G,M,PER_100000_LIVE_BIRTHS,MMEIG estimates available at https://www.who.int/publications/i/item/9789240108462,True
SH_STA_MORT,NIC,Nicaragua,2017,72.42528,59.05445,88.2308,FEMALE,_T,G,M,PER_100000_LIVE_BIRTHS,MMEIG estimates available at https://www.who.int/publications/i/item/9789240108462,True
SH_STA_MORT,NIC,Nicaragua,2018,66.82026,53.66972,81.80568,FEMALE,_T,G,M,PER_100000_LIVE_BIRTHS,MMEIG estimates available at https://www.who.int/publications/i/item/9789240108462,True
SH_STA_MORT,NIC,Nicaragua,2019,69.49821,54.92465,85.56685,FEMALE,_T,G,M,PER_100000_LIVE_BIRTHS,MMEIG estimates available at https://www.who.int/publications/i/item/9789240108462,True
SH_STA_MORT,NIC,Nicaragua,2020,86.79423,63.33092,121.64689,FEMALE,_T,G,M,PER_100000_LIVE_BIRTHS,MMEIG estimates available at https://www.who.int/publications/i/item/9789240108462,True
SH_STA_MORT,NIC,Nicaragua,2021,123.59525,77.52638,211.09019,FEMALE,_T,G,M,PER_100000_LIVE_BIRTHS,MMEIG estimates available at https://www.who.int/publications/i/item/9789240108462,True
SH_STA_MORT,NIC,Nicaragua,2022,61.13118,44.7963,80.65806,FEMALE,_T,G,M,PER_100000_LIVE_BIRTHS,MMEIG estimates available at https://www.who.int/publications/i/item/9789240108462,True
SH_STA_MORT,NIC,Nicaragua,2023,60.3484,45.38104,76.81724,FEMALE,_T,G,M,PER_100000_LIVE_BIRTHS,MMEIG estimates available at https://www.who.int/publications/i/item/9789240108462,True
SH_STA_MORT,PAN,Panama,2000,64.08376,58.73723,69.12798,FEMALE,_T,G,M,PER_100000_LIVE_BIRTHS,MMEIG estimates available at https://www.who.int/publications/i/item/9789240108462,True
SH_STA_MORT,PAN,Panama,2001,61.56771,56.93621,66.04736,FEMALE,_T,G,M,PER_100000_LIVE_BIRTHS,MMEIG estimates available at https://www.who.int/publications/i/item/9789240108462,True
SH_STA_MORT,PAN,Panama,2002,59.406,55.08716,63.59668,FEMALE,_T,G,M,PER_100000_LIVE_BIRTHS,MMEIG estimates available at https://www.who.int/publications/i/item/9789240108462,True
SH_STA_MORT,PAN,Panama,2003,58.3954,54.03749,62.3762,FEMALE,_T,G,M,PER_100000_LIVE_BIRTHS,MMEIG estimates available at https://www.who.int/publications/i/item/9789240108462,True
SH_STA_MORT,PAN,Panama,2004,57.42359,53.23446,61.29018,FEMALE,_T,G,M,PER_100000_LIVE_BIRTHS,MMEIG estimates available at https://www.who.int/publications/i/item/9789240108462,True
SH_STA_MORT,PAN,Panama,2005,56.78298,52.88876,60.51098,FEMALE,_T,G,M,PER_100000_LIVE_BIRTHS,MMEIG estimates available at https://www.who.int/publications/i/item/9789240108462,True
SH_STA_MORT,PAN,Panama,2006,56.28085,52.68845,59.90053,FEMALE,_T,G,M,PER_100000_LIVE_BIRTHS,MMEIG estimates available at https://www.who.int/publications/i/item/9789240108462,True
SH_STA_MORT,PAN,Panama,2007,55.40564,51.98066,59.03187,FEMALE,_T,G,M,PER_100000_LIVE_BIRTHS,MMEIG estimates available at https://www.who.int/publications/i/item/9789240108462,True
SH_STA_MORT,PAN,Panama,2008,55.12235,51.78616,58.85193,FEMALE,_T,G,M,PER_100000_LIVE_BIRTHS,MMEIG estimates available at https://www.who.int/publications/i/item/9789240108462,True
SH_STA_MORT,PAN,Panama,2009,55.30424,51.989,59.31204,FEMALE,_T,G,M,PER_100000_LIVE_BIRTHS,MMEIG estimates available at https://www.who.int/publications/i/item/9789240108462,True
SH_STA_MORT,PAN,Panama,2010,55.56431,52.0418,59.92149,FEMALE,_T,G,M,PER_100000_LIVE_BIRTHS,MMEIG estimates available at https://www.who.int/publications/i/item/9789240108462,True
SH_STA_MORT,PAN,Panama,2011,54.77635,51.03542,59.62678,FEMALE,_T,G,M,PER_100000_LIVE_BIRTHS,MMEIG estimates available at https://www.who.int/publications/i/item/9789240108462,True
SH_STA_MORT,PAN,Panama,2012,53.48818,49.7345,58.45465,FEMALE,_T,G,M,PER_100000_LIVE_BIRTHS,MMEIG estimates available at https://www.who.int/publications/i/item/9789240108462,True
SH_STA_MORT,PAN,Panama,2013,51.84922,48.27842,56.57096,FEMALE,_T,G,M,PER_100000_LIVE_BIRTHS,MMEIG estimates available at https://www.who.int/publications/i/item/9789240108462,True
SH_STA_MORT,PAN,Panama,2014,49.01167,45.63207,53.13812,FEMALE,_T,G,M,PER_100000_LIVE_BIRTHS,MMEIG estimates available at https://www.who.int/publications/i/item/9789240108462,True
SH_STA_MORT,PAN,Panama,2015,48.08212,44.90599,51.99191,FEMALE,_T,G,M,PER_100000_LIVE_BIRTHS,MMEIG estimates available at https://www.who.int/publications/i/item/9789240108462,True
SH_STA_MORT,PAN,Panama,2016,46.56604,43.402,50.25909,FEMALE,_T,G,M,PER_100000_LIVE_BIRTHS,MMEIG estimates available at https://www.who.int/publications/i/item/9789240108462,True
SH_STA_MORT,PAN,Panama,2017,46.60967,43.00692,50.4319,FEMALE,_T,G,M,PER_100000_LIVE_BIRTHS,MMEIG estimates available at https://www.who.int/publications/i/item/9789240108462,True
SH_STA_MORT,PAN,Panama,2018,43.42175,39.53818,47.42404,FEMALE,_T,G,M,PER_100000_LIVE_BIRTHS,MMEIG estimates available at https://www.who.int/publications/i/item/9789240108462,True
SH_STA_MORT,PAN,Panama,2019,40.72978,36.33105,44.73849,FEMALE,_T,G,M,PER_100000_LIVE_BIRTHS,MMEIG estimates available at https://www.who.int/publications/i/item/9789240108462,True
SH_STA_MORT,PAN,Panama,2020,74.18438,63.4982,86.02596,FEMALE,_T,G,M,PER_100000_LIVE_BIRTHS,MMEIG estimates available at https://www.who.int/publications/i/item/9789240108462,True
SH_STA_MORT,PAN,Panama,2021,59.22772,46.17611,79.32585,FEMALE,_T,G,M,PER_100000_LIVE_BIRTHS,MMEIG estimates available at https://www.who.int/publications/i/item/9789240108462,True
SH_STA_MORT,PAN,Panama,2022,40.19728,35.71555,46.0562,FEMALE,_T,G,M,PER_100000_LIVE_BIRTHS,MMEIG estimates available at https://www.who.int/publications/i/item/9789240108462,True
SH_STA_MORT,PAN,Panama,2023,37.00633,30.24171,43.04064,FEMALE,_T,G,M,PER_100000_LIVE_BIRTHS,MMEIG estimates available at https://www.who.int/publications/i/item/9789240108462,True
SH_STA_MORT,PRY,Paraguay,2000,206.76168,160.31192,269.7759,FEMALE,_T,G,M,PER_100000_LIVE_BIRTHS,MMEIG estimates available at https://www.who.int/publications/i/item/9789240108462,True
SH_STA_MORT,PRY,Paraguay,2001,206.85486,165.63981,263.79167,FEMALE,_T,G,M,PER_100000_LIVE_BIRTHS,MMEIG estimates available at https://www.who.int/publications/i/item/9789240108462,True
SH_STA_MORT,PRY,Paraguay,2002,205.51113,168.66421,256.6135,FEMALE,_T,G,M,PER_100000_LIVE_BIRTHS,MMEIG estimates available at https://www.who.int/publications/i/item/9789240108462,True
SH_STA_MORT,PRY,Paraguay,2003,202.99771,169.48815,246.1891,FEMALE,_T,G,M,PER_100000_LIVE_BIRTHS,MMEIG estimates available at https://www.who.int/publications/i/item/9789240108462,True
SH_STA_MORT,PRY,Paraguay,2004,198.88059,169.21427,237.52981,FEMALE,_T,G,M,PER_100000_LIVE_BIRTHS,MMEIG estimates available at https://www.who.int/publications/i/item/9789240108462,True
SH_STA_MORT,PRY,Paraguay,2005,194.03042,166.89352,228.52887,FEMALE,_T,G,M,PER_100000_LIVE_BIRTHS,MMEIG estimates available at https://www.who.int/publications/i/item/9789240108462,True
SH_STA_MORT,PRY,Paraguay,2006,186.48486,161.79801,218.18694,FEMALE,_T,G,M,PER_100000_LIVE_BIRTHS,MMEIG estimates available at https://www.who.int/publications/i/item/9789240108462,True
SH_STA_MORT,PRY,Paraguay,2007,176.89627,154.8767,205.13831,FEMALE,_T,G,M,PER_100000_LIVE_BIRTHS,MMEIG estimates available at https://www.who.int/publications/i/item/9789240108462,True
SH_STA_MORT,PRY,Paraguay,2008,165.82151,145.08328,190.00685,FEMALE,_T,G,M,PER_100000_LIVE_BIRTHS,MMEIG estimates available at https://www.who.int/publications/i/item/9789240108462,True
SH_STA_MORT,PRY,Paraguay,2009,152.07337,133.49955,173.33415,FEMALE,_T,G,M,PER_100000_LIVE_BIRTHS,MMEIG estimates available at https://www.who.int/publications/i/item/9789240108462,True
SH_STA_MORT,PRY,Paraguay,2010,135.98734,120.23873,154.62787,FEMALE,_T,G,M,PER_100000_LIVE_BIRTHS,MMEIG estimates available at https://www.who.int/publications/i/item/9789240108462,True
SH_STA_MORT,PRY,Paraguay,2011,120.28351,107.51041,135.82145,FEMALE,_T,G,M,PER_100000_LIVE_BIRTHS,MMEIG estimates available at https://www.who.int/publications/i/item/9789240108462,True
SH_STA_MORT,PRY,Paraguay,2012,99.71234,89.64125,111.34786,FEMALE,_T,G,M,PER_100000_LIVE_BIRTHS,MMEIG estimates available at https://www.who.int/publications/i/item/9789240108462,True
SH_STA_MORT,PRY,Paraguay,2013,83.61236,75.93009,92.02453,FEMALE,_T,G,M,PER_100000_LIVE_BIRTHS,MMEIG estimates available at https://www.who.int/publications/i/item/9789240108462,True
SH_STA_MORT,PRY,Paraguay,2014,70.40385,64.77166,76.59138,FEMALE,_T,G,M,PER_100000_LIVE_BIRTHS,MMEIG estimates available at https://www.who.int/publications/i/item/9789240108462,True
SH_STA_MORT,PRY,Paraguay,2015,63.68524,59.07008,68.49112,FEMALE,_T,G,M,PER_100000_LIVE_BIRTHS,MMEIG estimates available at https://www.who.int/publications/i/item/9789240108462,True
SH_STA_MORT,PRY,Paraguay,2016,59.62665,55.28623,64.31548,FEMALE,_T,G,M,PER_100000_LIVE_BIRTHS,MMEIG estimates available at https://www.who.int/publications/i/item/9789240108462,True
SH_STA_MORT,PRY,Paraguay,2017,58.41089,53.59784,64.01024,FEMALE,_T,G,M,PER_100000_LIVE_BIRTHS,MMEIG estimates available at https://www.who.int/publications/i/item/9789240108462,True
SH_STA_MORT,PRY,Paraguay,2018,57.68947,51.78711,64.77316,FEMALE,_T,G,M,PER_100000_LIVE_BIRTHS,MMEIG estimates available at https://www.who.int/publications/i/item/9789240108462,True
SH_STA_MORT,PRY,Paraguay,2019,57.57454,50.14708,67.15978,FEMALE,_T,G,M,PER_100000_LIVE_BIRTHS,MMEIG estimates available at https://www.who.int/publications/i/item/9789240108462,True
SH_STA_MORT,PRY,Paraguay,2020,68.64985,55.62621,87.03287,FEMALE,_T,G,M,PER_100000_LIVE_BIRTHS,MMEIG estimates available at https://www.who.int/publications/i/item/9789240108462,True
SH_STA_MORT,PRY,Paraguay,2021,139.9224,83.82078,247.60494,FEMALE,_T,G,M,PER_100000_LIVE_BIRTHS,MMEIG estimates available at https://www.who.int/publications/i/item/9789240108462,True
SH_STA_MORT,PRY,Paraguay,2022,77.71228,56.27793,111.93627,FEMALE,_T,G,M,PER_100000_LIVE_BIRTHS,MMEIG estimates available at https://www.who.int/publications/i/item/9789240108462,True
SH_STA_MORT,PRY,Paraguay,2023,58.27149,42.13911,81.27836,FEMALE,_T,G,M,PER_100000_LIVE_BIRTHS,MMEIG estimates available at https://www.who.int/publications/i/item/9789240108462,True
SH_STA_MORT,PER,Peru,2000,115.33938,103.68304,130.49717,FEMALE,_T,G,M,PER_100000_LIVE_BIRTHS,MMEIG estimates available at https://www.who.int/publications/i/item/9789240108462,True
SH_STA_MORT,PER,Peru,2001,109.38935,101.12795,118.17272,FEMALE,_T,G,M,PER_100000_LIVE_BIRTHS,MMEIG estimates available at https://www.who.int/publications/i/item/9789240108462,True
SH_STA_MORT,PER,Peru,2002,105.71584,101.07198,110.36416,FEMALE,_T,G,M,PER_100000_LIVE_BIRTHS,MMEIG estimates available at https://www.who.int/publications/i/item/9789240108462,True
SH_STA_MORT,PER,Peru,2003,104.18467,101.15545,107.49735,FEMALE,_T,G,M,PER_100000_LIVE_BIRTHS,MMEIG estimates available at https://www.who.int/publications/i/item/9789240108462,True
SH_STA_MORT,PER,Peru,2004,106.66304,103.53132,110.05499,FEMALE,_T,G,M,PER_100000_LIVE_BIRTHS,MMEIG estimates available at https://www.who.int/publications/i/item/9789240108462,True
SH_STA_MORT,PER,Peru,2005,103.02851,100.02808,106.41214,FEMALE,_T,G,M,PER_100000_LIVE_BIRTHS,MMEIG estimates available at https://www.who.int/publications/i/item/9789240108462,True
SH_STA_MORT,PER,Peru,2006,98.84666,95.65756,101.61788,FEMALE,_T,G,M,PER_100000_LIVE_BIRTHS,MMEIG estimates available at https://www.who.int/publications/i/item/9789240108462,True
SH_STA_MORT,PER,Peru,2007,94.22268,91.13541,97.11407,FEMALE,_T,G,M,PER_100000_LIVE_BIRTHS,MMEIG estimates available at https://www.who.int/publications/i/item/9789240108462,True
SH_STA_MORT,PER,Peru,2008,90.72159,87.82224,93.6337,FEMALE,_T,G,M,PER_100000_LIVE_BIRTHS,MMEIG estimates available at https://www.who.int/publications/i/item/9789240108462,True
SH_STA_MORT,PER,Peru,2009,89.31913,86.55444,92.32853,FEMALE,_T,G,M,PER_100000_LIVE_BIRTHS,MMEIG estimates available at https://www.who.int/publications/i/item/9789240108462,True
SH_STA_MORT,PER,Peru,2010,85.92868,83.03815,88.68962,FEMALE,_T,G,M,PER_100000_LIVE_BIRTHS,MMEIG estimates available at https://www.who.int/publications/i/item/9789240108462,True
SH_STA_MORT,PER,Peru,2011,83.21231,80.34413,85.77998,FEMALE,_T,G,M,PER_100000_LIVE_BIRTHS,MMEIG estimates available at https://www.who.int/publications/i/item/9789240108462,True
SH_STA_MORT,PER,Peru,2012,78.76699,76.00243,81.29355,FEMALE,_T,G,M,PER_100000_LIVE_BIRTHS,MMEIG estimates available at https://www.who.int/publications/i/item/9789240108462,True
SH_STA_MORT,PER,Peru,2013,75.02815,72.47934,77.6313,FEMALE,_T,G,M,PER_100000_LIVE_BIRTHS,MMEIG estimates available at https://www.who.int/publications/i/item/9789240108462,True
SH_STA_MORT,PER,Peru,2014,72.96355,70.06613,76.03839,FEMALE,_T,G,M,PER_100000_LIVE_BIRTHS,MMEIG estimates available at https://www.who.int/publications/i/item/9789240108462,True
SH_STA_MORT,PER,Peru,2015,71.46575,68.27513,74.51292,FEMALE,_T,G,M,PER_100000_LIVE_BIRTHS,MMEIG estimates available at https://www.who.int/publications/i/item/9789240108462,True
SH_STA_MORT,PER,Peru,2016,68.76235,66.09599,71.61048,FEMALE,_T,G,M,PER_100000_LIVE_BIRTHS,MMEIG estimates available at https://www.who.int/publications/i/item/9789240108462,True
SH_STA_MORT,PER,Peru,2017,66.663,64.26056,69.29672,FEMALE,_T,G,M,PER_100000_LIVE_BIRTHS,MMEIG estimates available at https://www.who.int/publications/i/item/9789240108462,True
SH_STA_MORT,PER,Peru,2018,66.17149,63.53547,69.00509,FEMALE,_T,G,M,PER_100000_LIVE_BIRTHS,MMEIG estimates available at https://www.who.int/publications/i/item/9789240108462,True
SH_STA_MORT,PER,Peru,2019,60.19835,56.71776,63.75646,FEMALE,_T,G,M,PER_100000_LIVE_BIRTHS,MMEIG estimates available at https://www.who.int/publications/i/item/9789240108462,True
SH_STA_MORT,PER,Peru,2020,75.04343,70.87173,81.3764,FEMALE,_T,G,M,PER_100000_LIVE_BIRTHS,MMEIG estimates available at https://www.who.int/publications/i/item/9789240108462,True
SH_STA_MORT,PER,Peru,2021,141.45583,109.30629,183.67968,FEMALE,_T,G,M,PER_100000_LIVE_BIRTHS,MMEIG estimates available at https://www.who.int/publications/i/item/9789240108462,True
SH_STA_MORT,PER,Peru,2022,80.57387,60.62819,95.4408,FEMALE,_T,G,M,PER_100000_LIVE_BIRTHS,MMEIG estimates available at https://www.who.int/publications/i/item/9789240108462,True
SH_STA_MORT,PER,Peru,2023,51.44545,39.74611,62.00271,FEMALE,_T,G,M,PER_100000_LIVE_BIRTHS,MMEIG estimates available at https://www.who.int/publications/i/item/9789240108462,True
SH_STA_MORT,URY,Uruguay,2000,23.46975,20.92434,26.34499,FEMALE,_T,G,M,PER_100000_LIVE_BIRTHS,MMEIG estimates available at https://www.who.int/publications/i/item/9789240108462,True
SH_STA_MORT,URY,Uruguay,2001,24.01111,21.38946,26.8689,FEMALE,_T,G,M,PER_100000_LIVE_BIRTHS,MMEIG estimates available at https://www.who.int/publications/i/item/9789240108462,True
SH_STA_MORT,URY,Uruguay,2002,23.32382,20.73615,26.07129,FEMALE,_T,G,M,PER_100000_LIVE_BIRTHS,MMEIG estimates available at https://www.who.int/publications/i/item/9789240108462,True
SH_STA_MORT,URY,Uruguay,2003,22.55953,19.97355,25.17489,FEMALE,_T,G,M,PER_100000_LIVE_BIRTHS,MMEIG estimates available at https://www.who.int/publications/i/item/9789240108462,True
SH_STA_MORT,URY,Uruguay,2004,21.41815,18.87547,23.97963,FEMALE,_T,G,M,PER_100000_LIVE_BIRTHS,MMEIG estimates available at https://www.who.int/publications/i/item/9789240108462,True
SH_STA_MORT,URY,Uruguay,2005,20.32274,17.91263,22.87159,FEMALE,_T,G,M,PER_100000_LIVE_BIRTHS,MMEIG estimates available at https://www.who.int/publications/i/item/9789240108462,True
SH_STA_MORT,URY,Uruguay,2006,19.679,17.27456,22.15963,FEMALE,_T,G,M,PER_100000_LIVE_BIRTHS,MMEIG estimates available at https://www.who.int/publications/i/item/9789240108462,True
SH_STA_MORT,URY,Uruguay,2007,18.9414,16.61255,21.34814,FEMALE,_T,G,M,PER_100000_LIVE_BIRTHS,MMEIG estimates available at https://www.who.int/publications/i/item/9789240108462,True
SH_STA_MORT,URY,Uruguay,2008,18.61649,16.32682,21.02941,FEMALE,_T,G,M,PER_100000_LIVE_BIRTHS,MMEIG estimates available at https://www.who.int/publications/i/item/9789240108462,True
SH_STA_MORT,URY,Uruguay,2009,17.63661,15.45406,19.93634,FEMALE,_T,G,M,PER_100000_LIVE_BIRTHS,MMEIG estimates available at https://www.who.int/publications/i/item/9789240108462,True
SH_STA_MORT,URY,Uruguay,2010,17.22467,15.01885,19.4706,FEMALE,_T,G,M,PER_100000_LIVE_BIRTHS,MMEIG estimates available at https://www.who.int/publications/i/item/9789240108462,True
SH_STA_MORT,URY,Uruguay,2011,16.6331,14.48525,18.7714,FEMALE,_T,G,M,PER_100000_LIVE_BIRTHS,MMEIG estimates available at https://www.who.int/publications/i/item/9789240108462,True
SH_STA_MORT,URY,Uruguay,2012,16.48729,14.34164,18.65697,FEMALE,_T,G,M,PER_100000_LIVE_BIRTHS,MMEIG estimates available at https://www.who.int/publications/i/item/9789240108462,True
SH_STA_MORT,URY,Uruguay,2013,16.22154,14.12404,18.47025,FEMALE,_T,G,M,PER_100000_LIVE_BIRTHS,MMEIG estimates available at https://www.who.int/publications/i/item/9789240108462,True
SH_STA_MORT,URY,Uruguay,2014,16.32017,14.14964,18.68965,FEMALE,_T,G,M,PER_100000_LIVE_BIRTHS,MMEIG estimates available at https://www.who.int/publications/i/item/9789240108462,True
SH_STA_MORT,URY,Uruguay,2015,15.97752,13.77997,18.34166,FEMALE,_T,G,M,PER_100000_LIVE_BIRTHS,MMEIG estimates available at https://www.who.int/publications/i/item/9789240108462,True
SH_STA_MORT,URY,Uruguay,2016,16.14472,13.8554,18.68295,FEMALE,_T,G,M,PER_100000_LIVE_BIRTHS,MMEIG estimates available at https://www.who.int/publications/i/item/9789240108462,True
SH_STA_MORT,URY,Uruguay,2017,16.40602,13.89546,19.1412,FEMALE,_T,G,M,PER_100000_LIVE_BIRTHS,MMEIG estimates available at https://www.who.int/publications/i/item/9789240108462,True
SH_STA_MORT,URY,Uruguay,2018,15.98041,13.32273,18.86788,FEMALE,_T,G,M,PER_100000_LIVE_BIRTHS,MMEIG estimates available at https://www.who.int/publications/i/item/9789240108462,True
SH_STA_MORT,URY,Uruguay,2019,15.93727,12.95362,19.19148,FEMALE,_T,G,M,PER_100000_LIVE_BIRTHS,MMEIG estimates available at https://www.who.int/publications/i/item/9789240108462,True
SH_STA_MORT,URY,Uruguay,2020,19.56055,15.88205,24.54214,FEMALE,_T,G,M,PER_100000_LIVE_BIRTHS,MMEIG estimates available at https://www.who.int/publications/i/item/9789240108462,True
SH_STA_MORT,URY,Uruguay,2021,49.46617,37.20968,64.73045,FEMALE,_T,G,M,PER_100000_LIVE_BIRTHS,MMEIG estimates available at https://www.who.int/publications/i/item/9789240108462,True
SH_STA_MORT,URY,Uruguay,2022,19.75276,15.13194,25.99564,FEMALE,_T,G,M,PER_100000_LIVE_BIRTHS,MMEIG estimates available at https://www.who.int/publications/i/item/9789240108462,True
SH_STA_MORT,URY,Uruguay,2023,15.30536,11.36485,19.85461,FEMALE,_T,G,M,PER_100000_LIVE_BIRTHS,MMEIG estimates available at https://www.who.int/publications/i/item/9789240108462,True
SH_STA_MORT,VEN,Venezuela,2000,86.20277,72.85824,102.56299,FEMALE,_T,G,M,PER_100000_LIVE_BIRTHS,MMEIG estimates available at https://www.who.int/publications/i/item/9789240108462,True
SH_STA_MORT,VEN,Venezuela,2001,100.74101,85.02075,119.80818,FEMALE,_T,G,M,PER_100000_LIVE_BIRTHS,MMEIG estimates available at https://www.who.int/publications/i/item/9789240108462,True
SH_STA_MORT,VEN,Venezuela,2002,87.32028,73.74592,104.1058,FEMALE,_T,G,M,PER_100000_LIVE_BIRTHS,MMEIG estimates available at https://www.who.int/publications/i/item/9789240108462,True
SH_STA_MORT,VEN,Venezuela,2003,96.97698,81.75698,115.37844,FEMALE,_T,G,M,PER_100000_LIVE_BIRTHS,MMEIG estimates available at https://www.who.int/publications/i/item/9789240108462,True
SH_STA_MORT,VEN,Venezuela,2004,93.55644,78.96112,111.22398,FEMALE,_T,G,M,PER_100000_LIVE_BIRTHS,MMEIG estimates available at https://www.who.int/publications/i/item/9789240108462,True
SH_STA_MORT,VEN,Venezuela,2005,92.51817,78.13904,109.64715,FEMALE,_T,G,M,PER_100000_LIVE_BIRTHS,MMEIG estimates available at https://www.who.int/publications/i/item/9789240108462,True
SH_STA_MORT,VEN,Venezuela,2006,95.80466,81.14867,113.44101,FEMALE,_T,G,M,PER_100000_LIVE_BIRTHS,MMEIG estimates available at https://www.who.int/publications/i/item/9789240108462,True
SH_STA_MORT,VEN,Venezuela,2007,91.59014,77.67925,108.57664,FEMALE,_T,G,M,PER_100000_LIVE_BIRTHS,MMEIG estimates available at https://www.who.int/publications/i/item/9789240108462,True
SH_STA_MORT,VEN,Venezuela,2008,103.26315,87.53586,122.29439,FEMALE,_T,G,M,PER_100000_LIVE_BIRTHS,MMEIG estimates available at https://www.who.int/publications/i/item/9789240108462,True
SH_STA_MORT,VEN,Venezuela,2009,108.62344,92.39716,128.19505,FEMALE,_T,G,M,PER_100000_LIVE_BIRTHS,MMEIG estimates available at https://www.who.int/publications/i/item/9789240108462,True
SH_STA_MORT,VEN,Venezuela,2010,109.52463,92.97242,129.94401,FEMALE,_T,G,M,PER_100000_LIVE_BIRTHS,MMEIG estimates available at https://www.who.int/publications/i/item/9789240108462,True
SH_STA_MORT,VEN,Venezuela,2011,104.08247,88.36151,124.82603,FEMALE,_T,G,M,PER_100000_LIVE_BIRTHS,MMEIG estimates available at https://www.who.int/publications/i/item/9789240108462,True
SH_STA_MORT,VEN,Venezuela,2012,112.8873,95.30039,136.99029,FEMALE,_T,G,M,PER_100000_LIVE_BIRTHS,MMEIG estimates available at https://www.who.int/publications/i/item/9789240108462,True
SH_STA_MORT,VEN,Venezuela,2013,122.69877,102.32571,151.15853,FEMALE,_T,G,M,PER_100000_LIVE_BIRTHS,MMEIG estimates available at https://www.who.int/publications/i/item/9789240108462,True
SH_STA_MORT,VEN,Venezuela,2014,132.5662,109.33804,165.03307,FEMALE,_T,G,M,PER_100000_LIVE_BIRTHS,MMEIG estimates available at https://www.who.int/publications/i/item/9789240108462,True
SH_STA_MORT,VEN,Venezuela,2015,136.26322,110.49315,173.44065,FEMALE,_T,G,M,PER_100000_LIVE_BIRTHS,MMEIG estimates available at https://www.who.int/publications/i/item/9789240108462,True
SH_STA_MORT,VEN,Venezuela,2016,162.19524,128.8232,211.80018,FEMALE,_T,G,M,PER_100000_LIVE_BIRTHS,MMEIG estimates available at https://www.who.int/publications/i/item/9789240108462,True
SH_STA_MORT,VEN,Venezuela,2017,194.88831,150.77079,260.12521,FEMALE,_T,G,M,PER_100000_LIVE_BIRTHS,MMEIG estimates available at https://www.who.int/publications/i/item/9789240108462,True
SH_STA_MORT,VEN,Venezuela,2018,204.59176,153.53505,281.42122,FEMALE,_T,G,M,PER_100000_LIVE_BIRTHS,MMEIG estimates available at https://www.who.int/publications/i/item/9789240108462,True
SH_STA_MORT,VEN,Venezuela,2019,202.18661,147.61374,290.22102,FEMALE,_T,G,M,PER_100000_LIVE_BIRTHS,MMEIG estimates available at https://www.who.int/publications/i/item/9789240108462,True
SH_STA_MORT,VEN,Venezuela,2020,206.53419,147.33884,307.67218,FEMALE,_T,G,M,PER_100000_LIVE_BIRTHS,MMEIG estimates available at https://www.who.int/publications/i/item/9789240108462,True
SH_STA_MORT,VEN,Venezuela,2021,250.73113,169.96304,393.34864,FEMALE,_T,G,M,PER_100000_LIVE_BIRTHS,MMEIG estimates available at https://www.who.int/publications/i/item/9789240108462,True
SH_STA_MORT,VEN,Venezuela,2022,218.88986,148.46271,347.80924,FEMALE,_T,G,M,PER_100000_LIVE_BIRTHS,MMEIG estimates available at https://www.who.int/publications/i/item/9789240108462,True
SH_STA_MORT,VEN,Venezuela,2023,226.6855,148.27957,370.99369,FEMALE,_T,G,M,PER_100000_LIVE_BIRTHS,MMEIG estimates available at https://www.who.int/publications/i/item/9789240108462,True
SH_STA_BRTC,ARG,Argentina,2000,99.1,,,_T,_T,G,C,PERCENT,MNCH_SRC_3640,True
SH_STA_BRTC,ARG,Argentina,2001,98.4,,,_T,_T,G,C,PERCENT,MNCH_SRC_3640,True
SH_STA_BRTC,ARG,Argentina,2002,98.9,,,_T,_T,G,C,PERCENT,MNCH_SRC_3641,True
SH_STA_BRTC,ARG,Argentina,2003,98.7,,,_T,_T,G,C,PERCENT,MNCH_SRC_3642,True
SH_STA_BRTC,ARG,Argentina,2004,99.1,,,_T,_T,G,C,PERCENT,MNCH_SRC_3643,True
SH_STA_BRTC,ARG,Argentina,2005,99.1,,,_T,_T,G,C,PERCENT,MNCH_SRC_3644,True
SH_STA_BRTC,ARG,Argentina,2006,99.4,,,_T,_T,G,C,PERCENT,MNCH_SRC_3645,True
SH_STA_BRTC,ARG,Argentina,2007,99.4,,,_T,_T,G,C,PERCENT,MNCH_SRC_3646,True
SH_STA_BRTC,ARG,Argentina,2008,94.8,,,_T,_T,G,C,PERCENT,MNCH_SRC_3647,True
SH_STA_BRTC,ARG,Argentina,2009,97.9,,,_T,_T,G,C,PERCENT,MNCH_SRC_3648,True
SH_STA_BRTC,ARG,Argentina,2010,95.0,,,_T,_T,G,C,PERCENT,MNCH_SRC_3649,True
SH_STA_BRTC,ARG,Argentina,2011,97.1,,,_T,_T,G,C,PERCENT,MNCH_SRC_3650,True
SH_STA_BRTC,ARG,Argentina,2012,98.2,,,_T,_T,G,C,PERCENT,MNCH_SRC_3651,True
SH_STA_BRTC,ARG,Argentina,2013,97.0,,,_T,_T,G,C,PERCENT,MNCH_SRC_3652,True
SH_STA_BRTC,ARG,Argentina,2014,99.6,,,_T,_T,G,C,PERCENT,MNCH_SRC_3653,True
SH_STA_BRTC,ARG,Argentina,2015,99.6,,,_T,_T,G,C,PERCENT,MNCH_SRC_3654,True
SH_STA_BRTC,ARG,Argentina,2016,98.4,,,_T,_T,G,C,PERCENT,MNCH_SRC_3655,True
SH_STA_BRTC,ARG,Argentina,2017,93.9,,,_T,_T,G,C,PERCENT,MNCH_SRC_3656,True
SH_STA_BRTC,ARG,Argentina,2018,99.5,,,_T,_T,G,C,PERCENT,MNCH_SRC_3657,True
SH_STA_BRTC,ARG,Argentina,2019,99.6,,,_T,_T,G,C,PERCENT,MNCH_SRC_115,True
SH_STA_BRTC,ARG,Argentina,2020,98.8,,,_T,_T,G,C,PERCENT,MNCH_SRC_3658,True
SH_STA_BRTC,ARG,Argentina,2021,99.3,,,_T,_T,G,C,PERCENT,MNCH_SRC_3659,True
SH_STA_BRTC,ARG,Argentina,2022,99.3,,,_T,_T,G,C,PERCENT,MNCH_SRC_3660,True
SH_STA_BRTC,ARG,Argentina,2023,99.3,,,_T,_T,G,C,PERCENT,MNCH_SRC_3661,True
SH_STA_BRTC,BOL,Bolivia,2000,67.3,,,_T,_T,G,C,PERCENT,MNCH_SRC_3787,True
SH_STA_BRTC,BOL,Bolivia,2001,56.0,,,_T,_T,G,C,PERCENT,MNCH_SRC_3788,True
SH_STA_BRTC,BOL,Bolivia,2002,65.1,,,_T,_T,G,C,PERCENT,MNCH_SRC_3789,True
SH_STA_BRTC,BOL,Bolivia,2003,59.0,,,_T,_T,G,C,PERCENT,MNCH_SRC_3788,True
SH_STA_BRTC,BOL,Bolivia,2004,60.8,,,_T,_T,G,C,PERCENT,MNCH_SRC_3790,True
SH_STA_BRTC,BOL,Bolivia,2005,61.9,,,_T,_T,G,C,PERCENT,MNCH_SRC_3788,True
SH_STA_BRTC,BOL,Bolivia,2006,64.6,,,_T,_T,G,C,PERCENT,MNCH_SRC_3788,True
SH_STA_BRTC,BOL,Bolivia,2007,63.9,,,_T,_T,G,C,PERCENT,MNCH_SRC_3788,True
SH_STA_BRTC,BOL,Bolivia,2008,71.1,,,_T,_T,G,C,PERCENT,MNCH_SRC_3791,True
SH_STA_BRTC,BOL,Bolivia,2009,67.0,,,_T,_T,G,C,PERCENT,MNCH_SRC_3788,True
SH_STA_BRTC,BOL,Bolivia,2010,70.4,,,_T,_T,G,C,PERCENT,MNCH_SRC_3788,True
SH_STA_BRTC,BOL,Bolivia,2011,84.0,,,_T,_T,G,C,PERCENT,MNCH_SRC_3792,True
SH_STA_BRTC,BOL,Bolivia,2012,81.8,,,_T,_T,G,C,PERCENT,MNCH_SRC_3788,True
SH_STA_BRTC,BOL,Bolivia,2013,83.9,,,_T,_T,G,C,PERCENT,MNCH_SRC_3788,True
SH_STA_BRTC,BOL,Bolivia,2014,83.7,,,_T,_T,G,C,PERCENT,MNCH_SRC_3788,True
SH_STA_BRTC,BOL,Bolivia,2015,87.5,,,_T,_T,G,C,PERCENT,MNCH_SRC_3788,True
SH_STA_BRTC,BOL,Bolivia,2016,89.8,,,_T,_T,G,C,PERCENT,MNCH_SRC_3793,True
SH_STA_BRTC,BOL,Bolivia,2017,85.4,,,_T,_T,G,C,PERCENT,MNCH_SRC_3788,True
SH_STA_BRTC,BOL,Bolivia,2018,83.1,,,_T,_T,G,C,PERCENT,MNCH_SRC_3788,True
SH_STA_BRTC,BOL,Bolivia,2019,80.6,,,_T,_T,G,C,PERCENT,MNCH_SRC_3788,True
SH_STA_BRTC,BOL,Bolivia,2020,73.6,,,_T,_T,G,C,PERCENT,MNCH_SRC_3788,True
SH_STA_BRTC,BOL,Bolivia,2021,94.3,,,_T,_T,G,C,PERCENT,MNCH_SRC_2741,True
SH_STA_BRTC,BOL,Bolivia,2022,71.5,,,_T,_T,G,C,PERCENT,MNCH_SRC_3788,True
SH_STA_BRTC,BOL,Bolivia,2023,98.3,,,_T,_T,G,C,PERCENT,MNCH_SRC_3794,True
SH_STA_BRTC,BOL,Bolivia,2024,97.5,,,_T,_T,G,C,PERCENT,MNCH_SRC_3795,True
SH_STA_BRTC,BRA,Brazil,2000,98.6,,,_T,_T,G,C,PERCENT,MNCH_SRC_3491,True
SH_STA_BRTC,BRA,Brazil,2001,98.3,,,_T,_T,G,C,PERCENT,MNCH_SRC_3492,True
SH_STA_BRTC,BRA,Brazil,2002,98.5,,,_T,_T,G,C,PERCENT,MNCH_SRC_3493,True
SH_STA_BRTC,BRA,Brazil,2003,98.4,,,_T,_T,G,C,PERCENT,MNCH_SRC_3494,True
SH_STA_BRTC,BRA,Brazil,2004,98.6,,,_T,_T,G,C,PERCENT,MNCH_SRC_3495,True
SH_STA_BRTC,BRA,Brazil,2005,98.6,,,_T,_T,G,C,PERCENT,MNCH_SRC_3496,True
SH_STA_BRTC,BRA,Brazil,2006,97.0,,,_T,_T,G,C,PERCENT,MNCH_SRC_3497,True
SH_STA_BRTC,BRA,Brazil,2007,98.6,,,_T,_T,G,C,PERCENT,MNCH_SRC_3498,True
SH_STA_BRTC,BRA,Brazil,2008,98.8,,,_T,_T,G,C,PERCENT,MNCH_SRC_3499,True
SH_STA_BRTC,BRA,Brazil,2009,98.9,,,_T,_T,G,C,PERCENT,MNCH_SRC_3500,True
SH_STA_BRTC,BRA,Brazil,2010,98.9,,,_T,_T,G,C,PERCENT,MNCH_SRC_3501,True
SH_STA_BRTC,BRA,Brazil,2011,99.0,,,_T,_T,G,C,PERCENT,MNCH_SRC_3502,True
SH_STA_BRTC,BRA,Brazil,2012,99.0,,,_T,_T,G,C,PERCENT,MNCH_SRC_3503,True
SH_STA_BRTC,BRA,Brazil,2013,98.0,,,_T,_T,G,C,PERCENT,MNCH_SRC_3504,True
SH_STA_BRTC,BRA,Brazil,2014,98.4,,,_T,_T,G,C,PERCENT,MNCH_SRC_3504,True
SH_STA_BRTC,BRA,Brazil,2015,98.2,,,_T,_T,G,C,PERCENT,MNCH_SRC_3504,True
SH_STA_BRTC,BRA,Brazil,2016,98.6,,,_T,_T,G,C,PERCENT,MNCH_SRC_3504,True
SH_STA_BRTC,BRA,Brazil,2017,98.7,,,_T,_T,G,C,PERCENT,MNCH_SRC_3504,True
SH_STA_BRTC,BRA,Brazil,2018,98.8,,,_T,_T,G,C,PERCENT,MNCH_SRC_3504,True
SH_STA_BRTC,BRA,Brazil,2019,98.4,,,_T,_T,G,C,PERCENT,MNCH_SRC_3504,True
SH_STA_BRTC,BRA,Brazil,2020,98.4,,,_T,_T,G,C,PERCENT,MNCH_SRC_3504,True
SH_STA_BRTC,BRA,Brazil,2021,98.2,,,_T,_T,G,C,PERCENT,MNCH_SRC_3505,True
SH_STA_BRTC,BRA,Brazil,2022,98.3,,,_T,_T,G,C,PERCENT,MNCH_SRC_3506,True
SH_STA_BRTC,BRA,Brazil,2023,98.5,,,_T,_T,G,C,PERCENT,MNCH_SRC_3507,True
SH_STA_BRTC,BRA,Brazil,2024,98.4,,,_T,_T,G,C,PERCENT,MNCH_SRC_3507,True
SH_STA_BRTC,CHL,Chile,2000,99.8,,,_T,_T,G,C,PERCENT,MNCH_SRC_115,True
SH_STA_BRTC,CHL,Chile,2001,99.8,,,_T,_T,G,C,PERCENT,MNCH_SRC_3391,True
SH_STA_BRTC,CHL,Chile,2002,99.8,,,_T,_T,G,C,PERCENT,MNCH_SRC_3392,True
SH_STA_BRTC,CHL,Chile,2003,99.8,,,_T,_T,G,C,PERCENT,MNCH_SRC_115,True
SH_STA_BRTC,CHL,Chile,2004,99.8,,,_T,_T,G,C,PERCENT,MNCH_SRC_3393,True
SH_STA_BRTC,CHL,Chile,2005,99.8,,,_T,_T,G,C,PERCENT,MNCH_SRC_3390,True
SH_STA_BRTC,CHL,Chile,2006,99.8,,,_T,_T,G,C,PERCENT,MNCH_SRC_3394,True
SH_STA_BRTC,CHL,Chile,2007,99.7,,,_T,_T,G,C,PERCENT,MNCH_SRC_3395,True
SH_STA_BRTC,CHL,Chile,2008,99.8,,,_T,_T,G,C,PERCENT,MNCH_SRC_3396,True
SH_STA_BRTC,CHL,Chile,2009,99.8,,,_T,_T,G,C,PERCENT,MNCH_SRC_3397,True
SH_STA_BRTC,CHL,Chile,2010,99.8,,,_T,_T,G,C,PERCENT,MNCH_SRC_3398,True
SH_STA_BRTC,CHL,Chile,2011,99.9,,,_T,_T,G,C,PERCENT,MNCH_SRC_3399,True
SH_STA_BRTC,CHL,Chile,2012,99.8,,,_T,_T,G,C,PERCENT,MNCH_SRC_3400,True
SH_STA_BRTC,CHL,Chile,2013,99.8,,,_T,_T,G,C,PERCENT,MNCH_SRC_3401,True
SH_STA_BRTC,CHL,Chile,2014,99.8,,,_T,_T,G,C,PERCENT,MNCH_SRC_3402,True
SH_STA_BRTC,CHL,Chile,2015,99.7,,,_T,_T,G,C,PERCENT,MNCH_SRC_3403,True
SH_STA_BRTC,CHL,Chile,2016,99.7,,,_T,_T,G,C,PERCENT,MNCH_SRC_3404,True
SH_STA_BRTC,CHL,Chile,2017,99.8,,,_T,_T,G,C,PERCENT,MNCH_SRC_3405,True
SH_STA_BRTC,CHL,Chile,2018,99.8,,,_T,_T,G,C,PERCENT,MNCH_SRC_115,True
SH_STA_BRTC,CHL,Chile,2019,99.8,,,_T,_T,G,C,PERCENT,MNCH_SRC_3406,True
SH_STA_BRTC,CHL,Chile,2020,99.8,,,_T,_T,G,C,PERCENT,MNCH_SRC_2764,True
SH_STA_BRTC,CHL,Chile,2021,99.8,,,_T,_T,G,C,PERCENT,MNCH_SRC_3407,True
SH_STA_BRTC,CHL,Chile,2022,99.4,,,_T,_T,G,C,PERCENT,MNCH_SRC_3407,True
SH_STA_BRTC,COL,Colombia,2000,86.1,,,_T,_T,G,C,PERCENT,MNCH_SRC_3564,True
SH_STA_BRTC,COL,Colombia,2001,93.1,,,_T,_T,G,C,PERCENT,MNCH_SRC_3565,True
SH_STA_BRTC,COL,Colombia,2002,94.5,,,_T,_T,G,C,PERCENT,MNCH_SRC_3566,True
SH_STA_BRTC,COL,Colombia,2003,95.0,,,_T,_T,G,C,PERCENT,MNCH_SRC_3567,True
SH_STA_BRTC,COL,Colombia,2004,95.6,,,_T,_T,G,C,PERCENT,MNCH_SRC_3568,True
SH_STA_BRTC,COL,Colombia,2005,90.7,,,_T,_T,G,C,PERCENT,MNCH_SRC_3569,True
SH_STA_BRTC,COL,Colombia,2006,97.1,,,_T,_T,G,C,PERCENT,MNCH_SRC_3570,True
SH_STA_BRTC,COL,Colombia,2007,97.8,,,_T,_T,G,C,PERCENT,MNCH_SRC_3571,True
SH_STA_BRTC,COL,Colombia,2008,98.1,,,_T,_T,G,C,PERCENT,MNCH_SRC_3572,True
SH_STA_BRTC,COL,Colombia,2009,98.6,,,_T,_T,G,C,PERCENT,MNCH_SRC_3573,True
SH_STA_BRTC,COL,Colombia,2010,94.8,,,_T,_T,G,C,PERCENT,MNCH_SRC_3574,True
SH_STA_BRTC,COL,Colombia,2011,99.2,,,_T,_T,G,C,PERCENT,MNCH_SRC_3575,True
SH_STA_BRTC,COL,Colombia,2012,98.7,,,_T,_T,G,C,PERCENT,MNCH_SRC_3576,True
SH_STA_BRTC,COL,Colombia,2013,98.7,,,_T,_T,G,C,PERCENT,MNCH_SRC_3577,True
SH_STA_BRTC,COL,Colombia,2014,98.9,,,_T,_T,G,C,PERCENT,MNCH_SRC_3578,True
SH_STA_BRTC,COL,Colombia,2015,99.0,,,_T,_T,G,C,PERCENT,MNCH_SRC_115,True
SH_STA_BRTC,COL,Colombia,2016,95.9,,,_T,_T,G,C,PERCENT,MNCH_SRC_3579,True
SH_STA_BRTC,COL,Colombia,2017,99.3,,,_T,_T,G,C,PERCENT,MNCH_SRC_3580,True
SH_STA_BRTC,COL,Colombia,2018,98.4,,,_T,_T,G,C,PERCENT,MNCH_SRC_3581,True
SH_STA_BRTC,COL,Colombia,2019,98.8,,,_T,_T,G,C,PERCENT,MNCH_SRC_3582,True
SH_STA_BRTC,COL,Colombia,2020,97.8,,,_T,_T,G,C,PERCENT,MNCH_SRC_3582,True
SH_STA_BRTC,COL,Colombia,2021,97.5,,,_T,_T,G,C,PERCENT,MNCH_SRC_3582,True
SH_STA_BRTC,COL,Colombia,2022,98.0,,,_T,_T,G,C,PERCENT,MNCH_SRC_3583,True
SH_STA_BRTC,COL,Colombia,2023,97.8,,,_T,_T,G,C,PERCENT,MNCH_SRC_3584,True
SH_STA_BRTC,CRI,Costa Rica,2000,96.6,,,_T,_T,G,C,PERCENT,MNCH_SRC_3940,True
SH_STA_BRTC,CRI,Costa Rica,2001,98.0,,,_T,_T,G,C,PERCENT,MNCH_SRC_3941,True
SH_STA_BRTC,CRI,Costa Rica,2002,98.5,,,_T,_T,G,C,PERCENT,MNCH_SRC_3942,True
SH_STA_BRTC,CRI,Costa Rica,2003,98.2,,,_T,_T,G,C,PERCENT,MNCH_SRC_3943,True
SH_STA_BRTC,CRI,Costa Rica,2004,98.5,,,_T,_T,G,C,PERCENT,MNCH_SRC_3586,True
SH_STA_BRTC,CRI,Costa Rica,2005,98.5,,,_T,_T,G,C,PERCENT,MNCH_SRC_3944,True
SH_STA_BRTC,CRI,Costa Rica,2006,98.6,,,_T,_T,G,C,PERCENT,MNCH_SRC_3945,True
SH_STA_BRTC,CRI,Costa Rica,2007,98.7,,,_T,_T,G,C,PERCENT,MNCH_SRC_3946,True
SH_STA_BRTC,CRI,Costa Rica,2008,99.1,,,_T,_T,G,C,PERCENT,MNCH_SRC_3947,True
SH_STA_BRTC,CRI,Costa Rica,2009,99.1,,,_T,_T,G,C,PERCENT,MNCH_SRC_3948,True
SH_STA_BRTC,CRI,Costa Rica,2010,95.3,,,_T,_T,G,C,PERCENT,MNCH_SRC_3949,True
SH_STA_BRTC,CRI,Costa Rica,2011,98.4,,,_T,_T,G,C,PERCENT,MNCH_SRC_3950,True
SH_STA_BRTC,CRI,Costa Rica,2012,98.9,,,_T,_T,G,C,PERCENT,MNCH_SRC_3951,True
SH_STA_BRTC,CRI,Costa Rica,2013,99.0,,,_T,_T,G,C,PERCENT,MNCH_SRC_3952,True
SH_STA_BRTC,CRI,Costa Rica,2014,99.2,,,_T,_T,G,C,PERCENT,MNCH_SRC_3953,True
SH_STA_BRTC,CRI,Costa Rica,2015,90.0,,,_T,_T,G,C,PERCENT,MNCH_SRC_3954,True
SH_STA_BRTC,CRI,Costa Rica,2016,98.8,,,_T,_T,G,C,PERCENT,MNCH_SRC_3955,True
SH_STA_BRTC,CRI,Costa Rica,2017,98.7,,,_T,_T,G,C,PERCENT,MNCH_SRC_3956,True
SH_STA_BRTC,CRI,Costa Rica,2018,98.5,,,_T,_T,G,C,PERCENT,MNCH_SRC_3957,True
SH_STA_BRTC,CRI,Costa Rica,2019,99.0,,,_T,_T,G,C,PERCENT,MNCH_SRC_3958,True
SH_STA_BRTC,CRI,Costa Rica,2020,99.2,,,_T,_T,G,C,PERCENT,MNCH_SRC_3959,True
SH_STA_BRTC,CRI,Costa Rica,2021,98.8,,,_T,_T,G,C,PERCENT,MNCH_SRC_3960,True
SH_STA_BRTC,CRI,Costa Rica,2022,98.8,,,_T,_T,G,C,PERCENT,MNCH_SRC_3961,True
SH_STA_BRTC,CRI,Costa Rica,2023,98.9,,,_T,_T,G,C,PERCENT,MNCH_SRC_3962,True
SH_STA_BRTC,CUB,Cuba,2000,99.9,,,_T,_T,G,C,PERCENT,MNCH_SRC_3811,True
SH_STA_BRTC,CUB,Cuba,2001,99.9,,,_T,_T,G,C,PERCENT,MNCH_SRC_3811,True
SH_STA_BRTC,CUB,Cuba,2002,99.9,,,_T,_T,G,C,PERCENT,MNCH_SRC_3812,True
SH_STA_BRTC,CUB,Cuba,2003,99.9,,,_T,_T,G,C,PERCENT,MNCH_SRC_3812,True
SH_STA_BRTC,CUB,Cuba,2004,99.9,,,_T,_T,G,C,PERCENT,MNCH_SRC_3812,True
SH_STA_BRTC,CUB,Cuba,2005,99.9,,,_T,_T,G,C,PERCENT,MNCH_SRC_3813,True
SH_STA_BRTC,CUB,Cuba,2006,99.9,,,_T,_T,G,C,PERCENT,MNCH_SRC_3813,True
SH_STA_BRTC,CUB,Cuba,2007,99.9,,,_T,_T,G,C,PERCENT,MNCH_SRC_3813,True
SH_STA_BRTC,CUB,Cuba,2008,99.9,,,_T,_T,G,C,PERCENT,MNCH_SRC_3813,True
SH_STA_BRTC,CUB,Cuba,2009,99.9,,,_T,_T,G,C,PERCENT,MNCH_SRC_3813,True
SH_STA_BRTC,CUB,Cuba,2010,99.9,,,_T,_T,G,C,PERCENT,MNCH_SRC_3813,True
SH_STA_BRTC,CUB,Cuba,2011,99.9,,,_T,_T,G,C,PERCENT,MNCH_SRC_3813,True
SH_STA_BRTC,CUB,Cuba,2012,99.9,,,_T,_T,G,C,PERCENT,MNCH_SRC_3813,True
SH_STA_BRTC,CUB,Cuba,2013,99.9,,,_T,_T,G,C,PERCENT,MNCH_SRC_3813,True
SH_STA_BRTC,CUB,Cuba,2014,99.4,,,_T,_T,G,C,PERCENT,MNCH_SRC_3814,True
SH_STA_BRTC,CUB,Cuba,2015,99.9,,,_T,_T,G,C,PERCENT,MNCH_SRC_3813,True
SH_STA_BRTC,CUB,Cuba,2016,99.9,,,_T,_T,G,C,PERCENT,MNCH_SRC_3815,True
SH_STA_BRTC,CUB,Cuba,2017,99.9,,,_T,_T,G,C,PERCENT,MNCH_SRC_3816,True
SH_STA_BRTC,CUB,Cuba,2018,99.9,,,_T,_T,G,C,PERCENT,MNCH_SRC_3817,True
SH_STA_BRTC,CUB,Cuba,2019,100.0,,,_T,_T,G,C,PERCENT,MNCH_SRC_3818,True
SH_STA_BRTC,CUB,Cuba,2020,99.9,,,_T,_T,G,C,PERCENT,MNCH_SRC_3819,True
SH_STA_BRTC,CUB,Cuba,2021,99.9,,,_T,_T,G,C,PERCENT,MNCH_SRC_3819,True
SH_STA_BRTC,CUB,Cuba,2022,99.8,,,_T,_T,G,C,PERCENT,MNCH_SRC_3521,True
SH_STA_BRTC,CUB,Cuba,2023,99.7,,,_T,_T,G,C,PERCENT,MNCH_SRC_3521,True
SH_STA_BRTC,CUB,Cuba,2024,99.8,,,_T,_T,G,C,PERCENT,MNCH_SRC_3521,True
SH_STA_BRTC,DOM,Dominican Republic,2000,97.6,,,_T,_T,G,C,PERCENT,MNCH_SRC_3914,True
SH_STA_BRTC,DOM,Dominican Republic,2002,97.8,,,_T,_T,G,C,PERCENT,MNCH_SRC_3977,True
SH_STA_BRTC,DOM,Dominican Republic,2006,95.5,,,_T,_T,G,C,PERCENT,MNCH_SRC_3412,True
SH_STA_BRTC,DOM,Dominican Republic,2007,97.8,,,_T,_T,G,C,PERCENT,MNCH_SRC_3978,True
SH_STA_BRTC,DOM,Dominican Republic,2011,98.7,,,_T,_T,G,C,PERCENT,MNCH_SRC_3979,True
SH_STA_BRTC,DOM,Dominican Republic,2012,98.8,,,_T,_T,G,C,PERCENT,MNCH_SRC_3979,True
SH_STA_BRTC,DOM,Dominican Republic,2013,98.6,,,_T,_T,G,C,PERCENT,MNCH_SRC_3980,True
SH_STA_BRTC,DOM,Dominican Republic,2014,98.6,,,_T,_T,G,C,PERCENT,MNCH_SRC_3981,True
SH_STA_BRTC,DOM,Dominican Republic,2015,99.6,,,_T,_T,G,C,PERCENT,MNCH_SRC_3982,True
SH_STA_BRTC,DOM,Dominican Republic,2016,99.8,,,_T,_T,G,C,PERCENT,MNCH_SRC_3983,True
SH_STA_BRTC,DOM,Dominican Republic,2019,99.2,,,_T,_T,G,C,PERCENT,MNCH_SRC_3984,True
SH_STA_BRTC,DOM,Dominican Republic,2020,99.9,,,_T,_T,G,C,PERCENT,MNCH_SRC_2764,True
SH_STA_BRTC,DOM,Dominican Republic,2021,99.9,,,_T,_T,G,C,PERCENT,MNCH_SRC_2764,True
SH_STA_BRTC,DOM,Dominican Republic,2022,99.9,,,_T,_T,G,C,PERCENT,MNCH_SRC_3519,True
SH_STA_BRTC,DOM,Dominican Republic,2023,99.9,,,_T,_T,G,C,PERCENT,MNCH_SRC_3519,True
SH_STA_BRTC,ECU,Ecuador,2000,70.9,,,_T,_T,G,C,PERCENT,MNCH_SRC_3985,True
SH_STA_BRTC,ECU,Ecuador,2001,71.4,,,_T,_T,G,C,PERCENT,MNCH_SRC_3985,True
SH_STA_BRTC,ECU,Ecuador,2002,73.7,,,_T,_T,G,C,PERCENT,MNCH_SRC_3985,True
SH_STA_BRTC,ECU,Ecuador,2003,75.1,,,_T,_T,G,C,PERCENT,MNCH_SRC_3985,True
SH_STA_BRTC,ECU,Ecuador,2004,76.4,,,_T,_T,G,C,PERCENT,MNCH_SRC_3985,True
SH_STA_BRTC,ECU,Ecuador,2005,78.6,,,_T,_T,G,C,PERCENT,MNCH_SRC_3986,True
SH_STA_BRTC,ECU,Ecuador,2006,80.6,,,_T,_T,G,C,PERCENT,MNCH_SRC_3985,True
SH_STA_BRTC,ECU,Ecuador,2007,85.6,,,_T,_T,G,C,PERCENT,MNCH_SRC_3986,True
SH_STA_BRTC,ECU,Ecuador,2008,89.3,,,_T,_T,G,C,PERCENT,MNCH_SRC_3986,True
SH_STA_BRTC,ECU,Ecuador,2009,85.6,,,_T,_T,G,C,PERCENT,MNCH_SRC_3985,True
SH_STA_BRTC,ECU,Ecuador,2010,88.6,,,_T,_T,G,C,PERCENT,MNCH_SRC_3986,True
SH_STA_BRTC,ECU,Ecuador,2011,90.5,,,_T,_T,G,C,PERCENT,MNCH_SRC_3986,True
SH_STA_BRTC,ECU,Ecuador,2012,92.1,,,_T,_T,G,C,PERCENT,MNCH_SRC_3985,True
SH_STA_BRTC,ECU,Ecuador,2013,93.6,,,_T,_T,G,C,PERCENT,MNCH_SRC_3986,True
SH_STA_BRTC,ECU,Ecuador,2014,95.0,,,_T,_T,G,C,PERCENT,MNCH_SRC_3986,True
SH_STA_BRTC,ECU,Ecuador,2015,94.4,,,_T,_T,G,C,PERCENT,MNCH_SRC_3986,True
SH_STA_BRTC,ECU,Ecuador,2016,94.2,,,_T,_T,G,C,PERCENT,MNCH_SRC_3986,True
SH_STA_BRTC,ECU,Ecuador,2017,95.7,,,_T,_T,G,C,PERCENT,MNCH_SRC_3986,True
SH_STA_BRTC,ECU,Ecuador,2018,96.0,,,_T,_T,G,C,PERCENT,MNCH_SRC_3986,True
SH_STA_BRTC,ECU,Ecuador,2019,97.2,,,_T,_T,G,C,PERCENT,MNCH_SRC_3985,True
SH_STA_BRTC,ECU,Ecuador,2020,96.3,,,_T,_T,G,C,PERCENT,MNCH_SRC_3986,True
SH_STA_BRTC,ECU,Ecuador,2021,96.7,,,_T,_T,G,C,PERCENT,MNCH_SRC_3987,True
SH_STA_BRTC,ECU,Ecuador,2022,96.6,,,_T,_T,G,C,PERCENT,MNCH_SRC_3987,True
SH_STA_BRTC,ECU,Ecuador,2023,96.7,,,_T,_T,G,C,PERCENT,MNCH_SRC_3987,True
SH_STA_BRTC,ECU,Ecuador,2024,97.2,,,_T,_T,G,C,PERCENT,MNCH_SRC_3987,True
SH_STA_BRTC,SLV,El Salvador,2003,92.4,,,_T,_T,G,C,PERCENT,MNCH_SRC_3907,True
SH_STA_BRTC,SLV,El Salvador,2005,87.2,,,_T,_T,G,C,PERCENT,MNCH_SRC_781,True
SH_STA_BRTC,SLV,El Salvador,2006,89.6,,,_T,_T,G,C,PERCENT,MNCH_SRC_781,True
SH_STA_BRTC,SLV,El Salvador,2007,93.1,,,_T,_T,G,C,PERCENT,MNCH_SRC_781,True
SH_STA_BRTC,SLV,El Salvador,2008,95.5,,,_T,_T,G,C,PERCENT,MNCH_SRC_3908,True
SH_STA_BRTC,SLV,El Salvador,2009,97.5,,,_T,_T,G,C,PERCENT,MNCH_SRC_781,True
SH_STA_BRTC,SLV,El Salvador,2010,98.0,,,_T,_T,G,C,PERCENT,MNCH_SRC_781,True
SH_STA_BRTC,SLV,El Salvador,2011,99.0,,,_T,_T,G,C,PERCENT,MNCH_SRC_781,True
SH_STA_BRTC,SLV,El Salvador,2012,99.5,,,_T,_T,G,C,PERCENT,MNCH_SRC_781,True
SH_STA_BRTC,SLV,El Salvador,2013,99.8,,,_T,_T,G,C,PERCENT,MNCH_SRC_786,True
SH_STA_BRTC,SLV,El Salvador,2014,98.0,,,_T,_T,G,C,PERCENT,MNCH_SRC_3909,True
SH_STA_BRTC,SLV,El Salvador,2015,99.9,,,_T,_T,G,C,PERCENT,MNCH_SRC_789,True
SH_STA_BRTC,SLV,El Salvador,2016,99.9,,,_T,_T,G,C,PERCENT,MNCH_SRC_789,True
SH_STA_BRTC,SLV,El Salvador,2017,99.9,,,_T,_T,G,C,PERCENT,MNCH_SRC_790,True
SH_STA_BRTC,SLV,El Salvador,2018,99.9,,,_T,_T,G,C,PERCENT,MNCH_SRC_791,True
SH_STA_BRTC,SLV,El Salvador,2019,99.6,,,_T,_T,G,C,PERCENT,MNCH_SRC_2764,True
SH_STA_BRTC,SLV,El Salvador,2020,99.3,,,_T,_T,G,C,PERCENT,MNCH_SRC_2764,True
SH_STA_BRTC,SLV,El Salvador,2021,98.1,,,_T,_T,G,C,PERCENT,MNCH_SRC_2590,True
SH_STA_BRTC,GTM,Guatemala,2000,41.4,,,_T,_T,G,C,PERCENT,MNCH_SRC_115,True
SH_STA_BRTC,GTM,Guatemala,2001,41.4,,,_T,_T,G,C,PERCENT,MNCH_SRC_115,True
SH_STA_BRTC,GTM,Guatemala,2002,41.4,,,_T,_T,G,C,PERCENT,MNCH_SRC_3443,True
SH_STA_BRTC,GTM,Guatemala,2007,31.4,,,_T,_T,G,C,PERCENT,MNCH_SRC_115,True
SH_STA_BRTC,GTM,Guatemala,2009,51.5,,,_T,_T,G,C,PERCENT,MNCH_SRC_3998,True
SH_STA_BRTC,GTM,Guatemala,2010,52.3,,,_T,_T,G,C,PERCENT,MNCH_SRC_115,True
SH_STA_BRTC,GTM,Guatemala,2012,58.7,,,_T,_T,G,C,PERCENT,MNCH_SRC_115,True
SH_STA_BRTC,GTM,Guatemala,2013,62.8,,,_T,_T,G,C,PERCENT,MNCH_SRC_115,True
SH_STA_BRTC,GTM,Guatemala,2014,67.0,,,_T,_T,G,C,PERCENT,MNCH_SRC_115,True
SH_STA_BRTC,GTM,Guatemala,2015,65.5,,,_T,_T,G,C,PERCENT,MNCH_SRC_3999,True
SH_STA_BRTC,GTM,Guatemala,2016,69.8,,,_T,_T,G,C,PERCENT,MNCH_SRC_115,True
SH_STA_BRTC,GTM,Guatemala,2017,69.6,,,_T,_T,G,C,PERCENT,MNCH_SRC_115,True
SH_STA_BRTC,GTM,Guatemala,2018,99.0,,,_T,_T,G,C,PERCENT,MNCH_SRC_3521,True
SH_STA_BRTC,GTM,Guatemala,2019,98.0,,,_T,_T,G,C,PERCENT,MNCH_SRC_3521,True
SH_STA_BRTC,GTM,Guatemala,2020,96.0,,,_T,_T,G,C,PERCENT,MNCH_SRC_3521,True
SH_STA_BRTC,GTM,Guatemala,2021,96.0,,,_T,_T,G,C,PERCENT,MNCH_SRC_3521,True
SH_STA_BRTC,GTM,Guatemala,2022,96.0,,,_T,_T,G,C,PERCENT,MNCH_SRC_3521,True
SH_STA_BRTC,HND,Honduras,2001,55.7,,,_T,_T,G,C,PERCENT,MNCH_SRC_3286,True
SH_STA_BRTC,HND,Honduras,2006,66.3,,,_T,_T,G,C,PERCENT,MNCH_SRC_3719,True
SH_STA_BRTC,HND,Honduras,2012,82.8,,,_T,_T,G,C,PERCENT,MNCH_SRC_3720,True
SH_STA_BRTC,HND,Honduras,2015,72.0,,,_T,_T,G,C,PERCENT,MNCH_SRC_76,True
SH_STA_BRTC,HND,Honduras,2016,79.0,,,_T,_T,G,C,PERCENT,MNCH_SRC_1019,True
SH_STA_BRTC,HND,Honduras,2019,94.1,,,_T,_T,G,C,PERCENT,MNCH_SRC_3721,True
SH_STA_BRTC,MEX,Mexico,2000,88.6,,,_T,_T,G,C,PERCENT,MNCH_SRC_3457,True
SH_STA_BRTC,MEX,Mexico,2001,88.0,,,_T,_T,G,C,PERCENT,MNCH_SRC_3458,True
SH_STA_BRTC,MEX,Mexico,2002,88.9,,,_T,_T,G,C,PERCENT,MNCH_SRC_3458,True
SH_STA_BRTC,MEX,Mexico,2003,89.6,,,_T,_T,G,C,PERCENT,MNCH_SRC_3458,True
SH_STA_BRTC,MEX,Mexico,2004,90.3,,,_T,_T,G,C,PERCENT,MNCH_SRC_3458,True
SH_STA_BRTC,MEX,Mexico,2005,91.1,,,_T,_T,G,C,PERCENT,MNCH_SRC_3458,True
SH_STA_BRTC,MEX,Mexico,2006,93.4,,,_T,_T,G,C,PERCENT,MNCH_SRC_3459,True
SH_STA_BRTC,MEX,Mexico,2007,92.7,,,_T,_T,G,C,PERCENT,MNCH_SRC_3458,True
SH_STA_BRTC,MEX,Mexico,2008,93.3,,,_T,_T,G,C,PERCENT,MNCH_SRC_3458,True
SH_STA_BRTC,MEX,Mexico,2009,95.3,,,_T,_T,G,C,PERCENT,MNCH_SRC_3460,True
SH_STA_BRTC,MEX,Mexico,2010,94.5,,,_T,_T,G,C,PERCENT,MNCH_SRC_3458,True
SH_STA_BRTC,MEX,Mexico,2011,95.3,,,_T,_T,G,C,PERCENT,MNCH_SRC_3458,True
SH_STA_BRTC,MEX,Mexico,2012,99.6,,,_T,_T,G,C,PERCENT,MNCH_SRC_3461,True
SH_STA_BRTC,MEX,Mexico,2013,96.1,,,_T,_T,G,C,PERCENT,MNCH_SRC_3458,True
SH_STA_BRTC,MEX,Mexico,2014,95.6,,,_T,_T,G,C,PERCENT,MNCH_SRC_3462,True
SH_STA_BRTC,MEX,Mexico,2015,97.7,,,_T,_T,G,C,PERCENT,MNCH_SRC_3463,True
SH_STA_BRTC,MEX,Mexico,2016,98.0,,,_T,_T,G,C,PERCENT,MNCH_SRC_3458,True
SH_STA_BRTC,MEX,Mexico,2017,96.6,,,_T,_T,G,C,PERCENT,MNCH_SRC_3464,True
SH_STA_BRTC,MEX,Mexico,2018,92.1,,,_T,_T,G,C,PERCENT,MNCH_SRC_2839,True
SH_STA_BRTC,MEX,Mexico,2019,89.4,,,_T,_T,G,C,PERCENT,MNCH_SRC_2839,True
SH_STA_BRTC,MEX,Mexico,2020,88.7,,,_T,_T,G,C,PERCENT,MNCH_SRC_2839,True
SH_STA_BRTC,MEX,Mexico,2021,85.1,,,_T,_T,G,C,PERCENT,MNCH_SRC_2839,True
SH_STA_BRTC,MEX,Mexico,2022,87.5,,,_T,_T,G,C,PERCENT,MNCH_SRC_2839,True
SH_STA_BRTC,NIC,Nicaragua,2001,66.9,,,_T,_T,G,C,PERCENT,MNCH_SRC_3466,True
SH_STA_BRTC,NIC,Nicaragua,2002,72.6,,,_T,_T,G,C,PERCENT,MNCH_SRC_115,True
SH_STA_BRTC,NIC,Nicaragua,2003,74.1,,,_T,_T,G,C,PERCENT,MNCH_SRC_115,True
SH_STA_BRTC,NIC,Nicaragua,2004,76.0,,,_T,_T,G,C,PERCENT,MNCH_SRC_115,True
SH_STA_BRTC,NIC,Nicaragua,2005,78.6,,,_T,_T,G,C,PERCENT,MNCH_SRC_115,True
SH_STA_BRTC,NIC,Nicaragua,2006,79.3,,,_T,_T,G,C,PERCENT,MNCH_SRC_115,True
SH_STA_BRTC,NIC,Nicaragua,2007,73.7,,,_T,_T,G,C,PERCENT,MNCH_SRC_3467,True
SH_STA_BRTC,NIC,Nicaragua,2008,85.3,,,_T,_T,G,C,PERCENT,MNCH_SRC_115,True
SH_STA_BRTC,NIC,Nicaragua,2010,88.0,,,_T,_T,G,C,PERCENT,MNCH_SRC_115,True
SH_STA_BRTC,NIC,Nicaragua,2011,89.7,,,_T,_T,G,C,PERCENT,MNCH_SRC_115,True
SH_STA_BRTC,NIC,Nicaragua,2012,87.0,,,_T,_T,G,C,PERCENT,MNCH_SRC_3468,True
SH_STA_BRTC,NIC,Nicaragua,2013,92.4,,,_T,_T,G,C,PERCENT,MNCH_SRC_115,True
SH_STA_BRTC,NIC,Nicaragua,2014,93.4,,,_T,_T,G,C,PERCENT,MNCH_SRC_115,True
SH_STA_BRTC,NIC,Nicaragua,2015,94.0,,,_T,_T,G,C,PERCENT,MNCH_SRC_115,True
SH_STA_BRTC,NIC,Nicaragua,2016,94.1,,,_T,_T,G,C,PERCENT,MNCH_SRC_115,True
SH_STA_BRTC,NIC,Nicaragua,2017,94.1,,,_T,_T,G,C,PERCENT,MNCH_SRC_115,True
SH_STA_BRTC,NIC,Nicaragua,2020,100.0,,,_T,_T,G,C,PERCENT,MNCH_SRC_3454,True
SH_STA_BRTC,NIC,Nicaragua,2021,98.5,,,_T,_T,G,C,PERCENT,MNCH_SRC_3454,True
SH_STA_BRTC,NIC,Nicaragua,2022,96.6,,,_T,_T,G,C,PERCENT,MNCH_SRC_3454,True
SH_STA_BRTC,PAN,Panama,2000,90.5,,,_T,_T,G,C,PERCENT,MNCH_SRC_3854,True
SH_STA_BRTC,PAN,Panama,2001,92.1,,,_T,_T,G,C,PERCENT,MNCH_SRC_3854,True
SH_STA_BRTC,PAN,Panama,2002,94.2,,,_T,_T,G,C,PERCENT,MNCH_SRC_3855,True
SH_STA_BRTC,PAN,Panama,2003,92.5,,,_T,_T,G,C,PERCENT,MNCH_SRC_3855,True
SH_STA_BRTC,PAN,Panama,2004,91.3,,,_T,_T,G,C,PERCENT,MNCH_SRC_3855,True
SH_STA_BRTC,PAN,Panama,2005,91.1,,,_T,_T,G,C,PERCENT,MNCH_SRC_3856,True
SH_STA_BRTC,PAN,Panama,2006,91.0,,,_T,_T,G,C,PERCENT,MNCH_SRC_3856,True
SH_STA_BRTC,PAN,Panama,2007,91.5,,,_T,_T,G,C,PERCENT,MNCH_SRC_3856,True
SH_STA_BRTC,PAN,Panama,2008,91.8,,,_T,_T,G,C,PERCENT,MNCH_SRC_3856,True
SH_STA_BRTC,PAN,Panama,2009,88.6,,,_T,_T,G,C,PERCENT,MNCH_SRC_3856,True
SH_STA_BRTC,PAN,Panama,2010,92.7,,,_T,_T,G,C,PERCENT,MNCH_SRC_3857,True
SH_STA_BRTC,PAN,Panama,2011,93.5,,,_T,_T,G,C,PERCENT,MNCH_SRC_3858,True
SH_STA_BRTC,PAN,Panama,2012,94.3,,,_T,_T,G,C,PERCENT,MNCH_SRC_3859,True
SH_STA_BRTC,PAN,Panama,2013,91.4,,,_T,_T,G,C,PERCENT,MNCH_SRC_3860,True
SH_STA_BRTC,PAN,Panama,2014,93.9,,,_T,_T,G,C,PERCENT,MNCH_SRC_3861,True
SH_STA_BRTC,PAN,Panama,2015,96.3,,,_T,_T,G,C,PERCENT,MNCH_SRC_3469,True
SH_STA_BRTC,PAN,Panama,2016,94.6,,,_T,_T,G,C,PERCENT,MNCH_SRC_3862,True
SH_STA_BRTC,PAN,Panama,2017,94.2,,,_T,_T,G,C,PERCENT,MNCH_SRC_3863,True
SH_STA_BRTC,PAN,Panama,2018,92.9,,,_T,_T,G,C,PERCENT,MNCH_SRC_3864,True
SH_STA_BRTC,PAN,Panama,2019,95.0,,,_T,_T,G,C,PERCENT,MNCH_SRC_115,True
SH_STA_BRTC,PAN,Panama,2020,95.0,,,_T,_T,G,C,PERCENT,MNCH_SRC_2764,True
SH_STA_BRTC,PAN,Panama,2021,92.5,,,_T,_T,G,C,PERCENT,MNCH_SRC_2764,True
SH_STA_BRTC,PAN,Panama,2022,95.7,,,_T,_T,G,C,PERCENT,MNCH_SRC_3454,True
SH_STA_BRTC,PRY,Paraguay,2000,85.0,,,_T,_T,G,C,PERCENT,MNCH_SRC_115,True
SH_STA_BRTC,PRY,Paraguay,2001,85.9,,,_T,_T,G,C,PERCENT,MNCH_SRC_115,True
SH_STA_BRTC,PRY,Paraguay,2002,85.8,,,_T,_T,G,C,PERCENT,MNCH_SRC_62,True
SH_STA_BRTC,PRY,Paraguay,2003,85.9,,,_T,_T,G,C,PERCENT,MNCH_SRC_66,True
SH_STA_BRTC,PRY,Paraguay,2004,77.2,,,_T,_T,G,C,PERCENT,MNCH_SRC_3758,True
SH_STA_BRTC,PRY,Paraguay,2005,87.5,,,_T,_T,G,C,PERCENT,MNCH_SRC_3759,True
SH_STA_BRTC,PRY,Paraguay,2006,90.5,,,_T,_T,G,C,PERCENT,MNCH_SRC_3760,True
SH_STA_BRTC,PRY,Paraguay,2007,90.6,,,_T,_T,G,C,PERCENT,MNCH_SRC_115,True
SH_STA_BRTC,PRY,Paraguay,2008,87.2,,,_T,_T,G,C,PERCENT,MNCH_SRC_3761,True
SH_STA_BRTC,PRY,Paraguay,2009,93.8,,,_T,_T,G,C,PERCENT,MNCH_SRC_3762,True
SH_STA_BRTC,PRY,Paraguay,2010,95.6,,,_T,_T,G,C,PERCENT,MNCH_SRC_3763,True
SH_STA_BRTC,PRY,Paraguay,2011,95.8,,,_T,_T,G,C,PERCENT,MNCH_SRC_1742,True
SH_STA_BRTC,PRY,Paraguay,2012,95.7,,,_T,_T,G,C,PERCENT,MNCH_SRC_3764,True
SH_STA_BRTC,PRY,Paraguay,2013,96.8,,,_T,_T,G,C,PERCENT,MNCH_SRC_115,True
SH_STA_BRTC,PRY,Paraguay,2014,96.4,,,_T,_T,G,C,PERCENT,MNCH_SRC_3765,True
SH_STA_BRTC,PRY,Paraguay,2015,96.3,,,_T,_T,G,C,PERCENT,MNCH_SRC_3766,True
SH_STA_BRTC,PRY,Paraguay,2016,95.5,,,_T,_T,G,C,PERCENT,MNCH_SRC_3767,True
SH_STA_BRTC,PRY,Paraguay,2017,97.3,,,_T,_T,G,C,PERCENT,MNCH_SRC_3768,True
SH_STA_BRTC,PRY,Paraguay,2018,97.7,,,_T,_T,G,C,PERCENT,MNCH_SRC_3769,True
SH_STA_BRTC,PRY,Paraguay,2019,92.2,,,_T,_T,G,C,PERCENT,MNCH_SRC_3770,True
SH_STA_BRTC,PRY,Paraguay,2020,91.2,,,_T,_T,G,C,PERCENT,MNCH_SRC_2764,True
SH_STA_BRTC,PRY,Paraguay,2021,91.2,,,_T,_T,G,C,PERCENT,MNCH_SRC_3771,True
SH_STA_BRTC,PRY,Paraguay,2022,92.9,,,_T,_T,G,C,PERCENT,MNCH_SRC_3454,True
SH_STA_BRTC,PRY,Paraguay,2023,98.2,,,_T,_T,G,C,PERCENT,MNCH_SRC_3772,True
SH_STA_BRTC,PER,Peru,2000,59.3,,,_T,_T,G,C,PERCENT,MNCH_SRC_3865,True
SH_STA_BRTC,PER,Peru,2006,71.0,,,_T,_T,G,C,PERCENT,MNCH_SRC_3866,True
SH_STA_BRTC,PER,Peru,2008,79.4,,,_T,_T,G,C,PERCENT,MNCH_SRC_3867,True
SH_STA_BRTC,PER,Peru,2009,82.5,,,_T,_T,G,C,PERCENT,MNCH_SRC_3868,True
SH_STA_BRTC,PER,Peru,2010,83.8,,,_T,_T,G,C,PERCENT,MNCH_SRC_3869,True
SH_STA_BRTC,PER,Peru,2011,85.0,,,_T,_T,G,C,PERCENT,MNCH_SRC_3870,True
SH_STA_BRTC,PER,Peru,2012,86.7,,,_T,_T,G,C,PERCENT,MNCH_SRC_3871,True
SH_STA_BRTC,PER,Peru,2013,89.1,,,_T,_T,G,C,PERCENT,MNCH_SRC_3872,True
SH_STA_BRTC,PER,Peru,2014,90.0,,,_T,_T,G,C,PERCENT,MNCH_SRC_3873,True
SH_STA_BRTC,PER,Peru,2015,91.6,,,_T,_T,G,C,PERCENT,MNCH_SRC_3874,True
SH_STA_BRTC,PER,Peru,2016,92.4,,,_T,_T,G,C,PERCENT,MNCH_SRC_3875,True
SH_STA_BRTC,PER,Peru,2017,93.6,,,_T,_T,G,C,PERCENT,MNCH_SRC_3875,True
SH_STA_BRTC,PER,Peru,2018,93.7,,,_T,_T,G,C,PERCENT,MNCH_SRC_3875,True
SH_STA_BRTC,PER,Peru,2019,94.4,,,_T,_T,G,C,PERCENT,MNCH_SRC_3875,True
SH_STA_BRTC,PER,Peru,2020,95.7,,,_T,_T,G,C,PERCENT,MNCH_SRC_1784,True
SH_STA_BRTC,PER,Peru,2021,94.9,,,_T,_T,G,C,PERCENT,MNCH_SRC_3876,True
SH_STA_BRTC,PER,Peru,2022,94.6,,,_T,_T,G,C,PERCENT,MNCH_SRC_3877,True
SH_STA_BRTC,PER,Peru,2023,94.8,,,_T,_T,G,C,PERCENT,MNCH_SRC_3877,True
SH_STA_BRTC,PER,Peru,2024,94.3,,,_T,_T,G,C,PERCENT,MNCH_SRC_3878,True
SH_STA_BRTC,URY,Uruguay,2000,99.7,,,_T,_T,G,C,PERCENT,MNCH_SRC_3631,True
SH_STA_BRTC,URY,Uruguay,2001,99.6,,,_T,_T,G,C,PERCENT,MNCH_SRC_3631,True
SH_STA_BRTC,URY,Uruguay,2002,99.7,,,_T,_T,G,C,PERCENT,MNCH_SRC_3631,True
SH_STA_BRTC,URY,Uruguay,2003,99.7,,,_T,_T,G,C,PERCENT,MNCH_SRC_3631,True
SH_STA_BRTC,URY,Uruguay,2004,99.5,,,_T,_T,G,C,PERCENT,MNCH_SRC_3631,True
SH_STA_BRTC,URY,Uruguay,2005,99.9,,,_T,_T,G,C,PERCENT,MNCH_SRC_3631,True
SH_STA_BRTC,URY,Uruguay,2006,99.9,,,_T,_T,G,C,PERCENT,MNCH_SRC_3631,True
SH_STA_BRTC,URY,Uruguay,2007,98.6,,,_T,_T,G,C,PERCENT,MNCH_SRC_3631,True
SH_STA_BRTC,URY,Uruguay,2008,99.6,,,_T,_T,G,C,PERCENT,MNCH_SRC_3631,True
SH_STA_BRTC,URY,Uruguay,2009,99.7,,,_T,_T,G,C,PERCENT,MNCH_SRC_3631,True
SH_STA_BRTC,URY,Uruguay,2010,99.8,,,_T,_T,G,C,PERCENT,MNCH_SRC_3632,True
SH_STA_BRTC,URY,Uruguay,2011,99.5,,,_T,_T,G,C,PERCENT,MNCH_SRC_3633,True
SH_STA_BRTC,URY,Uruguay,2012,99.9,,,_T,_T,G,C,PERCENT,MNCH_SRC_3634,True
SH_STA_BRTC,URY,Uruguay,2013,98.2,,,_T,_T,G,C,PERCENT,MNCH_SRC_3635,True
SH_STA_BRTC,URY,Uruguay,2014,99.9,,,_T,_T,G,C,PERCENT,MNCH_SRC_3636,True
SH_STA_BRTC,URY,Uruguay,2015,99.9,,,_T,_T,G,C,PERCENT,MNCH_SRC_3637,True
SH_STA_BRTC,URY,Uruguay,2016,100.0,,,_T,_T,G,C,PERCENT,MNCH_SRC_115,True
SH_STA_BRTC,URY,Uruguay,2017,100.0,,,_T,_T,G,C,PERCENT,MNCH_SRC_115,True
SH_STA_BRTC,URY,Uruguay,2018,100.0,,,_T,_T,G,C,PERCENT,MNCH_SRC_115,True
SH_STA_BRTC,URY,Uruguay,2019,100.0,,,_T,_T,G,C,PERCENT,MNCH_SRC_115,True
SH_STA_BRTC,URY,Uruguay,2020,100.0,,,_T,_T,G,C,PERCENT,MNCH_SRC_115,True
SH_STA_BRTC,URY,Uruguay,2021,100.0,,,_T,_T,G,C,PERCENT,MNCH_SRC_2764,True
SH_STA_BRTC,URY,Uruguay,2022,100.0,,,_T,_T,G,C,PERCENT,MNCH_SRC_3638,True
SH_STA_BRTC,URY,Uruguay,2023,100.0,,,_T,_T,G,C,PERCENT,MNCH_SRC_3638,True
SH_STA_BRTC,VEN,Venezuela,2000,94.0,,,_T,_T,G,C,PERCENT,MNCH_SRC_3782,True
SH_STA_BRTC,VEN,Venezuela,2003,95.0,,,_T,_T,G,C,PERCENT,MNCH_SRC_3783,True
SH_STA_BRTC,VEN,Venezuela,2011,98.1,,,_T,_T,G,C,PERCENT,MNCH_SRC_115,True
SH_STA_BRTC,VEN,Venezuela,2012,96.0,,,_T,_T,G,C,PERCENT,MNCH_SRC_3784,True
SH_STA_BRTC,VEN,Venezuela,2014,99.5,,,_T,_T,G,C,PERCENT,MNCH_SRC_115,True
SH_STA_BRTC,VEN,Venezuela,2015,99.3,,,_T,_T,G,C,PERCENT,MNCH_SRC_115,True
SH_STA_BRTC,VEN,Venezuela,2016,99.3,,,_T,_T,G,C,PERCENT,MNCH_SRC_115,True
SH_STA_BRTC,VEN,Venezuela,2017,99.1,,,_T,_T,G,C,PERCENT,MNCH_SRC_115,True
SH_STA_BRTC,VEN,Venezuela,2018,98.7,,,_T,_T,G,C,PERCENT,MNCH_SRC_115,True
SH_DYN_MORT,ARG,Argentina,2000,19.3555613,18.9982,19.7284,BOTHSEX,<5Y,G,C,PER_1000_LIVE_BIRTHS,UN_IGME,True
SH_DYN_MORT,ARG,Argentina,2000,21.265005,20.8347,21.7105,MALE,<5Y,G,C,PER_1000_LIVE_BIRTHS,UN_IGME,False
SH_DYN_MORT,ARG,Argentina,2000,17.35067794,16.9943,17.7222,FEMALE,<5Y,G,C,PER_1000_LIVE_BIRTHS,UN_IGME,False
SH_DYN_MORT,ARG,Argentina,2001,16.94212245,16.589,17.3052,FEMALE,<5Y,G,C,PER_1000_LIVE_BIRTHS,UN_IGME,False
SH_DYN_MORT,ARG,Argentina,2001,20.60597908,20.1897,21.0374,MALE,<5Y,G,C,PER_1000_LIVE_BIRTHS,UN_IGME,False
SH_DYN_MORT,ARG,Argentina,2001,18.81759816,18.4745,19.189,BOTHSEX,<5Y,G,C,PER_1000_LIVE_BIRTHS,UN_IGME,True
SH_DYN_MORT,ARG,Argentina,2002,18.31804536,17.9753,18.6814,BOTHSEX,<5Y,G,C,PER_1000_LIVE_BIRTHS,UN_IGME,True
SH_DYN_MORT,ARG,Argentina,2002,19.99106043,19.5901,20.4143,MALE,<5Y,G,C,PER_1000_LIVE_BIRTHS,UN_IGME,False
SH_DYN_MORT,ARG,Argentina,2002,16.56790111,16.2141,16.9278,FEMALE,<5Y,G,C,PER_1000_LIVE_BIRTHS,UN_IGME,False
SH_DYN_MORT,ARG,Argentina,2003,16.12619512,15.7966,16.4728,FEMALE,<5Y,G,C,PER_1000_LIVE_BIRTHS,UN_IGME,False
SH_DYN_MORT,ARG,Argentina,2003,19.39640858,19.0081,19.8026,MALE,<5Y,G,C,PER_1000_LIVE_BIRTHS,UN_IGME,False
SH_DYN_MORT,ARG,Argentina,2003,17.80181361,17.4712,18.1451,BOTHSEX,<5Y,G,C,PER_1000_LIVE_BIRTHS,UN_IGME,True
SH_DYN_MORT,ARG,Argentina,2004,17.27010582,16.9414,17.6111,BOTHSEX,<5Y,G,C,PER_1000_LIVE_BIRTHS,UN_IGME,True
SH_DYN_MORT,ARG,Argentina,2004,18.88187041,18.4908,19.2743,MALE,<5Y,G,C,PER_1000_LIVE_BIRTHS,UN_IGME,False
SH_DYN_MORT,ARG,Argentina,2004,15.58021627,15.25,15.9294,FEMALE,<5Y,G,C,PER_1000_LIVE_BIRTHS,UN_IGME,False
SH_DYN_MORT,ARG,Argentina,2005,15.0067564,14.6925,15.3393,FEMALE,<5Y,G,C,PER_1000_LIVE_BIRTHS,UN_IGME,False
SH_DYN_MORT,ARG,Argentina,2005,18.40425993,18.0296,18.7905,MALE,<5Y,G,C,PER_1000_LIVE_BIRTHS,UN_IGME,False
SH_DYN_MORT,ARG,Argentina,2005,16.74835304,16.4333,17.0748,BOTHSEX,<5Y,G,C,PER_1000_LIVE_BIRTHS,UN_IGME,True
SH_DYN_MORT,ARG,Argentina,2006,16.24723266,15.9466,16.5654,BOTHSEX,<5Y,G,C,PER_1000_LIVE_BIRTHS,UN_IGME,True
SH_DYN_MORT,ARG,Argentina,2006,17.86946373,17.5045,18.2441,MALE,<5Y,G,C,PER_1000_LIVE_BIRTHS,UN_IGME,False
SH_DYN_MORT,ARG,Argentina,2006,14.54380072,14.2431,14.8682,FEMALE,<5Y,G,C,PER_1000_LIVE_BIRTHS,UN_IGME,False
SH_DYN_MORT,ARG,Argentina,2007,14.1546332,13.8497,14.468,FEMALE,<5Y,G,C,PER_1000_LIVE_BIRTHS,UN_IGME,False
SH_DYN_MORT,ARG,Argentina,2007,17.3653355,17.0064,17.7254,MALE,<5Y,G,C,PER_1000_LIVE_BIRTHS,UN_IGME,False
SH_DYN_MORT,ARG,Argentina,2007,15.79768221,15.4944,16.1038,BOTHSEX,<5Y,G,C,PER_1000_LIVE_BIRTHS,UN_IGME,True
SH_DYN_MORT,ARG,Argentina,2008,15.38661981,15.0968,15.6733,BOTHSEX,<5Y,G,C,PER_1000_LIVE_BIRTHS,UN_IGME,True
SH_DYN_MORT,ARG,Argentina,2008,16.88732405,16.5479,17.2338,MALE,<5Y,G,C,PER_1000_LIVE_BIRTHS,UN_IGME,False
SH_DYN_MORT,ARG,Argentina,2008,13.81130016,13.518,14.1008,FEMALE,<5Y,G,C,PER_1000_LIVE_BIRTHS,UN_IGME,False
SH_DYN_MORT,ARG,Argentina,2009,13.39023537,13.0996,13.6867,FEMALE,<5Y,G,C,PER_1000_LIVE_BIRTHS,UN_IGME,False
SH_DYN_MORT,ARG,Argentina,2009,16.43318227,16.0993,16.7834,MALE,<5Y,G,C,PER_1000_LIVE_BIRTHS,UN_IGME,False
SH_DYN_MORT,ARG,Argentina,2009,14.95113572,14.6675,15.2399,BOTHSEX,<5Y,G,C,PER_1000_LIVE_BIRTHS,UN_IGME,True
SH_DYN_MORT,ARG,Argentina,2010,14.43955018,14.1657,14.7125,BOTHSEX,<5Y,G,C,PER_1000_LIVE_BIRTHS,UN_IGME,True
SH_DYN_MORT,ARG,Argentina,2010,15.84317022,15.5216,16.1749,MALE,<5Y,G,C,PER_1000_LIVE_BIRTHS,UN_IGME,False
SH_DYN_MORT,ARG,Argentina,2010,12.96591266,12.6815,13.2434,FEMALE,<5Y,G,C,PER_1000_LIVE_BIRTHS,UN_IGME,False
SH_DYN_MORT,ARG,Argentina,2011,12.50387572,12.2359,12.7693,FEMALE,<5Y,G,C,PER_1000_LIVE_BIRTHS,UN_IGME,False
SH_DYN_MORT,ARG,Argentina,2011,15.16863913,14.847,15.4797,MALE,<5Y,G,C,PER_1000_LIVE_BIRTHS,UN_IGME,False
SH_DYN_MORT,ARG,Argentina,2011,13.86754359,13.6011,14.1273,BOTHSEX,<5Y,G,C,PER_1000_LIVE_BIRTHS,UN_IGME,True
SH_DYN_MORT,ARG,Argentina,2012,13.28005527,13.0148,13.5384,BOTHSEX,<5Y,G,C,PER_1000_LIVE_BIRTHS,UN_IGME,True
SH_DYN_MORT,ARG,Argentina,2012,14.46538696,14.1583,14.7686,MALE,<5Y,G,C,PER_1000_LIVE_BIRTHS,UN_IGME,False
SH_DYN_MORT,ARG,Argentina,2012,12.03481445,11.7636,12.3047,FEMALE,<5Y,G,C,PER_1000_LIVE_BIRTHS,UN_IGME,False
SH_DYN_MORT,ARG,Argentina,2013,11.51068915,11.2452,11.7887,FEMALE,<5Y,G,C,PER_1000_LIVE_BIRTHS,UN_IGME,False
SH_DYN_MORT,ARG,Argentina,2013,13.85285276,13.5347,14.1602,MALE,<5Y,G,C,PER_1000_LIVE_BIRTHS,UN_IGME,False
SH_DYN_MORT,ARG,Argentina,2013,12.70996893,12.445,12.9795,BOTHSEX,<5Y,G,C,PER_1000_LIVE_BIRTHS,UN_IGME,True
SH_DYN_MORT,ARG,Argentina,2014,12.19158363,11.8798,12.5107,BOTHSEX,<5Y,G,C,PER_1000_LIVE_BIRTHS,UN_IGME,True
SH_DYN_MORT,ARG,Argentina,2014,13.30355655,12.9417,13.6699,MALE,<5Y,G,C,PER_1000_LIVE_BIRTHS,UN_IGME,False
SH_DYN_MORT,ARG,Argentina,2014,11.02672004,10.7185,11.3374,FEMALE,<5Y,G,C,PER_1000_LIVE_BIRTHS,UN_IGME,False
SH_DYN_MORT,ARG,Argentina,2015,10.57673982,10.2167,10.9396,FEMALE,<5Y,G,C,PER_1000_LIVE_BIRTHS,UN_IGME,False
SH_DYN_MORT,ARG,Argentina,2015,12.85468433,12.4169,13.2845,MALE,<5Y,G,C,PER_1000_LIVE_BIRTHS,UN_IGME,False
SH_DYN_MORT,ARG,Argentina,2015,11.74365892,11.3609,12.1278,BOTHSEX,<5Y,G,C,PER_1000_LIVE_BIRTHS,UN_IGME,True
SH_DYN_MORT,ARG,Argentina,2016,11.36042277,10.9057,11.8273,BOTHSEX,<5Y,G,C,PER_1000_LIVE_BIRTHS,UN_IGME,True
SH_DYN_MORT,ARG,Argentina,2016,12.4890626,11.9772,13.0133,MALE,<5Y,G,C,PER_1000_LIVE_BIRTHS,UN_IGME,False
SH_DYN_MORT,ARG,Argentina,2016,10.17474645,9.75847,10.615,FEMALE,<5Y,G,C,PER_1000_LIVE_BIRTHS,UN_IGME,False
SH_DYN_MORT,ARG,Argentina,2017,9.84291769,9.37195,10.3351,FEMALE,<5Y,G,C,PER_1000_LIVE_BIRTHS,UN_IGME,False
SH_DYN_MORT,ARG,Argentina,2017,12.16178298,11.5943,12.7718,MALE,<5Y,G,C,PER_1000_LIVE_BIRTHS,UN_IGME,False
SH_DYN_MORT,ARG,Argentina,2017,11.03109264,10.5201,11.5722,BOTHSEX,<5Y,G,C,PER_1000_LIVE_BIRTHS,UN_IGME,True
SH_DYN_MORT,ARG,Argentina,2018,10.74530585,10.2022,11.3224,BOTHSEX,<5Y,G,C,PER_1000_LIVE_BIRTHS,UN_IGME,True
SH_DYN_MORT,ARG,Argentina,2018,12.01572735,11.3985,12.6768,MALE,<5Y,G,C,PER_1000_LIVE_BIRTHS,UN_IGME,False
SH_DYN_MORT,ARG,Argentina,2018,9.412142874,8.92878,9.93068,FEMALE,<5Y,G,C,PER_1000_LIVE_BIRTHS,UN_IGME,False
SH_DYN_MORT,ARG,Argentina,2019,9.162298473,8.65868,9.71308,FEMALE,<5Y,G,C,PER_1000_LIVE_BIRTHS,UN_IGME,False
SH_DYN_MORT,ARG,Argentina,2019,11.76059086,11.1178,12.4703,MALE,<5Y,G,C,PER_1000_LIVE_BIRTHS,UN_IGME,False
SH_DYN_MORT,ARG,Argentina,2019,10.49170335,9.92503,11.1189,BOTHSEX,<5Y,G,C,PER_1000_LIVE_BIRTHS,UN_IGME,True
SH_DYN_MORT,ARG,Argentina,2020,10.27218199,9.66635,10.9447,BOTHSEX,<5Y,G,C,PER_1000_LIVE_BIRTHS,UN_IGME,True
SH_DYN_MORT,ARG,Argentina,2020,11.46751863,10.7881,12.2239,MALE,<5Y,G,C,PER_1000_LIVE_BIRTHS,UN_IGME,False
SH_DYN_MORT,ARG,Argentina,2020,9.015036605,8.4706,9.60961,FEMALE,<5Y,G,C,PER_1000_LIVE_BIRTHS,UN_IGME,False
SH_DYN_MORT,ARG,Argentina,2021,8.934774126,8.33286,9.60339,FEMALE,<5Y,G,C,PER_1000_LIVE_BIRTHS,UN_IGME,False
SH_DYN_MORT,ARG,Argentina,2021,11.14974499,10.409,11.9703,MALE,<5Y,G,C,PER_1000_LIVE_BIRTHS,UN_IGME,False
SH_DYN_MORT,ARG,Argentina,2021,10.07040127,9.40424,10.8081,BOTHSEX,<5Y,G,C,PER_1000_LIVE_BIRTHS,UN_IGME,True
SH_DYN_MORT,ARG,Argentina,2022,9.883512081,9.10903,10.7395,BOTHSEX,<5Y,G,C,PER_1000_LIVE_BIRTHS,UN_IGME,True
SH_DYN_MORT,ARG,Argentina,2022,10.87686225,10.0186,11.8302,MALE,<5Y,G,C,PER_1000_LIVE_BIRTHS,UN_IGME,False
SH_DYN_MORT,ARG,Argentina,2022,8.834652356,8.13016,9.61499,FEMALE,<5Y,G,C,PER_1000_LIVE_BIRTHS,UN_IGME,False
SH_DYN_MORT,ARG,Argentina,2023,8.707184129,7.84541,9.66838,FEMALE,<5Y,G,C,PER_1000_LIVE_BIRTHS,UN_IGME,False
SH_DYN_MORT,ARG,Argentina,2023,10.65975932,9.60737,11.8174,MALE,<5Y,G,C,PER_1000_LIVE_BIRTHS,UN_IGME,False
SH_DYN_MORT,ARG,Argentina,2023,9.71162994,8.75524,10.7681,BOTHSEX,<5Y,G,C,PER_1000_LIVE_BIRTHS,UN_IGME,True
SH_DYN_MORT,ARG,Argentina,2024,9.514134469,8.37553,10.8327,BOTHSEX,<5Y,G,C,PER_1000_LIVE_BIRTHS,UN_IGME,True
SH_DYN_MORT,ARG,Argentina,2024,10.44932821,9.19547,11.9031,MALE,<5Y,G,C,PER_1000_LIVE_BIRTHS,UN_IGME,False
SH_DYN_MORT,ARG,Argentina,2024,8.539082866,7.50647,9.73676,FEMALE,<5Y,G,C,PER_1000_LIVE_BIRTHS,UN_IGME,False
SH_DYN_MORT,BOL,Bolivia,2000,65.82610743,61.3332,70.743,FEMALE,<5Y,G,C,PER_1000_LIVE_BIRTHS,UN_IGME,False
SH_DYN_MORT,BOL,Bolivia,2000,75.30101462,70.2125,80.8691,MALE,<5Y,G,C,PER_1000_LIVE_BIRTHS,UN_IGME,False
SH_DYN_MORT,BOL,Bolivia,2000,70.70756993,66.0929,75.7139,BOTHSEX,<5Y,G,C,PER_1000_LIVE_BIRTHS,UN_IGME,True
SH_DYN_MORT,BOL,Bolivia,2001,70.82698871,65.9237,76.1463,MALE,<5Y,G,C,PER_1000_LIVE_BIRTHS,UN_IGME,False
SH_DYN_MORT,BOL,Bolivia,2001,61.55830327,57.2476,66.2587,FEMALE,<5Y,G,C,PER_1000_LIVE_BIRTHS,UN_IGME,False
SH_DYN_MORT,BOL,Bolivia,2001,66.31178702,61.9147,71.1108,BOTHSEX,<5Y,G,C,PER_1000_LIVE_BIRTHS,UN_IGME,True
SH_DYN_MORT,BOL,Bolivia,2002,62.13154054,57.9167,66.7343,BOTHSEX,<5Y,G,C,PER_1000_LIVE_BIRTHS,UN_IGME,True
SH_DYN_MORT,BOL,Bolivia,2002,57.49892573,53.2963,62.083,FEMALE,<5Y,G,C,PER_1000_LIVE_BIRTHS,UN_IGME,False
SH_DYN_MORT,BOL,Bolivia,2002,66.55560254,61.8798,71.7317,MALE,<5Y,G,C,PER_1000_LIVE_BIRTHS,UN_IGME,False
SH_DYN_MORT,BOL,Bolivia,2003,62.52923288,57.963,67.6491,MALE,<5Y,G,C,PER_1000_LIVE_BIRTHS,UN_IGME,False
SH_DYN_MORT,BOL,Bolivia,2003,53.65755385,49.6165,58.0524,FEMALE,<5Y,G,C,PER_1000_LIVE_BIRTHS,UN_IGME,False
SH_DYN_MORT,BOL,Bolivia,2003,58.19206505,53.9989,62.6736,BOTHSEX,<5Y,G,C,PER_1000_LIVE_BIRTHS,UN_IGME,True
SH_DYN_MORT,BOL,Bolivia,2004,54.48046685,50.4172,58.8619,BOTHSEX,<5Y,G,C,PER_1000_LIVE_BIRTHS,UN_IGME,True
SH_DYN_MORT,BOL,Bolivia,2004,50.06505329,46.0871,54.3034,FEMALE,<5Y,G,C,PER_1000_LIVE_BIRTHS,UN_IGME,False
SH_DYN_MORT,BOL,Bolivia,2004,58.71760139,54.195,63.6906,MALE,<5Y,G,C,PER_1000_LIVE_BIRTHS,UN_IGME,False
SH_DYN_MORT,BOL,Bolivia,2005,55.05323531,50.6469,59.9711,MALE,<5Y,G,C,PER_1000_LIVE_BIRTHS,UN_IGME,False
SH_DYN_MORT,BOL,Bolivia,2005,46.72826764,42.8127,50.8423,FEMALE,<5Y,G,C,PER_1000_LIVE_BIRTHS,UN_IGME,False
SH_DYN_MORT,BOL,Bolivia,2005,51.01339799,47.0026,55.2418,BOTHSEX,<5Y,G,C,PER_1000_LIVE_BIRTHS,UN_IGME,True
SH_DYN_MORT,BOL,Bolivia,2006,47.74024611,43.8254,51.8912,BOTHSEX,<5Y,G,C,PER_1000_LIVE_BIRTHS,UN_IGME,True
SH_DYN_MORT,BOL,Bolivia,2006,43.61481895,39.7986,47.6183,FEMALE,<5Y,G,C,PER_1000_LIVE_BIRTHS,UN_IGME,False
SH_DYN_MORT,BOL,Bolivia,2006,51.63730785,47.2383,56.4392,MALE,<5Y,G,C,PER_1000_LIVE_BIRTHS,UN_IGME,False
SH_DYN_MORT,BOL,Bolivia,2007,48.41231056,44.0997,53.1411,MALE,<5Y,G,C,PER_1000_LIVE_BIRTHS,UN_IGME,False
SH_DYN_MORT,BOL,Bolivia,2007,40.69523851,36.9704,44.6618,FEMALE,<5Y,G,C,PER_1000_LIVE_BIRTHS,UN_IGME,False
SH_DYN_MORT,BOL,Bolivia,2007,44.67046733,40.7981,48.7639,BOTHSEX,<5Y,G,C,PER_1000_LIVE_BIRTHS,UN_IGME,True
SH_DYN_MORT,BOL,Bolivia,2008,41.80440211,38.0148,45.8961,BOTHSEX,<5Y,G,C,PER_1000_LIVE_BIRTHS,UN_IGME,True
SH_DYN_MORT,BOL,Bolivia,2008,38.05836294,34.413,41.9881,FEMALE,<5Y,G,C,PER_1000_LIVE_BIRTHS,UN_IGME,False
SH_DYN_MORT,BOL,Bolivia,2008,45.35992125,41.115,49.9594,MALE,<5Y,G,C,PER_1000_LIVE_BIRTHS,UN_IGME,False
SH_DYN_MORT,BOL,Bolivia,2009,42.58364093,38.4035,47.1264,MALE,<5Y,G,C,PER_1000_LIVE_BIRTHS,UN_IGME,False
SH_DYN_MORT,BOL,Bolivia,2009,35.54114759,31.9458,39.4409,FEMALE,<5Y,G,C,PER_1000_LIVE_BIRTHS,UN_IGME,False
SH_DYN_MORT,BOL,Bolivia,2009,39.1467158,35.4089,43.25,BOTHSEX,<5Y,G,C,PER_1000_LIVE_BIRTHS,UN_IGME,True
SH_DYN_MORT,BOL,Bolivia,2010,36.68580739,33.0144,40.7307,BOTHSEX,<5Y,G,C,PER_1000_LIVE_BIRTHS,UN_IGME,True
SH_DYN_MORT,BOL,Bolivia,2010,33.25278103,29.6854,37.1663,FEMALE,<5Y,G,C,PER_1000_LIVE_BIRTHS,UN_IGME,False
SH_DYN_MORT,BOL,Bolivia,2010,39.97885057,35.8674,44.5373,MALE,<5Y,G,C,PER_1000_LIVE_BIRTHS,UN_IGME,False
SH_DYN_MORT,BOL,Bolivia,2011,37.53449347,33.3975,41.9913,MALE,<5Y,G,C,PER_1000_LIVE_BIRTHS,UN_IGME,False
SH_DYN_MORT,BOL,Bolivia,2011,31.18690862,27.6449,35.0142,FEMALE,<5Y,G,C,PER_1000_LIVE_BIRTHS,UN_IGME,False
SH_DYN_MORT,BOL,Bolivia,2011,34.44473789,30.7538,38.4436,BOTHSEX,<5Y,G,C,PER_1000_LIVE_BIRTHS,UN_IGME,True
SH_DYN_MORT,BOL,Bolivia,2012,32.33024488,28.6727,36.273,BOTHSEX,<5Y,G,C,PER_1000_LIVE_BIRTHS,UN_IGME,True
SH_DYN_MORT,BOL,Bolivia,2012,29.22784019,25.7414,32.988,FEMALE,<5Y,G,C,PER_1000_LIVE_BIRTHS,UN_IGME,False
SH_DYN_MORT,BOL,Bolivia,2012,35.24647821,31.196,39.7116,MALE,<5Y,G,C,PER_1000_LIVE_BIRTHS,UN_IGME,False
SH_DYN_MORT,BOL,Bolivia,2013,33.1028667,29.0548,37.5788,MALE,<5Y,G,C,PER_1000_LIVE_BIRTHS,UN_IGME,False
SH_DYN_MORT,BOL,Bolivia,2013,27.3985395,23.9898,31.2058,FEMALE,<5Y,G,C,PER_1000_LIVE_BIRTHS,UN_IGME,False
SH_DYN_MORT,BOL,Bolivia,2013,30.32028566,26.6902,34.3052,BOTHSEX,<5Y,G,C,PER_1000_LIVE_BIRTHS,UN_IGME,True
SH_DYN_MORT,BOL,Bolivia,2014,28.43542181,24.8269,32.4445,BOTHSEX,<5Y,G,C,PER_1000_LIVE_BIRTHS,UN_IGME,True
SH_DYN_MORT,BOL,Bolivia,2014,25.69156059,22.2857,29.485,FEMALE,<5Y,G,C,PER_1000_LIVE_BIRTHS,UN_IGME,False
SH_DYN_MORT,BOL,Bolivia,2014,31.06106792,27.0691,35.6041,MALE,<5Y,G,C,PER_1000_LIVE_BIRTHS,UN_IGME,False
SH_DYN_MORT,BOL,Bolivia,2015,29.13848044,25.1151,33.7463,MALE,<5Y,G,C,PER_1000_LIVE_BIRTHS,UN_IGME,False
SH_DYN_MORT,BOL,Bolivia,2015,24.09293033,20.6963,27.9827,FEMALE,<5Y,G,C,PER_1000_LIVE_BIRTHS,UN_IGME,False
SH_DYN_MORT,BOL,Bolivia,2015,26.67796911,23.0545,30.7676,BOTHSEX,<5Y,G,C,PER_1000_LIVE_BIRTHS,UN_IGME,True
SH_DYN_MORT,BOL,Bolivia,2016,25.01234781,21.3791,29.2309,BOTHSEX,<5Y,G,C,PER_1000_LIVE_BIRTHS,UN_IGME,True
SH_DYN_MORT,BOL,Bolivia,2016,22.56918936,19.1651,26.5613,FEMALE,<5Y,G,C,PER_1000_LIVE_BIRTHS,UN_IGME,False
SH_DYN_MORT,BOL,Bolivia,2016,27.32455373,23.2854,32.048,MALE,<5Y,G,C,PER_1000_LIVE_BIRTHS,UN_IGME,False
SH_DYN_MORT,BOL,Bolivia,2017,25.6409136,21.5459,30.4524,MALE,<5Y,G,C,PER_1000_LIVE_BIRTHS,UN_IGME,False
SH_DYN_MORT,BOL,Bolivia,2017,21.15478638,17.7287,25.246,FEMALE,<5Y,G,C,PER_1000_LIVE_BIRTHS,UN_IGME,False
SH_DYN_MORT,BOL,Bolivia,2017,23.44885747,19.7855,27.7751,BOTHSEX,<5Y,G,C,PER_1000_LIVE_BIRTHS,UN_IGME,True
SH_DYN_MORT,BOL,Bolivia,2018,21.98442216,18.2461,26.4497,BOTHSEX,<5Y,G,C,PER_1000_LIVE_BIRTHS,UN_IGME,True
SH_DYN_MORT,BOL,Bolivia,2018,19.81166574,16.361,24.0324,FEMALE,<5Y,G,C,PER_1000_LIVE_BIRTHS,UN_IGME,False
SH_DYN_MORT,BOL,Bolivia,2018,24.07668502,19.9167,28.9599,MALE,<5Y,G,C,PER_1000_LIVE_BIRTHS,UN_IGME,False
SH_DYN_MORT,BOL,Bolivia,2019,22.55429497,18.3516,27.688,MALE,<5Y,G,C,PER_1000_LIVE_BIRTHS,UN_IGME,False
SH_DYN_MORT,BOL,Bolivia,2019,18.56211437,15.1112,22.921,FEMALE,<5Y,G,C,PER_1000_LIVE_BIRTHS,UN_IGME,False
SH_DYN_MORT,BOL,Bolivia,2019,20.60072774,16.8155,25.2551,BOTHSEX,<5Y,G,C,PER_1000_LIVE_BIRTHS,UN_IGME,True
SH_DYN_MORT,BOL,Bolivia,2020,19.34359487,15.5062,24.1077,BOTHSEX,<5Y,G,C,PER_1000_LIVE_BIRTHS,UN_IGME,True
SH_DYN_MORT,BOL,Bolivia,2020,17.41311391,13.8911,21.8563,FEMALE,<5Y,G,C,PER_1000_LIVE_BIRTHS,UN_IGME,False
SH_DYN_MORT,BOL,Bolivia,2020,21.16358632,16.9259,26.4617,MALE,<5Y,G,C,PER_1000_LIVE_BIRTHS,UN_IGME,False
SH_DYN_MORT,BOL,Bolivia,2021,19.93382935,15.6398,25.3846,MALE,<5Y,G,C,PER_1000_LIVE_BIRTHS,UN_IGME,False
SH_DYN_MORT,BOL,Bolivia,2021,16.38684365,12.8625,20.8904,FEMALE,<5Y,G,C,PER_1000_LIVE_BIRTHS,UN_IGME,False
SH_DYN_MORT,BOL,Bolivia,2021,18.21927319,14.2983,23.1021,BOTHSEX,<5Y,G,C,PER_1000_LIVE_BIRTHS,UN_IGME,True
SH_DYN_MORT,BOL,Bolivia,2022,17.25960514,13.3071,22.2791,BOTHSEX,<5Y,G,C,PER_1000_LIVE_BIRTHS,UN_IGME,True
SH_DYN_MORT,BOL,Bolivia,2022,18.88145583,14.5157,24.459,MALE,<5Y,G,C,PER_1000_LIVE_BIRTHS,UN_IGME,False
SH_DYN_MORT,BOL,Bolivia,2022,15.5214328,11.9748,20.1732,FEMALE,<5Y,G,C,PER_1000_LIVE_BIRTHS,UN_IGME,False
SH_DYN_MORT,BOL,Bolivia,2023,14.77493416,11.2172,19.6476,FEMALE,<5Y,G,C,PER_1000_LIVE_BIRTHS,UN_IGME,False
SH_DYN_MORT,BOL,Bolivia,2023,17.99183583,13.57,23.7482,MALE,<5Y,G,C,PER_1000_LIVE_BIRTHS,UN_IGME,False
SH_DYN_MORT,BOL,Bolivia,2023,16.42841244,12.4482,21.652,BOTHSEX,<5Y,G,C,PER_1000_LIVE_BIRTHS,UN_IGME,True
SH_DYN_MORT,BOL,Bolivia,2024,15.69645799,11.6558,21.2015,BOTHSEX,<5Y,G,C,PER_1000_LIVE_BIRTHS,UN_IGME,True
SH_DYN_MORT,BOL,Bolivia,2024,17.17122684,12.7185,23.1915,MALE,<5Y,G,C,PER_1000_LIVE_BIRTHS,UN_IGME,False
SH_DYN_MORT,BOL,Bolivia,2024,14.12907832,10.4981,19.2159,FEMALE,<5Y,G,C,PER_1000_LIVE_BIRTHS,UN_IGME,False
SH_DYN_MORT,BRA,Brazil,2000,34.44482412,32.1941,36.8411,BOTHSEX,<5Y,G,C,PER_1000_LIVE_BIRTHS,UN_IGME,True
SH_DYN_MORT,BRA,Brazil,2000,30.45721188,28.1123,33.0779,FEMALE,<5Y,G,C,PER_1000_LIVE_BIRTHS,UN_IGME,False
SH_DYN_MORT,BRA,Brazil,2000,38.21599773,35.4202,41.1256,MALE,<5Y,G,C,PER_1000_LIVE_BIRTHS,UN_IGME,False
SH_DYN_MORT,BRA,Brazil,2001,35.77894152,33.1118,38.5353,MALE,<5Y,G,C,PER_1000_LIVE_BIRTHS,UN_IGME,False
SH_DYN_MORT,BRA,Brazil,2001,28.50120434,26.275,30.9344,FEMALE,<5Y,G,C,PER_1000_LIVE_BIRTHS,UN_IGME,False
SH_DYN_MORT,BRA,Brazil,2001,32.22798634,30.1286,34.5217,BOTHSEX,<5Y,G,C,PER_1000_LIVE_BIRTHS,UN_IGME,True
SH_DYN_MORT,BRA,Brazil,2002,30.13344051,28.1689,32.2463,BOTHSEX,<5Y,G,C,PER_1000_LIVE_BIRTHS,UN_IGME,True
SH_DYN_MORT,BRA,Brazil,2002,26.63487894,24.5653,28.8963,FEMALE,<5Y,G,C,PER_1000_LIVE_BIRTHS,UN_IGME,False
SH_DYN_MORT,BRA,Brazil,2002,33.46292889,31.0204,36.0356,MALE,<5Y,G,C,PER_1000_LIVE_BIRTHS,UN_IGME,False
SH_DYN_MORT,BRA,Brazil,2003,31.29082475,28.9928,33.6778,MALE,<5Y,G,C,PER_1000_LIVE_BIRTHS,UN_IGME,False
SH_DYN_MORT,BRA,Brazil,2003,24.87871034,22.913,26.985,FEMALE,<5Y,G,C,PER_1000_LIVE_BIRTHS,UN_IGME,False
SH_DYN_MORT,BRA,Brazil,2003,28.18429279,26.3222,30.098,BOTHSEX,<5Y,G,C,PER_1000_LIVE_BIRTHS,UN_IGME,True
SH_DYN_MORT,BRA,Brazil,2004,26.33422023,24.6417,28.0933,BOTHSEX,<5Y,G,C,PER_1000_LIVE_BIRTHS,UN_IGME,True
SH_DYN_MORT,BRA,Brazil,2004,23.24093062,21.3964,25.181,FEMALE,<5Y,G,C,PER_1000_LIVE_BIRTHS,UN_IGME,False
SH_DYN_MORT,BRA,Brazil,2004,29.24040383,27.1066,31.4757,MALE,<5Y,G,C,PER_1000_LIVE_BIRTHS,UN_IGME,False
SH_DYN_MORT,BRA,Brazil,2005,27.34156289,25.4001,29.3971,MALE,<5Y,G,C,PER_1000_LIVE_BIRTHS,UN_IGME,False
SH_DYN_MORT,BRA,Brazil,2005,21.73973239,20.0509,23.5184,FEMALE,<5Y,G,C,PER_1000_LIVE_BIRTHS,UN_IGME,False
SH_DYN_MORT,BRA,Brazil,2005,24.62574107,23.103,26.1828,BOTHSEX,<5Y,G,C,PER_1000_LIVE_BIRTHS,UN_IGME,True
SH_DYN_MORT,BRA,Brazil,2006,23.08053688,21.7573,24.4776,BOTHSEX,<5Y,G,C,PER_1000_LIVE_BIRTHS,UN_IGME,True
SH_DYN_MORT,BRA,Brazil,2006,20.3885608,18.8505,21.9795,FEMALE,<5Y,G,C,PER_1000_LIVE_BIRTHS,UN_IGME,False
SH_DYN_MORT,BRA,Brazil,2006,25.6367746,23.9084,27.4771,MALE,<5Y,G,C,PER_1000_LIVE_BIRTHS,UN_IGME,False
SH_DYN_MORT,BRA,Brazil,2007,24.12940538,22.6104,25.7121,MALE,<5Y,G,C,PER_1000_LIVE_BIRTHS,UN_IGME,False
SH_DYN_MORT,BRA,Brazil,2007,19.18228113,17.8237,20.592,FEMALE,<5Y,G,C,PER_1000_LIVE_BIRTHS,UN_IGME,False
SH_DYN_MORT,BRA,Brazil,2007,21.72107294,20.6165,22.884,BOTHSEX,<5Y,G,C,PER_1000_LIVE_BIRTHS,UN_IGME,True
SH_DYN_MORT,BRA,Brazil,2008,20.52473656,19.62,21.4573,BOTHSEX,<5Y,G,C,PER_1000_LIVE_BIRTHS,UN_IGME,True
SH_DYN_MORT,BRA,Brazil,2008,18.13393775,16.9439,19.3688,FEMALE,<5Y,G,C,PER_1000_LIVE_BIRTHS,UN_IGME,False
SH_DYN_MORT,BRA,Brazil,2008,22.80259051,21.5067,24.1346,MALE,<5Y,G,C,PER_1000_LIVE_BIRTHS,UN_IGME,False
SH_DYN_MORT,BRA,Brazil,2009,21.64635317,20.5524,22.7711,MALE,<5Y,G,C,PER_1000_LIVE_BIRTHS,UN_IGME,False
SH_DYN_MORT,BRA,Brazil,2009,17.22174214,16.1849,18.2992,FEMALE,<5Y,G,C,PER_1000_LIVE_BIRTHS,UN_IGME,False
SH_DYN_MORT,BRA,Brazil,2009,19.48984131,18.8136,20.1933,BOTHSEX,<5Y,G,C,PER_1000_LIVE_BIRTHS,UN_IGME,True
SH_DYN_MORT,BRA,Brazil,2010,18.60765066,18.1173,19.1121,BOTHSEX,<5Y,G,C,PER_1000_LIVE_BIRTHS,UN_IGME,True
SH_DYN_MORT,BRA,Brazil,2010,16.4507216,15.5286,17.3984,FEMALE,<5Y,G,C,PER_1000_LIVE_BIRTHS,UN_IGME,False
SH_DYN_MORT,BRA,Brazil,2010,20.67122924,19.7031,21.6159,MALE,<5Y,G,C,PER_1000_LIVE_BIRTHS,UN_IGME,False
SH_DYN_MORT,BRA,Brazil,2011,19.83061075,18.9579,20.6865,MALE,<5Y,G,C,PER_1000_LIVE_BIRTHS,UN_IGME,False
SH_DYN_MORT,BRA,Brazil,2011,15.7987676,14.9261,16.6705,FEMALE,<5Y,G,C,PER_1000_LIVE_BIRTHS,UN_IGME,False
SH_DYN_MORT,BRA,Brazil,2011,17.85885826,17.4771,18.2456,BOTHSEX,<5Y,G,C,PER_1000_LIVE_BIRTHS,UN_IGME,True
SH_DYN_MORT,BRA,Brazil,2012,17.23884303,16.8936,17.5792,BOTHSEX,<5Y,G,C,PER_1000_LIVE_BIRTHS,UN_IGME,True
SH_DYN_MORT,BRA,Brazil,2012,15.25090738,14.4096,16.0881,FEMALE,<5Y,G,C,PER_1000_LIVE_BIRTHS,UN_IGME,False
SH_DYN_MORT,BRA,Brazil,2012,19.14379684,18.3145,19.947,MALE,<5Y,G,C,PER_1000_LIVE_BIRTHS,UN_IGME,False
SH_DYN_MORT,BRA,Brazil,2013,18.55551567,17.7403,19.3959,MALE,<5Y,G,C,PER_1000_LIVE_BIRTHS,UN_IGME,False
SH_DYN_MORT,BRA,Brazil,2013,14.80948926,13.9644,15.6328,FEMALE,<5Y,G,C,PER_1000_LIVE_BIRTHS,UN_IGME,False
SH_DYN_MORT,BRA,Brazil,2013,16.72553971,16.3708,17.104,BOTHSEX,<5Y,G,C,PER_1000_LIVE_BIRTHS,UN_IGME,True
SH_DYN_MORT,BRA,Brazil,2014,16.30569814,15.8832,16.7444,BOTHSEX,<5Y,G,C,PER_1000_LIVE_BIRTHS,UN_IGME,True
SH_DYN_MORT,BRA,Brazil,2014,14.44093917,13.6047,15.277,FEMALE,<5Y,G,C,PER_1000_LIVE_BIRTHS,UN_IGME,False
SH_DYN_MORT,BRA,Brazil,2014,18.08292582,17.2414,18.9577,MALE,<5Y,G,C,PER_1000_LIVE_BIRTHS,UN_IGME,False
SH_DYN_MORT,BRA,Brazil,2015,17.68989911,16.8035,18.6276,MALE,<5Y,G,C,PER_1000_LIVE_BIRTHS,UN_IGME,False
SH_DYN_MORT,BRA,Brazil,2015,14.13436318,13.2812,15.0078,FEMALE,<5Y,G,C,PER_1000_LIVE_BIRTHS,UN_IGME,False
SH_DYN_MORT,BRA,Brazil,2015,15.96333037,15.4452,16.5036,BOTHSEX,<5Y,G,C,PER_1000_LIVE_BIRTHS,UN_IGME,True
SH_DYN_MORT,BRA,Brazil,2016,16.77145723,16.1135,17.4514,BOTHSEX,<5Y,G,C,PER_1000_LIVE_BIRTHS,UN_IGME,True
SH_DYN_MORT,BRA,Brazil,2016,14.97362781,14.018,15.9669,FEMALE,<5Y,G,C,PER_1000_LIVE_BIRTHS,UN_IGME,False
SH_DYN_MORT,BRA,Brazil,2016,18.48381236,17.4414,19.5516,MALE,<5Y,G,C,PER_1000_LIVE_BIRTHS,UN_IGME,False
SH_DYN_MORT,BRA,Brazil,2017,17.09814854,16.0705,18.1864,MALE,<5Y,G,C,PER_1000_LIVE_BIRTHS,UN_IGME,False
SH_DYN_MORT,BRA,Brazil,2017,13.66620937,12.7581,14.6469,FEMALE,<5Y,G,C,PER_1000_LIVE_BIRTHS,UN_IGME,False
SH_DYN_MORT,BRA,Brazil,2017,15.42696463,14.7268,16.1541,BOTHSEX,<5Y,G,C,PER_1000_LIVE_BIRTHS,UN_IGME,True
SH_DYN_MORT,BRA,Brazil,2018,15.21656289,14.4324,16.0259,BOTHSEX,<5Y,G,C,PER_1000_LIVE_BIRTHS,UN_IGME,True
SH_DYN_MORT,BRA,Brazil,2018,13.4778365,12.5176,14.4949,FEMALE,<5Y,G,C,PER_1000_LIVE_BIRTHS,UN_IGME,False
SH_DYN_MORT,BRA,Brazil,2018,16.8616583,15.7815,18.0426,MALE,<5Y,G,C,PER_1000_LIVE_BIRTHS,UN_IGME,False
SH_DYN_MORT,BRA,Brazil,2019,16.64908265,15.5029,17.8993,MALE,<5Y,G,C,PER_1000_LIVE_BIRTHS,UN_IGME,False
SH_DYN_MORT,BRA,Brazil,2019,13.32074413,12.3015,14.3983,FEMALE,<5Y,G,C,PER_1000_LIVE_BIRTHS,UN_IGME,False
SH_DYN_MORT,BRA,Brazil,2019,15.03034564,14.1779,15.9351,BOTHSEX,<5Y,G,C,PER_1000_LIVE_BIRTHS,UN_IGME,True
SH_DYN_MORT,BRA,Brazil,2020,14.87361237,13.9038,15.8957,BOTHSEX,<5Y,G,C,PER_1000_LIVE_BIRTHS,UN_IGME,True
SH_DYN_MORT,BRA,Brazil,2020,13.17372027,12.094,14.3414,FEMALE,<5Y,G,C,PER_1000_LIVE_BIRTHS,UN_IGME,False
SH_DYN_MORT,BRA,Brazil,2020,16.4770684,15.2272,17.8216,MALE,<5Y,G,C,PER_1000_LIVE_BIRTHS,UN_IGME,False
SH_DYN_MORT,BRA,Brazil,2021,16.32542038,14.8944,17.8767,MALE,<5Y,G,C,PER_1000_LIVE_BIRTHS,UN_IGME,False
SH_DYN_MORT,BRA,Brazil,2021,13.044723,11.8491,14.3939,FEMALE,<5Y,G,C,PER_1000_LIVE_BIRTHS,UN_IGME,False
SH_DYN_MORT,BRA,Brazil,2021,14.72353474,13.5644,15.9869,BOTHSEX,<5Y,G,C,PER_1000_LIVE_BIRTHS,UN_IGME,True
SH_DYN_MORT,BRA,Brazil,2022,14.58825016,13.1747,16.1687,BOTHSEX,<5Y,G,C,PER_1000_LIVE_BIRTHS,UN_IGME,True
SH_DYN_MORT,BRA,Brazil,2022,12.92834126,11.5435,14.5118,FEMALE,<5Y,G,C,PER_1000_LIVE_BIRTHS,UN_IGME,False
SH_DYN_MORT,BRA,Brazil,2022,16.17405571,14.4761,18.05,MALE,<5Y,G,C,PER_1000_LIVE_BIRTHS,UN_IGME,False
SH_DYN_MORT,BRA,Brazil,2023,15.9872834,13.952,18.2684,MALE,<5Y,G,C,PER_1000_LIVE_BIRTHS,UN_IGME,False
SH_DYN_MORT,BRA,Brazil,2023,12.79493052,11.1812,14.7069,FEMALE,<5Y,G,C,PER_1000_LIVE_BIRTHS,UN_IGME,False
SH_DYN_MORT,BRA,Brazil,2023,14.42472322,12.7114,16.4002,BOTHSEX,<5Y,G,C,PER_1000_LIVE_BIRTHS,UN_IGME,True
SH_DYN_MORT,BRA,Brazil,2024,14.21697211,12.1992,16.5876,BOTHSEX,<5Y,G,C,PER_1000_LIVE_BIRTHS,UN_IGME,True
SH_DYN_MORT,BRA,Brazil,2024,12.60471733,10.7231,14.8844,FEMALE,<5Y,G,C,PER_1000_LIVE_BIRTHS,UN_IGME,False
SH_DYN_MORT,BRA,Brazil,2024,15.74829442,13.3965,18.4668,MALE,<5Y,G,C,PER_1000_LIVE_BIRTHS,UN_IGME,False
SH_DYN_MORT,CHL,Chile,2000,10.90054953,10.6453,11.1619,BOTHSEX,<5Y,G,C,PER_1000_LIVE_BIRTHS,UN_IGME,True
SH_DYN_MORT,CHL,Chile,2000,11.88422885,11.5709,12.1985,MALE,<5Y,G,C,PER_1000_LIVE_BIRTHS,UN_IGME,False
SH_DYN_MORT,CHL,Chile,2000,9.869159542,9.60116,10.1458,FEMALE,<5Y,G,C,PER_1000_LIVE_BIRTHS,UN_IGME,False
SH_DYN_MORT,CHL,Chile,2001,9.333505697,9.08307,9.58759,FEMALE,<5Y,G,C,PER_1000_LIVE_BIRTHS,UN_IGME,False
SH_DYN_MORT,CHL,Chile,2001,11.28188561,10.9912,11.5617,MALE,<5Y,G,C,PER_1000_LIVE_BIRTHS,UN_IGME,False
SH_DYN_MORT,CHL,Chile,2001,10.33133828,10.0988,10.5642,BOTHSEX,<5Y,G,C,PER_1000_LIVE_BIRTHS,UN_IGME,True
SH_DYN_MORT,CHL,Chile,2002,9.819681969,9.59131,10.0448,BOTHSEX,<5Y,G,C,PER_1000_LIVE_BIRTHS,UN_IGME,True
SH_DYN_MORT,CHL,Chile,2002,10.73032749,10.4511,11.0054,MALE,<5Y,G,C,PER_1000_LIVE_BIRTHS,UN_IGME,False
SH_DYN_MORT,CHL,Chile,2002,8.861321495,8.62227,9.11207,FEMALE,<5Y,G,C,PER_1000_LIVE_BIRTHS,UN_IGME,False
SH_DYN_MORT,CHL,Chile,2003,8.526921147,8.28695,8.78019,FEMALE,<5Y,G,C,PER_1000_LIVE_BIRTHS,UN_IGME,False
SH_DYN_MORT,CHL,Chile,2003,10.3278918,10.0484,10.6015,MALE,<5Y,G,C,PER_1000_LIVE_BIRTHS,UN_IGME,False
SH_DYN_MORT,CHL,Chile,2003,9.449360954,9.22065,9.67678,BOTHSEX,<5Y,G,C,PER_1000_LIVE_BIRTHS,UN_IGME,True
SH_DYN_MORT,CHL,Chile,2004,9.238648579,9.04205,9.44195,BOTHSEX,<5Y,G,C,PER_1000_LIVE_BIRTHS,UN_IGME,True
SH_DYN_MORT,CHL,Chile,2004,10.1102729,9.86697,10.3681,MALE,<5Y,G,C,PER_1000_LIVE_BIRTHS,UN_IGME,False
SH_DYN_MORT,CHL,Chile,2004,8.322049737,8.10259,8.5464,FEMALE,<5Y,G,C,PER_1000_LIVE_BIRTHS,UN_IGME,False
SH_DYN_MORT,CHL,Chile,2005,8.21647578,7.98701,8.45397,FEMALE,<5Y,G,C,PER_1000_LIVE_BIRTHS,UN_IGME,False
SH_DYN_MORT,CHL,Chile,2005,9.972950784,9.71437,10.2437,MALE,<5Y,G,C,PER_1000_LIVE_BIRTHS,UN_IGME,False
SH_DYN_MORT,CHL,Chile,2005,9.117139663,8.90253,9.33684,BOTHSEX,<5Y,G,C,PER_1000_LIVE_BIRTHS,UN_IGME,True
SH_DYN_MORT,CHL,Chile,2006,9.011214426,8.80866,9.21737,BOTHSEX,<5Y,G,C,PER_1000_LIVE_BIRTHS,UN_IGME,True
SH_DYN_MORT,CHL,Chile,2006,9.850372188,9.60673,10.1059,MALE,<5Y,G,C,PER_1000_LIVE_BIRTHS,UN_IGME,False
SH_DYN_MORT,CHL,Chile,2006,8.129516785,7.90996,8.3531,FEMALE,<5Y,G,C,PER_1000_LIVE_BIRTHS,UN_IGME,False
SH_DYN_MORT,CHL,Chile,2007,8.048420566,7.82821,8.26266,FEMALE,<5Y,G,C,PER_1000_LIVE_BIRTHS,UN_IGME,False
SH_DYN_MORT,CHL,Chile,2007,9.741851791,9.50159,9.99704,MALE,<5Y,G,C,PER_1000_LIVE_BIRTHS,UN_IGME,False
SH_DYN_MORT,CHL,Chile,2007,8.914845094,8.71876,9.12049,BOTHSEX,<5Y,G,C,PER_1000_LIVE_BIRTHS,UN_IGME,True
SH_DYN_MORT,CHL,Chile,2008,8.846318668,8.63255,9.05874,BOTHSEX,<5Y,G,C,PER_1000_LIVE_BIRTHS,UN_IGME,True
SH_DYN_MORT,CHL,Chile,2008,9.629461664,9.37306,9.89905,MALE,<5Y,G,C,PER_1000_LIVE_BIRTHS,UN_IGME,False
SH_DYN_MORT,CHL,Chile,2008,8.021873227,7.79114,8.24398,FEMALE,<5Y,G,C,PER_1000_LIVE_BIRTHS,UN_IGME,False
SH_DYN_MORT,CHL,Chile,2009,7.988838191,7.77749,8.20316,FEMALE,<5Y,G,C,PER_1000_LIVE_BIRTHS,UN_IGME,False
SH_DYN_MORT,CHL,Chile,2009,9.565071054,9.33102,9.80844,MALE,<5Y,G,C,PER_1000_LIVE_BIRTHS,UN_IGME,False
SH_DYN_MORT,CHL,Chile,2009,8.79829108,8.60448,8.99103,BOTHSEX,<5Y,G,C,PER_1000_LIVE_BIRTHS,UN_IGME,True
SH_DYN_MORT,CHL,Chile,2010,8.732336159,8.52814,8.94509,BOTHSEX,<5Y,G,C,PER_1000_LIVE_BIRTHS,UN_IGME,True
SH_DYN_MORT,CHL,Chile,2010,9.476172171,9.22677,9.7336,MALE,<5Y,G,C,PER_1000_LIVE_BIRTHS,UN_IGME,False
SH_DYN_MORT,CHL,Chile,2010,7.953367397,7.73028,8.18352,FEMALE,<5Y,G,C,PER_1000_LIVE_BIRTHS,UN_IGME,False
SH_DYN_MORT,CHL,Chile,2011,7.897155793,7.68146,8.11468,FEMALE,<5Y,G,C,PER_1000_LIVE_BIRTHS,UN_IGME,False
SH_DYN_MORT,CHL,Chile,2011,9.294834519,9.056,9.53214,MALE,<5Y,G,C,PER_1000_LIVE_BIRTHS,UN_IGME,False
SH_DYN_MORT,CHL,Chile,2011,8.612250402,8.42047,8.80576,BOTHSEX,<5Y,G,C,PER_1000_LIVE_BIRTHS,UN_IGME,True
SH_DYN_MORT,CHL,Chile,2012,8.441621268,8.25423,8.63555,BOTHSEX,<5Y,G,C,PER_1000_LIVE_BIRTHS,UN_IGME,True
SH_DYN_MORT,CHL,Chile,2012,9.111443708,8.87318,9.34335,MALE,<5Y,G,C,PER_1000_LIVE_BIRTHS,UN_IGME,False
SH_DYN_MORT,CHL,Chile,2012,7.740517356,7.53612,7.95452,FEMALE,<5Y,G,C,PER_1000_LIVE_BIRTHS,UN_IGME,False
SH_DYN_MORT,CHL,Chile,2013,7.553688996,7.341,7.77427,FEMALE,<5Y,G,C,PER_1000_LIVE_BIRTHS,UN_IGME,False
SH_DYN_MORT,CHL,Chile,2013,8.917034897,8.67915,9.15528,MALE,<5Y,G,C,PER_1000_LIVE_BIRTHS,UN_IGME,False
SH_DYN_MORT,CHL,Chile,2013,8.252165248,8.05758,8.45177,BOTHSEX,<5Y,G,C,PER_1000_LIVE_BIRTHS,UN_IGME,True
SH_DYN_MORT,CHL,Chile,2014,8.063518152,7.88846,8.24583,BOTHSEX,<5Y,G,C,PER_1000_LIVE_BIRTHS,UN_IGME,True
SH_DYN_MORT,CHL,Chile,2014,8.7014277,8.48984,8.92799,MALE,<5Y,G,C,PER_1000_LIVE_BIRTHS,UN_IGME,False
SH_DYN_MORT,CHL,Chile,2014,7.391446238,7.19422,7.59366,FEMALE,<5Y,G,C,PER_1000_LIVE_BIRTHS,UN_IGME,False
SH_DYN_MORT,CHL,Chile,2015,7.224366486,7.01698,7.43479,FEMALE,<5Y,G,C,PER_1000_LIVE_BIRTHS,UN_IGME,False
SH_DYN_MORT,CHL,Chile,2015,8.530547919,8.29781,8.77242,MALE,<5Y,G,C,PER_1000_LIVE_BIRTHS,UN_IGME,False
SH_DYN_MORT,CHL,Chile,2015,7.894010075,7.7009,8.08965,BOTHSEX,<5Y,G,C,PER_1000_LIVE_BIRTHS,UN_IGME,True
SH_DYN_MORT,CHL,Chile,2016,7.745989773,7.56621,7.92257,BOTHSEX,<5Y,G,C,PER_1000_LIVE_BIRTHS,UN_IGME,True
SH_DYN_MORT,CHL,Chile,2016,8.363081051,8.14029,8.58579,MALE,<5Y,G,C,PER_1000_LIVE_BIRTHS,UN_IGME,False
SH_DYN_MORT,CHL,Chile,2016,7.095837297,6.90032,7.29373,FEMALE,<5Y,G,C,PER_1000_LIVE_BIRTHS,UN_IGME,False
SH_DYN_MORT,CHL,Chile,2017,6.970081929,6.77615,7.17308,FEMALE,<5Y,G,C,PER_1000_LIVE_BIRTHS,UN_IGME,False
SH_DYN_MORT,CHL,Chile,2017,8.149906835,7.93765,8.37507,MALE,<5Y,G,C,PER_1000_LIVE_BIRTHS,UN_IGME,False
SH_DYN_MORT,CHL,Chile,2017,7.574483509,7.40233,7.75552,BOTHSEX,<5Y,G,C,PER_1000_LIVE_BIRTHS,UN_IGME,True
SH_DYN_MORT,CHL,Chile,2018,7.323113083,7.14847,7.50859,BOTHSEX,<5Y,G,C,PER_1000_LIVE_BIRTHS,UN_IGME,True
SH_DYN_MORT,CHL,Chile,2018,7.890024679,7.67026,8.11048,MALE,<5Y,G,C,PER_1000_LIVE_BIRTHS,UN_IGME,False
SH_DYN_MORT,CHL,Chile,2018,6.727679671,6.54048,6.92967,FEMALE,<5Y,G,C,PER_1000_LIVE_BIRTHS,UN_IGME,False
SH_DYN_MORT,CHL,Chile,2019,6.428554484,6.25008,6.6143,FEMALE,<5Y,G,C,PER_1000_LIVE_BIRTHS,UN_IGME,False
SH_DYN_MORT,CHL,Chile,2019,7.551888412,7.35201,7.75819,MALE,<5Y,G,C,PER_1000_LIVE_BIRTHS,UN_IGME,False
SH_DYN_MORT,CHL,Chile,2019,7.004096341,6.8448,7.17134,BOTHSEX,<5Y,G,C,PER_1000_LIVE_BIRTHS,UN_IGME,True
SH_DYN_MORT,CHL,Chile,2020,6.766243277,6.58572,6.95251,BOTHSEX,<5Y,G,C,PER_1000_LIVE_BIRTHS,UN_IGME,True
SH_DYN_MORT,CHL,Chile,2020,7.292338534,7.06922,7.51825,MALE,<5Y,G,C,PER_1000_LIVE_BIRTHS,UN_IGME,False
SH_DYN_MORT,CHL,Chile,2020,6.216120944,6.02148,6.41678,FEMALE,<5Y,G,C,PER_1000_LIVE_BIRTHS,UN_IGME,False
SH_DYN_MORT,CHL,Chile,2021,6.205307786,6.0187,6.40289,FEMALE,<5Y,G,C,PER_1000_LIVE_BIRTHS,UN_IGME,False
SH_DYN_MORT,CHL,Chile,2021,7.227659856,7.01164,7.4483,MALE,<5Y,G,C,PER_1000_LIVE_BIRTHS,UN_IGME,False
SH_DYN_MORT,CHL,Chile,2021,6.729072919,6.55863,6.90355,BOTHSEX,<5Y,G,C,PER_1000_LIVE_BIRTHS,UN_IGME,True
SH_DYN_MORT,CHL,Chile,2022,6.816612076,6.63746,7.00582,BOTHSEX,<5Y,G,C,PER_1000_LIVE_BIRTHS,UN_IGME,True
SH_DYN_MORT,CHL,Chile,2022,7.327930904,7.10323,7.56085,MALE,<5Y,G,C,PER_1000_LIVE_BIRTHS,UN_IGME,False
SH_DYN_MORT,CHL,Chile,2022,6.281459217,6.07956,6.49222,FEMALE,<5Y,G,C,PER_1000_LIVE_BIRTHS,UN_IGME,False
SH_DYN_MORT,CHL,Chile,2023,6.314647878,6.09456,6.54268,FEMALE,<5Y,G,C,PER_1000_LIVE_BIRTHS,UN_IGME,False
SH_DYN_MORT,CHL,Chile,2023,7.37535191,7.13809,7.62566,MALE,<5Y,G,C,PER_1000_LIVE_BIRTHS,UN_IGME,False
SH_DYN_MORT,CHL,Chile,2023,6.85753793,6.66494,7.05899,BOTHSEX,<5Y,G,C,PER_1000_LIVE_BIRTHS,UN_IGME,True
SH_DYN_MORT,CHL,Chile,2024,6.752854486,6.4652,7.05463,BOTHSEX,<5Y,G,C,PER_1000_LIVE_BIRTHS,UN_IGME,True
SH_DYN_MORT,CHL,Chile,2024,7.263643562,6.9273,7.61449,MALE,<5Y,G,C,PER_1000_LIVE_BIRTHS,UN_IGME,False
SH_DYN_MORT,CHL,Chile,2024,6.21959816,5.91846,6.53172,FEMALE,<5Y,G,C,PER_1000_LIVE_BIRTHS,UN_IGME,False
SH_DYN_MORT,COL,Colombia,2000,25.01962069,22.9733,27.2575,BOTHSEX,<5Y,G,C,PER_1000_LIVE_BIRTHS,UN_IGME,True
SH_DYN_MORT,COL,Colombia,2000,22.09178965,20.1498,24.2222,FEMALE,<5Y,G,C,PER_1000_LIVE_BIRTHS,UN_IGME,False
SH_DYN_MORT,COL,Colombia,2000,27.79186702,25.4416,30.4088,MALE,<5Y,G,C,PER_1000_LIVE_BIRTHS,UN_IGME,False
SH_DYN_MORT,COL,Colombia,2001,26.89405775,24.5537,29.5075,MALE,<5Y,G,C,PER_1000_LIVE_BIRTHS,UN_IGME,False
SH_DYN_MORT,COL,Colombia,2001,21.39197084,19.4841,23.5023,FEMALE,<5Y,G,C,PER_1000_LIVE_BIRTHS,UN_IGME,False
SH_DYN_MORT,COL,Colombia,2001,24.22172722,22.1975,26.4422,BOTHSEX,<5Y,G,C,PER_1000_LIVE_BIRTHS,UN_IGME,True
SH_DYN_MORT,COL,Colombia,2002,23.45546022,21.4542,25.6844,BOTHSEX,<5Y,G,C,PER_1000_LIVE_BIRTHS,UN_IGME,True
SH_DYN_MORT,COL,Colombia,2002,20.73657714,18.8618,22.8358,FEMALE,<5Y,G,C,PER_1000_LIVE_BIRTHS,UN_IGME,False
SH_DYN_MORT,COL,Colombia,2002,26.04809419,23.6987,28.6595,MALE,<5Y,G,C,PER_1000_LIVE_BIRTHS,UN_IGME,False
SH_DYN_MORT,COL,Colombia,2003,25.23622502,22.8804,27.8162,MALE,<5Y,G,C,PER_1000_LIVE_BIRTHS,UN_IGME,False
SH_DYN_MORT,COL,Colombia,2003,20.12752931,18.271,22.2197,FEMALE,<5Y,G,C,PER_1000_LIVE_BIRTHS,UN_IGME,False
SH_DYN_MORT,COL,Colombia,2003,22.74329396,20.7263,24.9539,BOTHSEX,<5Y,G,C,PER_1000_LIVE_BIRTHS,UN_IGME,True
SH_DYN_MORT,COL,Colombia,2004,22.05141551,20.0296,24.2628,BOTHSEX,<5Y,G,C,PER_1000_LIVE_BIRTHS,UN_IGME,True
SH_DYN_MORT,COL,Colombia,2004,19.55387944,17.6811,21.6635,FEMALE,<5Y,G,C,PER_1000_LIVE_BIRTHS,UN_IGME,False
SH_DYN_MORT,COL,Colombia,2004,24.42949931,22.0819,27.0204,MALE,<5Y,G,C,PER_1000_LIVE_BIRTHS,UN_IGME,False
SH_DYN_MORT,COL,Colombia,2005,23.65837412,21.3189,26.2461,MALE,<5Y,G,C,PER_1000_LIVE_BIRTHS,UN_IGME,False
SH_DYN_MORT,COL,Colombia,2005,19.00123702,17.0922,21.1137,FEMALE,<5Y,G,C,PER_1000_LIVE_BIRTHS,UN_IGME,False
SH_DYN_MORT,COL,Colombia,2005,21.37708955,19.3536,23.6082,BOTHSEX,<5Y,G,C,PER_1000_LIVE_BIRTHS,UN_IGME,True
SH_DYN_MORT,COL,Colombia,2006,20.72406261,18.6819,22.9979,BOTHSEX,<5Y,G,C,PER_1000_LIVE_BIRTHS,UN_IGME,True
SH_DYN_MORT,COL,Colombia,2006,18.44061952,16.5177,20.5707,FEMALE,<5Y,G,C,PER_1000_LIVE_BIRTHS,UN_IGME,False
SH_DYN_MORT,COL,Colombia,2006,22.92259932,20.5803,25.5457,MALE,<5Y,G,C,PER_1000_LIVE_BIRTHS,UN_IGME,False
SH_DYN_MORT,COL,Colombia,2007,22.18802832,19.829,24.8698,MALE,<5Y,G,C,PER_1000_LIVE_BIRTHS,UN_IGME,False
SH_DYN_MORT,COL,Colombia,2007,17.87587037,15.934,20.0707,FEMALE,<5Y,G,C,PER_1000_LIVE_BIRTHS,UN_IGME,False
SH_DYN_MORT,COL,Colombia,2007,20.087189,18.0118,22.4027,BOTHSEX,<5Y,G,C,PER_1000_LIVE_BIRTHS,UN_IGME,True
SH_DYN_MORT,COL,Colombia,2008,19.45368809,17.3001,21.8297,BOTHSEX,<5Y,G,C,PER_1000_LIVE_BIRTHS,UN_IGME,True
SH_DYN_MORT,COL,Colombia,2008,17.3020611,15.309,19.5629,FEMALE,<5Y,G,C,PER_1000_LIVE_BIRTHS,UN_IGME,False
SH_DYN_MORT,COL,Colombia,2008,21.49059158,19.0525,24.2127,MALE,<5Y,G,C,PER_1000_LIVE_BIRTHS,UN_IGME,False
SH_DYN_MORT,COL,Colombia,2009,20.79869101,18.2519,23.6512,MALE,<5Y,G,C,PER_1000_LIVE_BIRTHS,UN_IGME,False
SH_DYN_MORT,COL,Colombia,2009,16.74749114,14.6708,19.1037,FEMALE,<5Y,G,C,PER_1000_LIVE_BIRTHS,UN_IGME,False
SH_DYN_MORT,COL,Colombia,2009,18.83312642,16.5806,21.3173,BOTHSEX,<5Y,G,C,PER_1000_LIVE_BIRTHS,UN_IGME,True
SH_DYN_MORT,COL,Colombia,2010,18.21499415,15.8799,20.8729,BOTHSEX,<5Y,G,C,PER_1000_LIVE_BIRTHS,UN_IGME,True
SH_DYN_MORT,COL,Colombia,2010,16.19898901,14.0601,18.6577,FEMALE,<5Y,G,C,PER_1000_LIVE_BIRTHS,UN_IGME,False
SH_DYN_MORT,COL,Colombia,2010,20.12692832,17.4642,23.1187,MALE,<5Y,G,C,PER_1000_LIVE_BIRTHS,UN_IGME,False
SH_DYN_MORT,COL,Colombia,2011,19.50207076,16.6729,22.6856,MALE,<5Y,G,C,PER_1000_LIVE_BIRTHS,UN_IGME,False
SH_DYN_MORT,COL,Colombia,2011,15.66078325,13.4127,18.2774,FEMALE,<5Y,G,C,PER_1000_LIVE_BIRTHS,UN_IGME,False
SH_DYN_MORT,COL,Colombia,2011,17.63641546,15.1315,20.45,BOTHSEX,<5Y,G,C,PER_1000_LIVE_BIRTHS,UN_IGME,True
SH_DYN_MORT,COL,Colombia,2012,17.06375254,14.3795,20.0599,BOTHSEX,<5Y,G,C,PER_1000_LIVE_BIRTHS,UN_IGME,True
SH_DYN_MORT,COL,Colombia,2012,15.1581066,12.7721,17.9427,FEMALE,<5Y,G,C,PER_1000_LIVE_BIRTHS,UN_IGME,False
SH_DYN_MORT,COL,Colombia,2012,18.85387388,15.8649,22.2673,MALE,<5Y,G,C,PER_1000_LIVE_BIRTHS,UN_IGME,False
SH_DYN_MORT,COL,Colombia,2013,18.23693022,15.1009,21.8757,MALE,<5Y,G,C,PER_1000_LIVE_BIRTHS,UN_IGME,False
SH_DYN_MORT,COL,Colombia,2013,14.6512999,12.1152,17.6572,FEMALE,<5Y,G,C,PER_1000_LIVE_BIRTHS,UN_IGME,False
SH_DYN_MORT,COL,Colombia,2013,16.49607791,13.6851,19.7361,BOTHSEX,<5Y,G,C,PER_1000_LIVE_BIRTHS,UN_IGME,True
SH_DYN_MORT,COL,Colombia,2014,15.95597652,13.0077,19.513,BOTHSEX,<5Y,G,C,PER_1000_LIVE_BIRTHS,UN_IGME,True
SH_DYN_MORT,COL,Colombia,2014,14.19731593,11.5156,17.4383,FEMALE,<5Y,G,C,PER_1000_LIVE_BIRTHS,UN_IGME,False
SH_DYN_MORT,COL,Colombia,2014,17.63374998,14.3343,21.5503,MALE,<5Y,G,C,PER_1000_LIVE_BIRTHS,UN_IGME,False
SH_DYN_MORT,COL,Colombia,2015,17.05919331,13.5767,21.3382,MALE,<5Y,G,C,PER_1000_LIVE_BIRTHS,UN_IGME,False
SH_DYN_MORT,COL,Colombia,2015,13.73482946,10.9225,17.2947,FEMALE,<5Y,G,C,PER_1000_LIVE_BIRTHS,UN_IGME,False
SH_DYN_MORT,COL,Colombia,2015,15.45320044,12.3347,19.3154,BOTHSEX,<5Y,G,C,PER_1000_LIVE_BIRTHS,UN_IGME,True
SH_DYN_MORT,COL,Colombia,2016,14.95991731,11.6435,19.1825,BOTHSEX,<5Y,G,C,PER_1000_LIVE_BIRTHS,UN_IGME,True
SH_DYN_MORT,COL,Colombia,2016,13.28894637,10.3159,17.1319,FEMALE,<5Y,G,C,PER_1000_LIVE_BIRTHS,UN_IGME,False
SH_DYN_MORT,COL,Colombia,2016,16.50347871,12.8431,21.2507,MALE,<5Y,G,C,PER_1000_LIVE_BIRTHS,UN_IGME,False
SH_DYN_MORT,COL,Colombia,2017,15.946944,12.1129,21.0967,MALE,<5Y,G,C,PER_1000_LIVE_BIRTHS,UN_IGME,False
SH_DYN_MORT,COL,Colombia,2017,12.88939087,9.76412,16.9989,FEMALE,<5Y,G,C,PER_1000_LIVE_BIRTHS,UN_IGME,False
SH_DYN_MORT,COL,Colombia,2017,14.47121703,10.9937,19.0809,BOTHSEX,<5Y,G,C,PER_1000_LIVE_BIRTHS,UN_IGME,True
SH_DYN_MORT,COL,Colombia,2018,14.0058083,10.3564,19.0329,BOTHSEX,<5Y,G,C,PER_1000_LIVE_BIRTHS,UN_IGME,True
SH_DYN_MORT,COL,Colombia,2018,12.46660242,9.17128,16.9909,FEMALE,<5Y,G,C,PER_1000_LIVE_BIRTHS,UN_IGME,False
SH_DYN_MORT,COL,Colombia,2018,15.45796603,11.3761,21.0191,MALE,<5Y,G,C,PER_1000_LIVE_BIRTHS,UN_IGME,False
SH_DYN_MORT,COL,Colombia,2019,14.95097481,10.6893,20.9599,MALE,<5Y,G,C,PER_1000_LIVE_BIRTHS,UN_IGME,False
SH_DYN_MORT,COL,Colombia,2019,12.0880333,8.62665,16.9936,FEMALE,<5Y,G,C,PER_1000_LIVE_BIRTHS,UN_IGME,False
SH_DYN_MORT,COL,Colombia,2019,13.54836942,9.72735,19.0236,BOTHSEX,<5Y,G,C,PER_1000_LIVE_BIRTHS,UN_IGME,True
SH_DYN_MORT,COL,Colombia,2020,13.12249891,9.11485,18.9948,BOTHSEX,<5Y,G,C,PER_1000_LIVE_BIRTHS,UN_IGME,True
SH_DYN_MORT,COL,Colombia,2020,11.68092355,8.11237,16.9743,FEMALE,<5Y,G,C,PER_1000_LIVE_BIRTHS,UN_IGME,False
SH_DYN_MORT,COL,Colombia,2020,14.48876073,10.0281,20.9515,MALE,<5Y,G,C,PER_1000_LIVE_BIRTHS,UN_IGME,False
SH_DYN_MORT,COL,Colombia,2021,14.04401153,9.43207,20.9309,MALE,<5Y,G,C,PER_1000_LIVE_BIRTHS,UN_IGME,False
SH_DYN_MORT,COL,Colombia,2021,11.30222209,7.58783,16.9544,FEMALE,<5Y,G,C,PER_1000_LIVE_BIRTHS,UN_IGME,False
SH_DYN_MORT,COL,Colombia,2021,12.70346673,8.5375,18.9314,BOTHSEX,<5Y,G,C,PER_1000_LIVE_BIRTHS,UN_IGME,True
SH_DYN_MORT,COL,Colombia,2022,12.29859501,8.02481,18.9677,BOTHSEX,<5Y,G,C,PER_1000_LIVE_BIRTHS,UN_IGME,True
SH_DYN_MORT,COL,Colombia,2022,10.9739836,7.12692,16.9835,FEMALE,<5Y,G,C,PER_1000_LIVE_BIRTHS,UN_IGME,False
SH_DYN_MORT,COL,Colombia,2022,13.56549057,8.79136,20.8958,MALE,<5Y,G,C,PER_1000_LIVE_BIRTHS,UN_IGME,False
SH_DYN_MORT,COL,Colombia,2023,13.12736496,8.29812,20.9543,MALE,<5Y,G,C,PER_1000_LIVE_BIRTHS,UN_IGME,False
SH_DYN_MORT,COL,Colombia,2023,10.61987432,6.71631,17.0407,FEMALE,<5Y,G,C,PER_1000_LIVE_BIRTHS,UN_IGME,False
SH_DYN_MORT,COL,Colombia,2023,11.90976978,7.53749,19.0387,BOTHSEX,<5Y,G,C,PER_1000_LIVE_BIRTHS,UN_IGME,True
SH_DYN_MORT,COL,Colombia,2024,11.5409092,7.11181,18.997,BOTHSEX,<5Y,G,C,PER_1000_LIVE_BIRTHS,UN_IGME,True
SH_DYN_MORT,COL,Colombia,2024,10.29573321,6.34783,17.0662,FEMALE,<5Y,G,C,PER_1000_LIVE_BIRTHS,UN_IGME,False
SH_DYN_MORT,COL,Colombia,2024,12.71271998,7.79646,20.9215,MALE,<5Y,G,C,PER_1000_LIVE_BIRTHS,UN_IGME,False
SH_DYN_MORT,CRI,Costa Rica,2000,11.63190488,11.298,11.9822,FEMALE,<5Y,G,C,PER_1000_LIVE_BIRTHS,UN_IGME,False
SH_DYN_MORT,CRI,Costa Rica,2000,13.08802447,12.7892,13.3951,BOTHSEX,<5Y,G,C,PER_1000_LIVE_BIRTHS,UN_IGME,True
SH_DYN_MORT,CRI,Costa Rica,2000,14.47502272,14.0822,14.8717,MALE,<5Y,G,C,PER_1000_LIVE_BIRTHS,UN_IGME,False
SH_DYN_MORT,CRI,Costa Rica,2001,13.89767919,13.5212,14.2892,MALE,<5Y,G,C,PER_1000_LIVE_BIRTHS,UN_IGME,False
SH_DYN_MORT,CRI,Costa Rica,2001,12.58922804,12.2956,12.8919,BOTHSEX,<5Y,G,C,PER_1000_LIVE_BIRTHS,UN_IGME,True
SH_DYN_MORT,CRI,Costa Rica,2001,11.21347415,10.8842,11.5616,FEMALE,<5Y,G,C,PER_1000_LIVE_BIRTHS,UN_IGME,False
SH_DYN_MORT,CRI,Costa Rica,2002,10.87782861,10.5551,11.2187,FEMALE,<5Y,G,C,PER_1000_LIVE_BIRTHS,UN_IGME,False
SH_DYN_MORT,CRI,Costa Rica,2002,12.15755131,11.87,12.4576,BOTHSEX,<5Y,G,C,PER_1000_LIVE_BIRTHS,UN_IGME,True
SH_DYN_MORT,CRI,Costa Rica,2002,13.37172175,13.0041,13.7609,MALE,<5Y,G,C,PER_1000_LIVE_BIRTHS,UN_IGME,False
SH_DYN_MORT,CRI,Costa Rica,2003,12.95799914,12.5931,13.3517,MALE,<5Y,G,C,PER_1000_LIVE_BIRTHS,UN_IGME,False
SH_DYN_MORT,CRI,Costa Rica,2003,11.80530007,11.5205,12.1024,BOTHSEX,<5Y,G,C,PER_1000_LIVE_BIRTHS,UN_IGME,True
SH_DYN_MORT,CRI,Costa Rica,2003,10.59243505,10.2645,10.9345,FEMALE,<5Y,G,C,PER_1000_LIVE_BIRTHS,UN_IGME,False
SH_DYN_MORT,CRI,Costa Rica,2004,10.37159184,10.0559,10.702,FEMALE,<5Y,G,C,PER_1000_LIVE_BIRTHS,UN_IGME,False
SH_DYN_MORT,CRI,Costa Rica,2004,11.53830794,11.2642,11.8322,BOTHSEX,<5Y,G,C,PER_1000_LIVE_BIRTHS,UN_IGME,True
SH_DYN_MORT,CRI,Costa Rica,2004,12.652251,12.299,13.0266,MALE,<5Y,G,C,PER_1000_LIVE_BIRTHS,UN_IGME,False
SH_DYN_MORT,CRI,Costa Rica,2005,12.42364866,12.0645,12.798,MALE,<5Y,G,C,PER_1000_LIVE_BIRTHS,UN_IGME,False
SH_DYN_MORT,CRI,Costa Rica,2005,11.34490778,11.0619,11.6383,BOTHSEX,<5Y,G,C,PER_1000_LIVE_BIRTHS,UN_IGME,True
SH_DYN_MORT,CRI,Costa Rica,2005,10.21002237,9.89032,10.5424,FEMALE,<5Y,G,C,PER_1000_LIVE_BIRTHS,UN_IGME,False
SH_DYN_MORT,CRI,Costa Rica,2006,10.08880208,9.77105,10.4177,FEMALE,<5Y,G,C,PER_1000_LIVE_BIRTHS,UN_IGME,False
SH_DYN_MORT,CRI,Costa Rica,2006,11.20057825,10.9211,11.4858,BOTHSEX,<5Y,G,C,PER_1000_LIVE_BIRTHS,UN_IGME,True
SH_DYN_MORT,CRI,Costa Rica,2006,12.26160435,11.8976,12.6235,MALE,<5Y,G,C,PER_1000_LIVE_BIRTHS,UN_IGME,False
SH_DYN_MORT,CRI,Costa Rica,2007,12.10177969,11.7442,12.458,MALE,<5Y,G,C,PER_1000_LIVE_BIRTHS,UN_IGME,False
SH_DYN_MORT,CRI,Costa Rica,2007,11.07366973,10.7953,11.3512,BOTHSEX,<5Y,G,C,PER_1000_LIVE_BIRTHS,UN_IGME,True
SH_DYN_MORT,CRI,Costa Rica,2007,9.9925917,9.68231,10.3195,FEMALE,<5Y,G,C,PER_1000_LIVE_BIRTHS,UN_IGME,False
SH_DYN_MORT,CRI,Costa Rica,2008,9.910012714,9.59204,10.2316,FEMALE,<5Y,G,C,PER_1000_LIVE_BIRTHS,UN_IGME,False
SH_DYN_MORT,CRI,Costa Rica,2008,10.92804749,10.6461,11.2062,BOTHSEX,<5Y,G,C,PER_1000_LIVE_BIRTHS,UN_IGME,True
SH_DYN_MORT,CRI,Costa Rica,2008,11.89600953,11.5424,12.2516,MALE,<5Y,G,C,PER_1000_LIVE_BIRTHS,UN_IGME,False
SH_DYN_MORT,CRI,Costa Rica,2009,11.66214072,11.3182,12.0037,MALE,<5Y,G,C,PER_1000_LIVE_BIRTHS,UN_IGME,False
SH_DYN_MORT,CRI,Costa Rica,2009,10.73237736,10.4623,11.0036,BOTHSEX,<5Y,G,C,PER_1000_LIVE_BIRTHS,UN_IGME,True
SH_DYN_MORT,CRI,Costa Rica,2009,9.755271048,9.44372,10.0697,FEMALE,<5Y,G,C,PER_1000_LIVE_BIRTHS,UN_IGME,False
SH_DYN_MORT,CRI,Costa Rica,2010,9.531181278,9.22746,9.84425,FEMALE,<5Y,G,C,PER_1000_LIVE_BIRTHS,UN_IGME,False
SH_DYN_MORT,CRI,Costa Rica,2010,10.4826772,10.2098,10.7571,BOTHSEX,<5Y,G,C,PER_1000_LIVE_BIRTHS,UN_IGME,True
SH_DYN_MORT,CRI,Costa Rica,2010,11.38508982,11.043,11.7333,MALE,<5Y,G,C,PER_1000_LIVE_BIRTHS,UN_IGME,False
SH_DYN_MORT,CRI,Costa Rica,2011,11.03193268,10.693,11.3748,MALE,<5Y,G,C,PER_1000_LIVE_BIRTHS,UN_IGME,False
SH_DYN_MORT,CRI,Costa Rica,2011,10.17539458,9.91514,10.441,BOTHSEX,<5Y,G,C,PER_1000_LIVE_BIRTHS,UN_IGME,True
SH_DYN_MORT,CRI,Costa Rica,2011,9.279372377,8.98142,9.5881,FEMALE,<5Y,G,C,PER_1000_LIVE_BIRTHS,UN_IGME,False
SH_DYN_MORT,CRI,Costa Rica,2012,9.028164617,8.73715,9.3253,FEMALE,<5Y,G,C,PER_1000_LIVE_BIRTHS,UN_IGME,False
SH_DYN_MORT,CRI,Costa Rica,2012,9.84160005,9.5894,10.1002,BOTHSEX,<5Y,G,C,PER_1000_LIVE_BIRTHS,UN_IGME,True
SH_DYN_MORT,CRI,Costa Rica,2012,10.62029555,10.2913,10.9499,MALE,<5Y,G,C,PER_1000_LIVE_BIRTHS,UN_IGME,False
SH_DYN_MORT,CRI,Costa Rica,2013,10.24811597,9.93114,10.5766,MALE,<5Y,G,C,PER_1000_LIVE_BIRTHS,UN_IGME,False
SH_DYN_MORT,CRI,Costa Rica,2013,9.514923023,9.26433,9.77228,BOTHSEX,<5Y,G,C,PER_1000_LIVE_BIRTHS,UN_IGME,True
SH_DYN_MORT,CRI,Costa Rica,2013,8.744922395,8.46278,9.03708,FEMALE,<5Y,G,C,PER_1000_LIVE_BIRTHS,UN_IGME,False
SH_DYN_MORT,CRI,Costa Rica,2014,8.505149423,8.22223,8.79483,FEMALE,<5Y,G,C,PER_1000_LIVE_BIRTHS,UN_IGME,False
SH_DYN_MORT,CRI,Costa Rica,2014,9.227326124,8.98574,9.47884,BOTHSEX,<5Y,G,C,PER_1000_LIVE_BIRTHS,UN_IGME,True
SH_DYN_MORT,CRI,Costa Rica,2014,9.916264729,9.60013,10.2269,MALE,<5Y,G,C,PER_1000_LIVE_BIRTHS,UN_IGME,False
SH_DYN_MORT,CRI,Costa Rica,2015,9.679922935,9.36538,9.99075,MALE,<5Y,G,C,PER_1000_LIVE_BIRTHS,UN_IGME,False
SH_DYN_MORT,CRI,Costa Rica,2015,9.014848946,8.76346,9.26434,BOTHSEX,<5Y,G,C,PER_1000_LIVE_BIRTHS,UN_IGME,True
SH_DYN_MORT,CRI,Costa Rica,2015,8.318154902,8.03521,8.61104,FEMALE,<5Y,G,C,PER_1000_LIVE_BIRTHS,UN_IGME,False
SH_DYN_MORT,CRI,Costa Rica,2016,8.221220953,7.94272,8.51287,FEMALE,<5Y,G,C,PER_1000_LIVE_BIRTHS,UN_IGME,False
SH_DYN_MORT,CRI,Costa Rica,2016,8.898775816,8.65118,9.14814,BOTHSEX,<5Y,G,C,PER_1000_LIVE_BIRTHS,UN_IGME,True
SH_DYN_MORT,CRI,Costa Rica,2016,9.543254065,9.23623,9.85532,MALE,<5Y,G,C,PER_1000_LIVE_BIRTHS,UN_IGME,False
SH_DYN_MORT,CRI,Costa Rica,2017,9.511900456,9.1935,9.82495,MALE,<5Y,G,C,PER_1000_LIVE_BIRTHS,UN_IGME,False
SH_DYN_MORT,CRI,Costa Rica,2017,8.884649048,8.63584,9.14001,BOTHSEX,<5Y,G,C,PER_1000_LIVE_BIRTHS,UN_IGME,True
SH_DYN_MORT,CRI,Costa Rica,2017,8.227616174,7.94614,8.51931,FEMALE,<5Y,G,C,PER_1000_LIVE_BIRTHS,UN_IGME,False
SH_DYN_MORT,CRI,Costa Rica,2018,8.302776524,8.00583,8.6052,FEMALE,<5Y,G,C,PER_1000_LIVE_BIRTHS,UN_IGME,False
SH_DYN_MORT,CRI,Costa Rica,2018,8.960467669,8.70006,9.224,BOTHSEX,<5Y,G,C,PER_1000_LIVE_BIRTHS,UN_IGME,True
SH_DYN_MORT,CRI,Costa Rica,2018,9.585113893,9.26135,9.90396,MALE,<5Y,G,C,PER_1000_LIVE_BIRTHS,UN_IGME,False
SH_DYN_MORT,CRI,Costa Rica,2019,9.746245669,9.41401,10.0833,MALE,<5Y,G,C,PER_1000_LIVE_BIRTHS,UN_IGME,False
SH_DYN_MORT,CRI,Costa Rica,2019,9.115404708,8.8432,9.38413,BOTHSEX,<5Y,G,C,PER_1000_LIVE_BIRTHS,UN_IGME,True
SH_DYN_MORT,CRI,Costa Rica,2019,8.450443234,8.14612,8.76615,FEMALE,<5Y,G,C,PER_1000_LIVE_BIRTHS,UN_IGME,False
SH_DYN_MORT,CRI,Costa Rica,2020,8.629414031,8.30239,8.95633,FEMALE,<5Y,G,C,PER_1000_LIVE_BIRTHS,UN_IGME,False
SH_DYN_MORT,CRI,Costa Rica,2020,9.330061326,9.042,9.61228,BOTHSEX,<5Y,G,C,PER_1000_LIVE_BIRTHS,UN_IGME,True
SH_DYN_MORT,CRI,Costa Rica,2020,9.996684708,9.64903,10.3579,MALE,<5Y,G,C,PER_1000_LIVE_BIRTHS,UN_IGME,False
SH_DYN_MORT,CRI,Costa Rica,2021,10.28540019,9.93229,10.6599,MALE,<5Y,G,C,PER_1000_LIVE_BIRTHS,UN_IGME,False
SH_DYN_MORT,CRI,Costa Rica,2021,9.583633089,9.29603,9.87996,BOTHSEX,<5Y,G,C,PER_1000_LIVE_BIRTHS,UN_IGME,True
SH_DYN_MORT,CRI,Costa Rica,2021,8.844726796,8.51245,9.19073,FEMALE,<5Y,G,C,PER_1000_LIVE_BIRTHS,UN_IGME,False
SH_DYN_MORT,CRI,Costa Rica,2022,9.059458578,8.70726,9.42903,FEMALE,<5Y,G,C,PER_1000_LIVE_BIRTHS,UN_IGME,False
SH_DYN_MORT,CRI,Costa Rica,2022,9.86385223,9.55416,10.1821,BOTHSEX,<5Y,G,C,PER_1000_LIVE_BIRTHS,UN_IGME,True
SH_DYN_MORT,CRI,Costa Rica,2022,10.62483515,10.2428,11.0375,MALE,<5Y,G,C,PER_1000_LIVE_BIRTHS,UN_IGME,False
SH_DYN_MORT,CRI,Costa Rica,2023,10.953451,10.4875,11.436,MALE,<5Y,G,C,PER_1000_LIVE_BIRTHS,UN_IGME,False
SH_DYN_MORT,CRI,Costa Rica,2023,10.1469645,9.76033,10.5461,BOTHSEX,<5Y,G,C,PER_1000_LIVE_BIRTHS,UN_IGME,True
SH_DYN_MORT,CRI,Costa Rica,2023,9.300741403,8.87652,9.73557,FEMALE,<5Y,G,C,PER_1000_LIVE_BIRTHS,UN_IGME,False
SH_DYN_MORT,CRI,Costa Rica,2024,9.527952572,8.98484,10.1208,FEMALE,<5Y,G,C,PER_1000_LIVE_BIRTHS,UN_IGME,False
SH_DYN_MORT,CRI,Costa Rica,2024,10.40671064,9.86911,10.9696,BOTHSEX,<5Y,G,C,PER_1000_LIVE_BIRTHS,UN_IGME,True
SH_DYN_MORT,CRI,Costa Rica,2024,11.23661046,10.6156,11.8905,MALE,<5Y,G,C,PER_1000_LIVE_BIRTHS,UN_IGME,False
SH_DYN_MORT,CUB,Cuba,2000,8.574424506,7.62312,9.66221,BOTHSEX,<5Y,G,C,PER_1000_LIVE_BIRTHS,UN_IGME,True
SH_DYN_MORT,CUB,Cuba,2000,9.594173862,8.52432,10.8271,MALE,<5Y,G,C,PER_1000_LIVE_BIRTHS,UN_IGME,False
SH_DYN_MORT,CUB,Cuba,2000,7.498807769,6.66448,8.47073,FEMALE,<5Y,G,C,PER_1000_LIVE_BIRTHS,UN_IGME,False
SH_DYN_MORT,CUB,Cuba,2001,7.254658482,6.44816,8.19549,FEMALE,<5Y,G,C,PER_1000_LIVE_BIRTHS,UN_IGME,False
SH_DYN_MORT,CUB,Cuba,2001,9.167216771,8.14376,10.345,MALE,<5Y,G,C,PER_1000_LIVE_BIRTHS,UN_IGME,False
SH_DYN_MORT,CUB,Cuba,2001,8.234807781,7.33055,9.28647,BOTHSEX,<5Y,G,C,PER_1000_LIVE_BIRTHS,UN_IGME,True
SH_DYN_MORT,CUB,Cuba,2002,7.92277,7.04428,8.92189,BOTHSEX,<5Y,G,C,PER_1000_LIVE_BIRTHS,UN_IGME,True
SH_DYN_MORT,CUB,Cuba,2002,8.810602759,7.81852,9.92932,MALE,<5Y,G,C,PER_1000_LIVE_BIRTHS,UN_IGME,False
SH_DYN_MORT,CUB,Cuba,2002,6.981604884,6.2013,7.88875,FEMALE,<5Y,G,C,PER_1000_LIVE_BIRTHS,UN_IGME,False
SH_DYN_MORT,CUB,Cuba,2003,6.753270036,5.99186,7.60713,FEMALE,<5Y,G,C,PER_1000_LIVE_BIRTHS,UN_IGME,False
SH_DYN_MORT,CUB,Cuba,2003,8.453208404,7.50776,9.50715,MALE,<5Y,G,C,PER_1000_LIVE_BIRTHS,UN_IGME,False
SH_DYN_MORT,CUB,Cuba,2003,7.622732188,6.77701,8.56669,BOTHSEX,<5Y,G,C,PER_1000_LIVE_BIRTHS,UN_IGME,True
SH_DYN_MORT,CUB,Cuba,2004,7.348951988,6.52471,8.24811,BOTHSEX,<5Y,G,C,PER_1000_LIVE_BIRTHS,UN_IGME,True
SH_DYN_MORT,CUB,Cuba,2004,8.14412067,7.22153,9.14378,MALE,<5Y,G,C,PER_1000_LIVE_BIRTHS,UN_IGME,False
SH_DYN_MORT,CUB,Cuba,2004,6.513602662,5.77384,7.31744,FEMALE,<5Y,G,C,PER_1000_LIVE_BIRTHS,UN_IGME,False
SH_DYN_MORT,CUB,Cuba,2005,6.296112858,5.59104,7.07738,FEMALE,<5Y,G,C,PER_1000_LIVE_BIRTHS,UN_IGME,False
SH_DYN_MORT,CUB,Cuba,2005,7.840794707,6.96546,8.79838,MALE,<5Y,G,C,PER_1000_LIVE_BIRTHS,UN_IGME,False
SH_DYN_MORT,CUB,Cuba,2005,7.089990124,6.3,7.94763,BOTHSEX,<5Y,G,C,PER_1000_LIVE_BIRTHS,UN_IGME,True
SH_DYN_MORT,CUB,Cuba,2006,6.848093218,6.09723,7.69829,BOTHSEX,<5Y,G,C,PER_1000_LIVE_BIRTHS,UN_IGME,True
SH_DYN_MORT,CUB,Cuba,2006,7.553146194,6.71336,8.49035,MALE,<5Y,G,C,PER_1000_LIVE_BIRTHS,UN_IGME,False
SH_DYN_MORT,CUB,Cuba,2006,6.117557031,5.43471,6.89351,FEMALE,<5Y,G,C,PER_1000_LIVE_BIRTHS,UN_IGME,False
SH_DYN_MORT,CUB,Cuba,2007,5.932033258,5.27435,6.67077,FEMALE,<5Y,G,C,PER_1000_LIVE_BIRTHS,UN_IGME,False
SH_DYN_MORT,CUB,Cuba,2007,7.318524244,6.50352,8.22726,MALE,<5Y,G,C,PER_1000_LIVE_BIRTHS,UN_IGME,False
SH_DYN_MORT,CUB,Cuba,2007,6.642457702,5.90844,7.46664,BOTHSEX,<5Y,G,C,PER_1000_LIVE_BIRTHS,UN_IGME,True
SH_DYN_MORT,CUB,Cuba,2008,6.461194627,5.72982,7.27069,BOTHSEX,<5Y,G,C,PER_1000_LIVE_BIRTHS,UN_IGME,True
SH_DYN_MORT,CUB,Cuba,2008,7.12432173,6.31435,8.01342,MALE,<5Y,G,C,PER_1000_LIVE_BIRTHS,UN_IGME,False
SH_DYN_MORT,CUB,Cuba,2008,5.767901971,5.11291,6.48769,FEMALE,<5Y,G,C,PER_1000_LIVE_BIRTHS,UN_IGME,False
SH_DYN_MORT,CUB,Cuba,2009,5.620938573,4.96915,6.32586,FEMALE,<5Y,G,C,PER_1000_LIVE_BIRTHS,UN_IGME,False
SH_DYN_MORT,CUB,Cuba,2009,6.969454035,6.16189,7.84808,MALE,<5Y,G,C,PER_1000_LIVE_BIRTHS,UN_IGME,False
SH_DYN_MORT,CUB,Cuba,2009,6.314755405,5.58619,7.10479,BOTHSEX,<5Y,G,C,PER_1000_LIVE_BIRTHS,UN_IGME,True
SH_DYN_MORT,CUB,Cuba,2010,6.195064852,5.46674,6.98058,BOTHSEX,<5Y,G,C,PER_1000_LIVE_BIRTHS,UN_IGME,True
SH_DYN_MORT,CUB,Cuba,2010,6.849121092,6.03513,7.71895,MALE,<5Y,G,C,PER_1000_LIVE_BIRTHS,UN_IGME,False
SH_DYN_MORT,CUB,Cuba,2010,5.50482178,4.85965,6.21666,FEMALE,<5Y,G,C,PER_1000_LIVE_BIRTHS,UN_IGME,False
SH_DYN_MORT,CUB,Cuba,2011,5.430178057,4.78115,6.13501,FEMALE,<5Y,G,C,PER_1000_LIVE_BIRTHS,UN_IGME,False
SH_DYN_MORT,CUB,Cuba,2011,6.749294651,5.93703,7.61883,MALE,<5Y,G,C,PER_1000_LIVE_BIRTHS,UN_IGME,False
SH_DYN_MORT,CUB,Cuba,2011,6.103056157,5.37884,6.88934,BOTHSEX,<5Y,G,C,PER_1000_LIVE_BIRTHS,UN_IGME,True
SH_DYN_MORT,CUB,Cuba,2012,6.052490632,5.32413,6.84372,BOTHSEX,<5Y,G,C,PER_1000_LIVE_BIRTHS,UN_IGME,True
SH_DYN_MORT,CUB,Cuba,2012,6.685868503,5.87202,7.56664,MALE,<5Y,G,C,PER_1000_LIVE_BIRTHS,UN_IGME,False
SH_DYN_MORT,CUB,Cuba,2012,5.391973415,4.74313,6.09643,FEMALE,<5Y,G,C,PER_1000_LIVE_BIRTHS,UN_IGME,False
SH_DYN_MORT,CUB,Cuba,2013,5.384289615,4.72921,6.09736,FEMALE,<5Y,G,C,PER_1000_LIVE_BIRTHS,UN_IGME,False
SH_DYN_MORT,CUB,Cuba,2013,6.666828065,5.83688,7.54627,MALE,<5Y,G,C,PER_1000_LIVE_BIRTHS,UN_IGME,False
SH_DYN_MORT,CUB,Cuba,2013,6.040515647,5.30324,6.83211,BOTHSEX,<5Y,G,C,PER_1000_LIVE_BIRTHS,UN_IGME,True
SH_DYN_MORT,CUB,Cuba,2014,6.072433071,5.32864,6.85615,BOTHSEX,<5Y,G,C,PER_1000_LIVE_BIRTHS,UN_IGME,True
SH_DYN_MORT,CUB,Cuba,2014,6.699235854,5.86318,7.56149,MALE,<5Y,G,C,PER_1000_LIVE_BIRTHS,UN_IGME,False
SH_DYN_MORT,CUB,Cuba,2014,5.414453972,4.75073,6.12383,FEMALE,<5Y,G,C,PER_1000_LIVE_BIRTHS,UN_IGME,False
SH_DYN_MORT,CUB,Cuba,2015,5.492368387,4.81543,6.20459,FEMALE,<5Y,G,C,PER_1000_LIVE_BIRTHS,UN_IGME,False
SH_DYN_MORT,CUB,Cuba,2015,6.761790491,5.92015,7.62983,MALE,<5Y,G,C,PER_1000_LIVE_BIRTHS,UN_IGME,False
SH_DYN_MORT,CUB,Cuba,2015,6.142654785,5.38797,6.92915,BOTHSEX,<5Y,G,C,PER_1000_LIVE_BIRTHS,UN_IGME,True
SH_DYN_MORT,CUB,Cuba,2016,6.262671804,5.50048,7.04196,BOTHSEX,<5Y,G,C,PER_1000_LIVE_BIRTHS,UN_IGME,True
SH_DYN_MORT,CUB,Cuba,2016,6.884978485,6.04119,7.74617,MALE,<5Y,G,C,PER_1000_LIVE_BIRTHS,UN_IGME,False
SH_DYN_MORT,CUB,Cuba,2016,5.606118653,4.92584,6.32165,FEMALE,<5Y,G,C,PER_1000_LIVE_BIRTHS,UN_IGME,False
SH_DYN_MORT,CUB,Cuba,2017,5.75255605,5.06946,6.46654,FEMALE,<5Y,G,C,PER_1000_LIVE_BIRTHS,UN_IGME,False
SH_DYN_MORT,CUB,Cuba,2017,7.057194148,6.21504,7.91949,MALE,<5Y,G,C,PER_1000_LIVE_BIRTHS,UN_IGME,False
SH_DYN_MORT,CUB,Cuba,2017,6.425910368,5.67284,7.19553,BOTHSEX,<5Y,G,C,PER_1000_LIVE_BIRTHS,UN_IGME,True
SH_DYN_MORT,CUB,Cuba,2018,6.627174959,5.88673,7.39975,BOTHSEX,<5Y,G,C,PER_1000_LIVE_BIRTHS,UN_IGME,True
SH_DYN_MORT,CUB,Cuba,2018,7.280555746,6.4673,8.13882,MALE,<5Y,G,C,PER_1000_LIVE_BIRTHS,UN_IGME,False
SH_DYN_MORT,CUB,Cuba,2018,5.942397187,5.27261,6.64288,FEMALE,<5Y,G,C,PER_1000_LIVE_BIRTHS,UN_IGME,False
SH_DYN_MORT,CUB,Cuba,2019,6.156397789,5.51099,6.85734,FEMALE,<5Y,G,C,PER_1000_LIVE_BIRTHS,UN_IGME,False
SH_DYN_MORT,CUB,Cuba,2019,7.563079085,6.77325,8.41195,MALE,<5Y,G,C,PER_1000_LIVE_BIRTHS,UN_IGME,False
SH_DYN_MORT,CUB,Cuba,2019,6.878893147,6.17086,7.64123,BOTHSEX,<5Y,G,C,PER_1000_LIVE_BIRTHS,UN_IGME,True
SH_DYN_MORT,CUB,Cuba,2020,7.164386513,6.47137,7.93756,BOTHSEX,<5Y,G,C,PER_1000_LIVE_BIRTHS,UN_IGME,True
SH_DYN_MORT,CUB,Cuba,2020,7.894790014,7.11779,8.74776,MALE,<5Y,G,C,PER_1000_LIVE_BIRTHS,UN_IGME,False
SH_DYN_MORT,CUB,Cuba,2020,6.39440669,5.76912,7.10308,FEMALE,<5Y,G,C,PER_1000_LIVE_BIRTHS,UN_IGME,False
SH_DYN_MORT,CUB,Cuba,2021,6.695432682,6.0312,7.44837,FEMALE,<5Y,G,C,PER_1000_LIVE_BIRTHS,UN_IGME,False
SH_DYN_MORT,CUB,Cuba,2021,8.247960302,7.441,9.15604,MALE,<5Y,G,C,PER_1000_LIVE_BIRTHS,UN_IGME,False
SH_DYN_MORT,CUB,Cuba,2021,7.487466717,6.764,8.30427,BOTHSEX,<5Y,G,C,PER_1000_LIVE_BIRTHS,UN_IGME,True
SH_DYN_MORT,CUB,Cuba,2022,7.846999963,7.03614,8.74807,BOTHSEX,<5Y,G,C,PER_1000_LIVE_BIRTHS,UN_IGME,True
SH_DYN_MORT,CUB,Cuba,2022,8.648967903,7.74876,9.65743,MALE,<5Y,G,C,PER_1000_LIVE_BIRTHS,UN_IGME,False
SH_DYN_MORT,CUB,Cuba,2022,7.000185737,6.25436,7.83301,FEMALE,<5Y,G,C,PER_1000_LIVE_BIRTHS,UN_IGME,False
SH_DYN_MORT,CUB,Cuba,2023,7.328994902,6.45252,8.33937,FEMALE,<5Y,G,C,PER_1000_LIVE_BIRTHS,UN_IGME,False
SH_DYN_MORT,CUB,Cuba,2023,9.042471061,7.98983,10.3109,MALE,<5Y,G,C,PER_1000_LIVE_BIRTHS,UN_IGME,False
SH_DYN_MORT,CUB,Cuba,2023,8.213457381,7.24065,9.33543,BOTHSEX,<5Y,G,C,PER_1000_LIVE_BIRTHS,UN_IGME,True
SH_DYN_MORT,CUB,Cuba,2024,8.5594206,7.38393,10.0502,BOTHSEX,<5Y,G,C,PER_1000_LIVE_BIRTHS,UN_IGME,True
SH_DYN_MORT,CUB,Cuba,2024,9.462230085,8.16238,11.118,MALE,<5Y,G,C,PER_1000_LIVE_BIRTHS,UN_IGME,False
SH_DYN_MORT,CUB,Cuba,2024,7.60624835,6.54248,8.94707,FEMALE,<5Y,G,C,PER_1000_LIVE_BIRTHS,UN_IGME,False
SH_DYN_MORT,DOM,Dominican Republic,2000,39.59614021,36.4679,42.8368,BOTHSEX,<5Y,G,C,PER_1000_LIVE_BIRTHS,UN_IGME,True
SH_DYN_MORT,DOM,Dominican Republic,2000,42.87420558,39.3728,46.5686,MALE,<5Y,G,C,PER_1000_LIVE_BIRTHS,UN_IGME,False
SH_DYN_MORT,DOM,Dominican Republic,2000,36.15024308,33.0694,39.3211,FEMALE,<5Y,G,C,PER_1000_LIVE_BIRTHS,UN_IGME,False
SH_DYN_MORT,DOM,Dominican Republic,2001,35.20386355,32.1976,38.344,FEMALE,<5Y,G,C,PER_1000_LIVE_BIRTHS,UN_IGME,False
SH_DYN_MORT,DOM,Dominican Republic,2001,41.76738039,38.3291,45.4471,MALE,<5Y,G,C,PER_1000_LIVE_BIRTHS,UN_IGME,False
SH_DYN_MORT,DOM,Dominican Republic,2001,38.58498618,35.5058,41.7731,BOTHSEX,<5Y,G,C,PER_1000_LIVE_BIRTHS,UN_IGME,True
SH_DYN_MORT,DOM,Dominican Republic,2002,37.71339376,34.7027,40.8783,BOTHSEX,<5Y,G,C,PER_1000_LIVE_BIRTHS,UN_IGME,True
SH_DYN_MORT,DOM,Dominican Republic,2002,40.84723141,37.4115,44.5325,MALE,<5Y,G,C,PER_1000_LIVE_BIRTHS,UN_IGME,False
SH_DYN_MORT,DOM,Dominican Republic,2002,34.43507912,31.4463,37.5314,FEMALE,<5Y,G,C,PER_1000_LIVE_BIRTHS,UN_IGME,False
SH_DYN_MORT,DOM,Dominican Republic,2003,33.77193984,30.8209,36.8822,FEMALE,<5Y,G,C,PER_1000_LIVE_BIRTHS,UN_IGME,False
SH_DYN_MORT,DOM,Dominican Republic,2003,40.09938883,36.6729,43.744,MALE,<5Y,G,C,PER_1000_LIVE_BIRTHS,UN_IGME,False
SH_DYN_MORT,DOM,Dominican Republic,2003,37.0401757,34.0408,40.2028,BOTHSEX,<5Y,G,C,PER_1000_LIVE_BIRTHS,UN_IGME,True
SH_DYN_MORT,DOM,Dominican Republic,2004,36.44684366,33.4907,39.6557,BOTHSEX,<5Y,G,C,PER_1000_LIVE_BIRTHS,UN_IGME,True
SH_DYN_MORT,DOM,Dominican Republic,2004,39.50166663,36.0882,43.1865,MALE,<5Y,G,C,PER_1000_LIVE_BIRTHS,UN_IGME,False
SH_DYN_MORT,DOM,Dominican Republic,2004,33.2459106,30.3423,36.3777,FEMALE,<5Y,G,C,PER_1000_LIVE_BIRTHS,UN_IGME,False
SH_DYN_MORT,DOM,Dominican Republic,2005,32.82860757,29.8833,36.0482,FEMALE,<5Y,G,C,PER_1000_LIVE_BIRTHS,UN_IGME,False
SH_DYN_MORT,DOM,Dominican Republic,2005,38.98269408,35.5874,42.7218,MALE,<5Y,G,C,PER_1000_LIVE_BIRTHS,UN_IGME,False
SH_DYN_MORT,DOM,Dominican Republic,2005,35.99050576,32.9905,39.2588,BOTHSEX,<5Y,G,C,PER_1000_LIVE_BIRTHS,UN_IGME,True
SH_DYN_MORT,DOM,Dominican Republic,2006,35.6041776,32.6053,39.0039,BOTHSEX,<5Y,G,C,PER_1000_LIVE_BIRTHS,UN_IGME,True
SH_DYN_MORT,DOM,Dominican Republic,2006,38.60761273,35.212,42.476,MALE,<5Y,G,C,PER_1000_LIVE_BIRTHS,UN_IGME,False
SH_DYN_MORT,DOM,Dominican Republic,2006,32.45387421,29.5214,35.7911,FEMALE,<5Y,G,C,PER_1000_LIVE_BIRTHS,UN_IGME,False
SH_DYN_MORT,DOM,Dominican Republic,2007,32.17344535,29.1309,35.6469,FEMALE,<5Y,G,C,PER_1000_LIVE_BIRTHS,UN_IGME,False
SH_DYN_MORT,DOM,Dominican Republic,2007,38.30809888,34.7935,42.3053,MALE,<5Y,G,C,PER_1000_LIVE_BIRTHS,UN_IGME,False
SH_DYN_MORT,DOM,Dominican Republic,2007,35.32411079,32.2014,38.8468,BOTHSEX,<5Y,G,C,PER_1000_LIVE_BIRTHS,UN_IGME,True
SH_DYN_MORT,DOM,Dominican Republic,2008,35.10495715,31.8968,38.8069,BOTHSEX,<5Y,G,C,PER_1000_LIVE_BIRTHS,UN_IGME,True
SH_DYN_MORT,DOM,Dominican Republic,2008,38.13359046,34.5099,42.3024,MALE,<5Y,G,C,PER_1000_LIVE_BIRTHS,UN_IGME,False
SH_DYN_MORT,DOM,Dominican Republic,2008,31.95376546,28.7985,35.5657,FEMALE,<5Y,G,C,PER_1000_LIVE_BIRTHS,UN_IGME,False
SH_DYN_MORT,DOM,Dominican Republic,2009,31.7813196,28.4903,35.5349,FEMALE,<5Y,G,C,PER_1000_LIVE_BIRTHS,UN_IGME,False
SH_DYN_MORT,DOM,Dominican Republic,2009,37.96282689,34.2314,42.3703,MALE,<5Y,G,C,PER_1000_LIVE_BIRTHS,UN_IGME,False
SH_DYN_MORT,DOM,Dominican Republic,2009,34.9475097,31.5987,38.8145,BOTHSEX,<5Y,G,C,PER_1000_LIVE_BIRTHS,UN_IGME,True
SH_DYN_MORT,DOM,Dominican Republic,2010,34.85313711,31.347,38.9139,BOTHSEX,<5Y,G,C,PER_1000_LIVE_BIRTHS,UN_IGME,True
SH_DYN_MORT,DOM,Dominican Republic,2010,37.83973824,33.9314,42.4999,MALE,<5Y,G,C,PER_1000_LIVE_BIRTHS,UN_IGME,False
SH_DYN_MORT,DOM,Dominican Republic,2010,31.69087247,28.2287,35.5849,FEMALE,<5Y,G,C,PER_1000_LIVE_BIRTHS,UN_IGME,False
SH_DYN_MORT,DOM,Dominican Republic,2011,31.64388733,27.9573,35.6791,FEMALE,<5Y,G,C,PER_1000_LIVE_BIRTHS,UN_IGME,False
SH_DYN_MORT,DOM,Dominican Republic,2011,37.78608082,33.6671,42.7786,MALE,<5Y,G,C,PER_1000_LIVE_BIRTHS,UN_IGME,False
SH_DYN_MORT,DOM,Dominican Republic,2011,34.76837733,31.0326,39.1242,BOTHSEX,<5Y,G,C,PER_1000_LIVE_BIRTHS,UN_IGME,True
SH_DYN_MORT,DOM,Dominican Republic,2012,34.77227482,30.7442,39.4249,BOTHSEX,<5Y,G,C,PER_1000_LIVE_BIRTHS,UN_IGME,True
SH_DYN_MORT,DOM,Dominican Republic,2012,37.77319571,33.2857,43.0868,MALE,<5Y,G,C,PER_1000_LIVE_BIRTHS,UN_IGME,False
SH_DYN_MORT,DOM,Dominican Republic,2012,31.64164467,27.7533,35.9434,FEMALE,<5Y,G,C,PER_1000_LIVE_BIRTHS,UN_IGME,False
SH_DYN_MORT,DOM,Dominican Republic,2013,31.69031055,27.4471,36.4107,FEMALE,<5Y,G,C,PER_1000_LIVE_BIRTHS,UN_IGME,False
SH_DYN_MORT,DOM,Dominican Republic,2013,37.76997202,32.9024,43.4831,MALE,<5Y,G,C,PER_1000_LIVE_BIRTHS,UN_IGME,False
SH_DYN_MORT,DOM,Dominican Republic,2013,34.8120147,30.3725,39.8488,BOTHSEX,<5Y,G,C,PER_1000_LIVE_BIRTHS,UN_IGME,True
SH_DYN_MORT,DOM,Dominican Republic,2014,34.85017983,30.0226,40.3808,BOTHSEX,<5Y,G,C,PER_1000_LIVE_BIRTHS,UN_IGME,True
SH_DYN_MORT,DOM,Dominican Republic,2014,37.81355477,32.4449,43.9542,MALE,<5Y,G,C,PER_1000_LIVE_BIRTHS,UN_IGME,False
SH_DYN_MORT,DOM,Dominican Republic,2014,31.75777348,27.1445,36.962,FEMALE,<5Y,G,C,PER_1000_LIVE_BIRTHS,UN_IGME,False
SH_DYN_MORT,DOM,Dominican Republic,2015,31.77055835,26.7502,37.6633,FEMALE,<5Y,G,C,PER_1000_LIVE_BIRTHS,UN_IGME,False
SH_DYN_MORT,DOM,Dominican Republic,2015,37.85125028,31.9234,44.6909,MALE,<5Y,G,C,PER_1000_LIVE_BIRTHS,UN_IGME,False
SH_DYN_MORT,DOM,Dominican Republic,2015,34.88273723,29.5282,41.0839,BOTHSEX,<5Y,G,C,PER_1000_LIVE_BIRTHS,UN_IGME,True
SH_DYN_MORT,DOM,Dominican Republic,2016,34.94450421,29.0036,41.881,BOTHSEX,<5Y,G,C,PER_1000_LIVE_BIRTHS,UN_IGME,True
SH_DYN_MORT,DOM,Dominican Republic,2016,37.8715228,31.3307,45.4459,MALE,<5Y,G,C,PER_1000_LIVE_BIRTHS,UN_IGME,False
SH_DYN_MORT,DOM,Dominican Republic,2016,31.84245621,26.3249,38.384,FEMALE,<5Y,G,C,PER_1000_LIVE_BIRTHS,UN_IGME,False
SH_DYN_MORT,DOM,Dominican Republic,2017,31.82882427,25.7704,39.0192,FEMALE,<5Y,G,C,PER_1000_LIVE_BIRTHS,UN_IGME,False
SH_DYN_MORT,DOM,Dominican Republic,2017,37.85750858,30.7309,46.2745,MALE,<5Y,G,C,PER_1000_LIVE_BIRTHS,UN_IGME,False
SH_DYN_MORT,DOM,Dominican Republic,2017,34.91653613,28.4407,42.5922,BOTHSEX,<5Y,G,C,PER_1000_LIVE_BIRTHS,UN_IGME,True
SH_DYN_MORT,DOM,Dominican Republic,2018,34.74253591,27.7477,43.17,BOTHSEX,<5Y,G,C,PER_1000_LIVE_BIRTHS,UN_IGME,True
SH_DYN_MORT,DOM,Dominican Republic,2018,37.6791368,29.9291,47.0897,MALE,<5Y,G,C,PER_1000_LIVE_BIRTHS,UN_IGME,False
SH_DYN_MORT,DOM,Dominican Republic,2018,31.66121453,25.1787,39.5516,FEMALE,<5Y,G,C,PER_1000_LIVE_BIRTHS,UN_IGME,False
SH_DYN_MORT,DOM,Dominican Republic,2019,31.25820648,24.4011,39.8194,FEMALE,<5Y,G,C,PER_1000_LIVE_BIRTHS,UN_IGME,False
SH_DYN_MORT,DOM,Dominican Republic,2019,37.21963898,29.0648,47.5388,MALE,<5Y,G,C,PER_1000_LIVE_BIRTHS,UN_IGME,False
SH_DYN_MORT,DOM,Dominican Republic,2019,34.35280689,26.9391,43.6417,BOTHSEX,<5Y,G,C,PER_1000_LIVE_BIRTHS,UN_IGME,True
SH_DYN_MORT,DOM,Dominican Republic,2020,33.77950333,25.8039,43.9489,BOTHSEX,<5Y,G,C,PER_1000_LIVE_BIRTHS,UN_IGME,True
SH_DYN_MORT,DOM,Dominican Republic,2020,36.63198476,28.0094,47.9239,MALE,<5Y,G,C,PER_1000_LIVE_BIRTHS,UN_IGME,False
SH_DYN_MORT,DOM,Dominican Republic,2020,30.73568453,23.4011,40.1583,FEMALE,<5Y,G,C,PER_1000_LIVE_BIRTHS,UN_IGME,False
SH_DYN_MORT,DOM,Dominican Republic,2021,30.04554648,22.3851,40.4518,FEMALE,<5Y,G,C,PER_1000_LIVE_BIRTHS,UN_IGME,False
SH_DYN_MORT,DOM,Dominican Republic,2021,35.93269294,26.7566,48.1707,MALE,<5Y,G,C,PER_1000_LIVE_BIRTHS,UN_IGME,False
SH_DYN_MORT,DOM,Dominican Republic,2021,33.03930216,24.6795,44.3386,BOTHSEX,<5Y,G,C,PER_1000_LIVE_BIRTHS,UN_IGME,True
SH_DYN_MORT,DOM,Dominican Republic,2022,32.30123054,23.4614,44.1942,BOTHSEX,<5Y,G,C,PER_1000_LIVE_BIRTHS,UN_IGME,True
SH_DYN_MORT,DOM,Dominican Republic,2022,35.06979386,25.4474,48.2197,MALE,<5Y,G,C,PER_1000_LIVE_BIRTHS,UN_IGME,False
SH_DYN_MORT,DOM,Dominican Republic,2022,29.29816587,21.2799,40.4432,FEMALE,<5Y,G,C,PER_1000_LIVE_BIRTHS,UN_IGME,False
SH_DYN_MORT,DOM,Dominican Republic,2023,28.60007783,20.132,40.3854,FEMALE,<5Y,G,C,PER_1000_LIVE_BIRTHS,UN_IGME,False
SH_DYN_MORT,DOM,Dominican Republic,2023,34.27389072,24.154,48.354,MALE,<5Y,G,C,PER_1000_LIVE_BIRTHS,UN_IGME,False
SH_DYN_MORT,DOM,Dominican Republic,2023,31.47607964,22.2567,44.3681,BOTHSEX,<5Y,G,C,PER_1000_LIVE_BIRTHS,UN_IGME,True
SH_DYN_MORT,DOM,Dominican Republic,2024,30.63366565,21.0196,44.3878,BOTHSEX,<5Y,G,C,PER_1000_LIVE_BIRTHS,UN_IGME,True
SH_DYN_MORT,DOM,Dominican Republic,2024,33.33867439,22.866,48.3689,MALE,<5Y,G,C,PER_1000_LIVE_BIRTHS,UN_IGME,False
SH_DYN_MORT,DOM,Dominican Republic,2024,27.84162708,18.9649,40.5081,FEMALE,<5Y,G,C,PER_1000_LIVE_BIRTHS,UN_IGME,False
SH_DYN_MORT,ECU,Ecuador,2000,25.5554743,22.5335,29.0227,FEMALE,<5Y,G,C,PER_1000_LIVE_BIRTHS,UN_IGME,False
SH_DYN_MORT,ECU,Ecuador,2000,33.36877434,29.4923,37.877,MALE,<5Y,G,C,PER_1000_LIVE_BIRTHS,UN_IGME,False
SH_DYN_MORT,ECU,Ecuador,2000,29.55005377,26.211,33.3938,BOTHSEX,<5Y,G,C,PER_1000_LIVE_BIRTHS,UN_IGME,True
SH_DYN_MORT,ECU,Ecuador,2001,28.0001146,24.8403,31.6926,BOTHSEX,<5Y,G,C,PER_1000_LIVE_BIRTHS,UN_IGME,True
SH_DYN_MORT,ECU,Ecuador,2001,31.68941363,28.0422,35.9897,MALE,<5Y,G,C,PER_1000_LIVE_BIRTHS,UN_IGME,False
SH_DYN_MORT,ECU,Ecuador,2001,24.15137807,21.2987,27.4799,FEMALE,<5Y,G,C,PER_1000_LIVE_BIRTHS,UN_IGME,False
SH_DYN_MORT,ECU,Ecuador,2002,22.96346707,20.2275,26.1967,FEMALE,<5Y,G,C,PER_1000_LIVE_BIRTHS,UN_IGME,False
SH_DYN_MORT,ECU,Ecuador,2002,30.18420777,26.6713,34.3423,MALE,<5Y,G,C,PER_1000_LIVE_BIRTHS,UN_IGME,False
SH_DYN_MORT,ECU,Ecuador,2002,26.64768698,23.6457,30.2228,BOTHSEX,<5Y,G,C,PER_1000_LIVE_BIRTHS,UN_IGME,True
SH_DYN_MORT,ECU,Ecuador,2003,25.51537476,22.626,28.9626,BOTHSEX,<5Y,G,C,PER_1000_LIVE_BIRTHS,UN_IGME,True
SH_DYN_MORT,ECU,Ecuador,2003,28.9160926,25.4995,32.9344,MALE,<5Y,G,C,PER_1000_LIVE_BIRTHS,UN_IGME,False
SH_DYN_MORT,ECU,Ecuador,2003,21.9450674,19.3348,25.0867,FEMALE,<5Y,G,C,PER_1000_LIVE_BIRTHS,UN_IGME,False
SH_DYN_MORT,ECU,Ecuador,2004,21.06604918,18.4819,24.0659,FEMALE,<5Y,G,C,PER_1000_LIVE_BIRTHS,UN_IGME,False
SH_DYN_MORT,ECU,Ecuador,2004,27.76044019,24.4746,31.6698,MALE,<5Y,G,C,PER_1000_LIVE_BIRTHS,UN_IGME,False
SH_DYN_MORT,ECU,Ecuador,2004,24.49272903,21.6856,27.8237,BOTHSEX,<5Y,G,C,PER_1000_LIVE_BIRTHS,UN_IGME,True
SH_DYN_MORT,ECU,Ecuador,2005,23.55700649,20.8413,26.7396,BOTHSEX,<5Y,G,C,PER_1000_LIVE_BIRTHS,UN_IGME,True
SH_DYN_MORT,ECU,Ecuador,2005,26.71260497,23.5461,30.4414,MALE,<5Y,G,C,PER_1000_LIVE_BIRTHS,UN_IGME,False
SH_DYN_MORT,ECU,Ecuador,2005,20.23408547,17.7976,23.0654,FEMALE,<5Y,G,C,PER_1000_LIVE_BIRTHS,UN_IGME,False
SH_DYN_MORT,ECU,Ecuador,2006,19.45573386,17.1225,22.1313,FEMALE,<5Y,G,C,PER_1000_LIVE_BIRTHS,UN_IGME,False
SH_DYN_MORT,ECU,Ecuador,2006,25.70918179,22.7181,29.2472,MALE,<5Y,G,C,PER_1000_LIVE_BIRTHS,UN_IGME,False
SH_DYN_MORT,ECU,Ecuador,2006,22.67554866,20.084,25.6842,BOTHSEX,<5Y,G,C,PER_1000_LIVE_BIRTHS,UN_IGME,True
SH_DYN_MORT,ECU,Ecuador,2007,21.78315545,19.3554,24.594,BOTHSEX,<5Y,G,C,PER_1000_LIVE_BIRTHS,UN_IGME,True
SH_DYN_MORT,ECU,Ecuador,2007,24.73048456,21.9068,28.0386,MALE,<5Y,G,C,PER_1000_LIVE_BIRTHS,UN_IGME,False
SH_DYN_MORT,ECU,Ecuador,2007,18.68766364,16.5156,21.1854,FEMALE,<5Y,G,C,PER_1000_LIVE_BIRTHS,UN_IGME,False
SH_DYN_MORT,ECU,Ecuador,2008,17.90043292,15.8972,20.2629,FEMALE,<5Y,G,C,PER_1000_LIVE_BIRTHS,UN_IGME,False
SH_DYN_MORT,ECU,Ecuador,2008,23.74381605,21.114,26.7464,MALE,<5Y,G,C,PER_1000_LIVE_BIRTHS,UN_IGME,False
SH_DYN_MORT,ECU,Ecuador,2008,20.88458164,18.6403,23.4744,BOTHSEX,<5Y,G,C,PER_1000_LIVE_BIRTHS,UN_IGME,True
SH_DYN_MORT,ECU,Ecuador,2009,19.9959093,17.9354,22.2901,BOTHSEX,<5Y,G,C,PER_1000_LIVE_BIRTHS,UN_IGME,True
SH_DYN_MORT,ECU,Ecuador,2009,22.71438682,20.3406,25.405,MALE,<5Y,G,C,PER_1000_LIVE_BIRTHS,UN_IGME,False
SH_DYN_MORT,ECU,Ecuador,2009,17.14411253,15.2862,19.2635,FEMALE,<5Y,G,C,PER_1000_LIVE_BIRTHS,UN_IGME,False
SH_DYN_MORT,ECU,Ecuador,2010,16.39133832,14.7333,18.2693,FEMALE,<5Y,G,C,PER_1000_LIVE_BIRTHS,UN_IGME,False
SH_DYN_MORT,ECU,Ecuador,2010,21.6907086,19.5426,24.0617,MALE,<5Y,G,C,PER_1000_LIVE_BIRTHS,UN_IGME,False
SH_DYN_MORT,ECU,Ecuador,2010,19.11592196,17.3072,21.1389,BOTHSEX,<5Y,G,C,PER_1000_LIVE_BIRTHS,UN_IGME,True
SH_DYN_MORT,ECU,Ecuador,2011,18.24413753,16.6671,19.9842,BOTHSEX,<5Y,G,C,PER_1000_LIVE_BIRTHS,UN_IGME,True
SH_DYN_MORT,ECU,Ecuador,2011,20.69414078,18.8328,22.7502,MALE,<5Y,G,C,PER_1000_LIVE_BIRTHS,UN_IGME,False
SH_DYN_MORT,ECU,Ecuador,2011,15.65099709,14.1871,17.284,FEMALE,<5Y,G,C,PER_1000_LIVE_BIRTHS,UN_IGME,False
SH_DYN_MORT,ECU,Ecuador,2012,14.94864927,13.6991,16.3302,FEMALE,<5Y,G,C,PER_1000_LIVE_BIRTHS,UN_IGME,False
SH_DYN_MORT,ECU,Ecuador,2012,19.73423292,18.1559,21.4582,MALE,<5Y,G,C,PER_1000_LIVE_BIRTHS,UN_IGME,False
SH_DYN_MORT,ECU,Ecuador,2012,17.40061548,16.0768,18.8392,BOTHSEX,<5Y,G,C,PER_1000_LIVE_BIRTHS,UN_IGME,True
SH_DYN_MORT,ECU,Ecuador,2013,16.62836557,15.5744,17.7498,BOTHSEX,<5Y,G,C,PER_1000_LIVE_BIRTHS,UN_IGME,True
SH_DYN_MORT,ECU,Ecuador,2013,18.83522038,17.5306,20.2242,MALE,<5Y,G,C,PER_1000_LIVE_BIRTHS,UN_IGME,False
SH_DYN_MORT,ECU,Ecuador,2013,14.29751071,13.278,15.4378,FEMALE,<5Y,G,C,PER_1000_LIVE_BIRTHS,UN_IGME,False
SH_DYN_MORT,ECU,Ecuador,2014,13.72922893,12.8707,14.6407,FEMALE,<5Y,G,C,PER_1000_LIVE_BIRTHS,UN_IGME,False
SH_DYN_MORT,ECU,Ecuador,2014,18.03236119,16.9671,19.1242,MALE,<5Y,G,C,PER_1000_LIVE_BIRTHS,UN_IGME,False
SH_DYN_MORT,ECU,Ecuador,2014,15.93253716,15.1224,16.7721,BOTHSEX,<5Y,G,C,PER_1000_LIVE_BIRTHS,UN_IGME,True
SH_DYN_MORT,ECU,Ecuador,2015,15.34110987,14.7388,15.9434,BOTHSEX,<5Y,G,C,PER_1000_LIVE_BIRTHS,UN_IGME,True
SH_DYN_MORT,ECU,Ecuador,2015,17.34330587,16.4876,18.1997,MALE,<5Y,G,C,PER_1000_LIVE_BIRTHS,UN_IGME,False
SH_DYN_MORT,ECU,Ecuador,2015,13.23515176,12.5333,13.9824,FEMALE,<5Y,G,C,PER_1000_LIVE_BIRTHS,UN_IGME,False
SH_DYN_MORT,ECU,Ecuador,2016,12.83712096,12.2263,13.4716,FEMALE,<5Y,G,C,PER_1000_LIVE_BIRTHS,UN_IGME,False
SH_DYN_MORT,ECU,Ecuador,2016,16.75422116,16.0611,17.4698,MALE,<5Y,G,C,PER_1000_LIVE_BIRTHS,UN_IGME,False
SH_DYN_MORT,ECU,Ecuador,2016,14.84434053,14.4075,15.2997,BOTHSEX,<5Y,G,C,PER_1000_LIVE_BIRTHS,UN_IGME,True
SH_DYN_MORT,ECU,Ecuador,2017,14.42924998,14.0378,14.8461,BOTHSEX,<5Y,G,C,PER_1000_LIVE_BIRTHS,UN_IGME,True
SH_DYN_MORT,ECU,Ecuador,2017,16.26856883,15.6267,16.9429,MALE,<5Y,G,C,PER_1000_LIVE_BIRTHS,UN_IGME,False
SH_DYN_MORT,ECU,Ecuador,2017,12.49477113,11.9007,13.1034,FEMALE,<5Y,G,C,PER_1000_LIVE_BIRTHS,UN_IGME,False
SH_DYN_MORT,ECU,Ecuador,2018,12.20510042,11.5887,12.8519,FEMALE,<5Y,G,C,PER_1000_LIVE_BIRTHS,UN_IGME,False
SH_DYN_MORT,ECU,Ecuador,2018,15.87004967,15.1911,16.5748,MALE,<5Y,G,C,PER_1000_LIVE_BIRTHS,UN_IGME,False
SH_DYN_MORT,ECU,Ecuador,2018,14.08490398,13.6432,14.5513,BOTHSEX,<5Y,G,C,PER_1000_LIVE_BIRTHS,UN_IGME,True
SH_DYN_MORT,ECU,Ecuador,2019,13.80468079,13.2482,14.3805,BOTHSEX,<5Y,G,C,PER_1000_LIVE_BIRTHS,UN_IGME,True
SH_DYN_MORT,ECU,Ecuador,2019,15.5457201,14.7803,16.3507,MALE,<5Y,G,C,PER_1000_LIVE_BIRTHS,UN_IGME,False
SH_DYN_MORT,ECU,Ecuador,2019,11.96318885,11.2812,12.6859,FEMALE,<5Y,G,C,PER_1000_LIVE_BIRTHS,UN_IGME,False
SH_DYN_MORT,ECU,Ecuador,2020,11.76323949,11.0133,12.5637,FEMALE,<5Y,G,C,PER_1000_LIVE_BIRTHS,UN_IGME,False
SH_DYN_MORT,ECU,Ecuador,2020,15.26523242,14.4002,16.1898,MALE,<5Y,G,C,PER_1000_LIVE_BIRTHS,UN_IGME,False
SH_DYN_MORT,ECU,Ecuador,2020,13.56743405,12.8926,14.2678,BOTHSEX,<5Y,G,C,PER_1000_LIVE_BIRTHS,UN_IGME,True
SH_DYN_MORT,ECU,Ecuador,2021,13.3641106,12.5424,14.23,BOTHSEX,<5Y,G,C,PER_1000_LIVE_BIRTHS,UN_IGME,True
SH_DYN_MORT,ECU,Ecuador,2021,15.02183828,14.0,16.0972,MALE,<5Y,G,C,PER_1000_LIVE_BIRTHS,UN_IGME,False
SH_DYN_MORT,ECU,Ecuador,2021,11.62324259,10.7675,12.5236,FEMALE,<5Y,G,C,PER_1000_LIVE_BIRTHS,UN_IGME,False
SH_DYN_MORT,ECU,Ecuador,2022,11.47711397,10.4723,12.5531,FEMALE,<5Y,G,C,PER_1000_LIVE_BIRTHS,UN_IGME,False
SH_DYN_MORT,ECU,Ecuador,2022,14.82994786,13.6032,16.1323,MALE,<5Y,G,C,PER_1000_LIVE_BIRTHS,UN_IGME,False
SH_DYN_MORT,ECU,Ecuador,2022,13.19536598,12.1843,14.275,BOTHSEX,<5Y,G,C,PER_1000_LIVE_BIRTHS,UN_IGME,True
SH_DYN_MORT,ECU,Ecuador,2023,13.04644214,11.7642,14.4103,BOTHSEX,<5Y,G,C,PER_1000_LIVE_BIRTHS,UN_IGME,True
SH_DYN_MORT,ECU,Ecuador,2023,14.64950236,13.1682,16.2785,MALE,<5Y,G,C,PER_1000_LIVE_BIRTHS,UN_IGME,False
SH_DYN_MORT,ECU,Ecuador,2023,11.34566635,10.14,12.6511,FEMALE,<5Y,G,C,PER_1000_LIVE_BIRTHS,UN_IGME,False
SH_DYN_MORT,ECU,Ecuador,2024,11.21975809,9.77482,12.8102,FEMALE,<5Y,G,C,PER_1000_LIVE_BIRTHS,UN_IGME,False
SH_DYN_MORT,ECU,Ecuador,2024,14.45242402,12.6632,16.4431,MALE,<5Y,G,C,PER_1000_LIVE_BIRTHS,UN_IGME,False
SH_DYN_MORT,ECU,Ecuador,2024,12.88352614,11.3071,14.5912,BOTHSEX,<5Y,G,C,PER_1000_LIVE_BIRTHS,UN_IGME,True
SH_DYN_MORT,SLV,El Salvador,2000,32.18592859,28.997,35.6731,BOTHSEX,<5Y,G,C,PER_1000_LIVE_BIRTHS,UN_IGME,True
SH_DYN_MORT,SLV,El Salvador,2000,35.21848794,31.4906,39.2945,MALE,<5Y,G,C,PER_1000_LIVE_BIRTHS,UN_IGME,False
SH_DYN_MORT,SLV,El Salvador,2000,28.98243347,25.9068,32.4139,FEMALE,<5Y,G,C,PER_1000_LIVE_BIRTHS,UN_IGME,False
SH_DYN_MORT,SLV,El Salvador,2001,27.2444101,24.2839,30.5683,FEMALE,<5Y,G,C,PER_1000_LIVE_BIRTHS,UN_IGME,False
SH_DYN_MORT,SLV,El Salvador,2001,33.20363055,29.6276,37.1458,MALE,<5Y,G,C,PER_1000_LIVE_BIRTHS,UN_IGME,False
SH_DYN_MORT,SLV,El Salvador,2001,30.28722705,27.22,33.7025,BOTHSEX,<5Y,G,C,PER_1000_LIVE_BIRTHS,UN_IGME,True
SH_DYN_MORT,SLV,El Salvador,2002,28.5657268,25.5714,31.8882,BOTHSEX,<5Y,G,C,PER_1000_LIVE_BIRTHS,UN_IGME,True
SH_DYN_MORT,SLV,El Salvador,2002,31.32630026,27.86,35.1404,MALE,<5Y,G,C,PER_1000_LIVE_BIRTHS,UN_IGME,False
SH_DYN_MORT,SLV,El Salvador,2002,25.66109328,22.7872,28.9377,FEMALE,<5Y,G,C,PER_1000_LIVE_BIRTHS,UN_IGME,False
SH_DYN_MORT,SLV,El Salvador,2003,24.1833656,21.3705,27.3967,FEMALE,<5Y,G,C,PER_1000_LIVE_BIRTHS,UN_IGME,False
SH_DYN_MORT,SLV,El Salvador,2003,29.56478135,26.2087,33.328,MALE,<5Y,G,C,PER_1000_LIVE_BIRTHS,UN_IGME,False
SH_DYN_MORT,SLV,El Salvador,2003,26.93415135,24.0191,30.2558,BOTHSEX,<5Y,G,C,PER_1000_LIVE_BIRTHS,UN_IGME,True
SH_DYN_MORT,SLV,El Salvador,2004,25.41527331,22.5835,28.7607,BOTHSEX,<5Y,G,C,PER_1000_LIVE_BIRTHS,UN_IGME,True
SH_DYN_MORT,SLV,El Salvador,2004,27.91427137,24.6323,31.6394,MALE,<5Y,G,C,PER_1000_LIVE_BIRTHS,UN_IGME,False
SH_DYN_MORT,SLV,El Salvador,2004,22.81581497,20.0738,25.9623,FEMALE,<5Y,G,C,PER_1000_LIVE_BIRTHS,UN_IGME,False
SH_DYN_MORT,SLV,El Salvador,2005,21.53321488,18.8725,24.6745,FEMALE,<5Y,G,C,PER_1000_LIVE_BIRTHS,UN_IGME,False
SH_DYN_MORT,SLV,El Salvador,2005,26.37931401,23.1393,30.0761,MALE,<5Y,G,C,PER_1000_LIVE_BIRTHS,UN_IGME,False
SH_DYN_MORT,SLV,El Salvador,2005,24.0041592,21.2113,27.3417,BOTHSEX,<5Y,G,C,PER_1000_LIVE_BIRTHS,UN_IGME,True
SH_DYN_MORT,SLV,El Salvador,2006,22.69673699,19.9051,26.0388,BOTHSEX,<5Y,G,C,PER_1000_LIVE_BIRTHS,UN_IGME,True
SH_DYN_MORT,SLV,El Salvador,2006,24.93922465,21.7124,28.6464,MALE,<5Y,G,C,PER_1000_LIVE_BIRTHS,UN_IGME,False
SH_DYN_MORT,SLV,El Salvador,2006,20.37384612,17.72,23.4974,FEMALE,<5Y,G,C,PER_1000_LIVE_BIRTHS,UN_IGME,False
SH_DYN_MORT,SLV,El Salvador,2007,19.28431202,16.6324,22.4289,FEMALE,<5Y,G,C,PER_1000_LIVE_BIRTHS,UN_IGME,False
SH_DYN_MORT,SLV,El Salvador,2007,23.62030533,20.4372,27.35,MALE,<5Y,G,C,PER_1000_LIVE_BIRTHS,UN_IGME,False
SH_DYN_MORT,SLV,El Salvador,2007,21.49485194,18.6913,24.8472,BOTHSEX,<5Y,G,C,PER_1000_LIVE_BIRTHS,UN_IGME,True
SH_DYN_MORT,SLV,El Salvador,2008,20.37778878,17.5486,23.7824,BOTHSEX,<5Y,G,C,PER_1000_LIVE_BIRTHS,UN_IGME,True
SH_DYN_MORT,SLV,El Salvador,2008,22.39089881,19.2113,26.1751,MALE,<5Y,G,C,PER_1000_LIVE_BIRTHS,UN_IGME,False
SH_DYN_MORT,SLV,El Salvador,2008,18.28534507,15.6211,21.4617,FEMALE,<5Y,G,C,PER_1000_LIVE_BIRTHS,UN_IGME,False
SH_DYN_MORT,SLV,El Salvador,2009,17.39311473,14.701,20.6007,FEMALE,<5Y,G,C,PER_1000_LIVE_BIRTHS,UN_IGME,False
SH_DYN_MORT,SLV,El Salvador,2009,21.25097388,18.027,25.1398,MALE,<5Y,G,C,PER_1000_LIVE_BIRTHS,UN_IGME,False
SH_DYN_MORT,SLV,El Salvador,2009,19.36318206,16.4579,22.8402,BOTHSEX,<5Y,G,C,PER_1000_LIVE_BIRTHS,UN_IGME,True
SH_DYN_MORT,SLV,El Salvador,2010,18.43419253,15.4181,21.9852,BOTHSEX,<5Y,G,C,PER_1000_LIVE_BIRTHS,UN_IGME,True
SH_DYN_MORT,SLV,El Salvador,2010,20.22441493,16.894,24.2056,MALE,<5Y,G,C,PER_1000_LIVE_BIRTHS,UN_IGME,False
SH_DYN_MORT,SLV,El Salvador,2010,16.5362194,13.767,19.8168,FEMALE,<5Y,G,C,PER_1000_LIVE_BIRTHS,UN_IGME,False
SH_DYN_MORT,SLV,El Salvador,2011,15.74147608,12.9149,19.1893,FEMALE,<5Y,G,C,PER_1000_LIVE_BIRTHS,UN_IGME,False
SH_DYN_MORT,SLV,El Salvador,2011,19.27049859,15.8509,23.4323,MALE,<5Y,G,C,PER_1000_LIVE_BIRTHS,UN_IGME,False
SH_DYN_MORT,SLV,El Salvador,2011,17.55308132,14.433,21.2657,BOTHSEX,<5Y,G,C,PER_1000_LIVE_BIRTHS,UN_IGME,True
SH_DYN_MORT,SLV,El Salvador,2012,16.7391529,13.539,20.608,BOTHSEX,<5Y,G,C,PER_1000_LIVE_BIRTHS,UN_IGME,True
SH_DYN_MORT,SLV,El Salvador,2012,18.34800574,14.8286,22.6614,MALE,<5Y,G,C,PER_1000_LIVE_BIRTHS,UN_IGME,False
SH_DYN_MORT,SLV,El Salvador,2012,15.00901044,12.0919,18.6347,FEMALE,<5Y,G,C,PER_1000_LIVE_BIRTHS,UN_IGME,False
SH_DYN_MORT,SLV,El Salvador,2013,14.32548483,11.3295,18.1003,FEMALE,<5Y,G,C,PER_1000_LIVE_BIRTHS,UN_IGME,False
SH_DYN_MORT,SLV,El Salvador,2013,17.52491389,13.8573,22.0697,MALE,<5Y,G,C,PER_1000_LIVE_BIRTHS,UN_IGME,False
SH_DYN_MORT,SLV,El Salvador,2013,15.97266647,12.6555,20.0447,BOTHSEX,<5Y,G,C,PER_1000_LIVE_BIRTHS,UN_IGME,True
SH_DYN_MORT,SLV,El Salvador,2014,15.27004723,11.8189,19.6133,BOTHSEX,<5Y,G,C,PER_1000_LIVE_BIRTHS,UN_IGME,True
SH_DYN_MORT,SLV,El Salvador,2014,16.74750594,12.9143,21.5329,MALE,<5Y,G,C,PER_1000_LIVE_BIRTHS,UN_IGME,False
SH_DYN_MORT,SLV,El Salvador,2014,13.69662888,10.5815,17.7263,FEMALE,<5Y,G,C,PER_1000_LIVE_BIRTHS,UN_IGME,False
SH_DYN_MORT,SLV,El Salvador,2015,13.07056754,9.86013,17.3784,FEMALE,<5Y,G,C,PER_1000_LIVE_BIRTHS,UN_IGME,False
SH_DYN_MORT,SLV,El Salvador,2015,16.00442973,12.0236,21.1873,MALE,<5Y,G,C,PER_1000_LIVE_BIRTHS,UN_IGME,False
SH_DYN_MORT,SLV,El Salvador,2015,14.58128554,11.0128,19.2653,BOTHSEX,<5Y,G,C,PER_1000_LIVE_BIRTHS,UN_IGME,True
SH_DYN_MORT,SLV,El Salvador,2016,13.93204687,10.2465,18.9724,BOTHSEX,<5Y,G,C,PER_1000_LIVE_BIRTHS,UN_IGME,True
SH_DYN_MORT,SLV,El Salvador,2016,15.28516152,11.1928,20.9091,MALE,<5Y,G,C,PER_1000_LIVE_BIRTHS,UN_IGME,False
SH_DYN_MORT,SLV,El Salvador,2016,12.50662644,9.15242,17.1294,FEMALE,<5Y,G,C,PER_1000_LIVE_BIRTHS,UN_IGME,False
SH_DYN_MORT,SLV,El Salvador,2017,11.94402546,8.52093,16.9532,FEMALE,<5Y,G,C,PER_1000_LIVE_BIRTHS,UN_IGME,False
SH_DYN_MORT,SLV,El Salvador,2017,14.61684888,10.4029,20.7183,MALE,<5Y,G,C,PER_1000_LIVE_BIRTHS,UN_IGME,False
SH_DYN_MORT,SLV,El Salvador,2017,13.31154783,9.52102,18.8074,BOTHSEX,<5Y,G,C,PER_1000_LIVE_BIRTHS,UN_IGME,True
SH_DYN_MORT,SLV,El Salvador,2018,12.73523602,8.83197,18.6438,BOTHSEX,<5Y,G,C,PER_1000_LIVE_BIRTHS,UN_IGME,True
SH_DYN_MORT,SLV,El Salvador,2018,13.95792178,9.60435,20.4994,MALE,<5Y,G,C,PER_1000_LIVE_BIRTHS,UN_IGME,False
SH_DYN_MORT,SLV,El Salvador,2018,11.41927824,7.91911,16.8197,FEMALE,<5Y,G,C,PER_1000_LIVE_BIRTHS,UN_IGME,False
SH_DYN_MORT,SLV,El Salvador,2019,10.93750421,7.34646,16.6895,FEMALE,<5Y,G,C,PER_1000_LIVE_BIRTHS,UN_IGME,False
SH_DYN_MORT,SLV,El Salvador,2019,12.20865659,8.20326,18.478,BOTHSEX,<5Y,G,C,PER_1000_LIVE_BIRTHS,UN_IGME,True
SH_DYN_MORT,SLV,El Salvador,2019,13.37415347,8.93396,20.2402,MALE,<5Y,G,C,PER_1000_LIVE_BIRTHS,UN_IGME,False
SH_DYN_MORT,SLV,El Salvador,2020,12.81873475,8.36169,19.9844,MALE,<5Y,G,C,PER_1000_LIVE_BIRTHS,UN_IGME,False
SH_DYN_MORT,SLV,El Salvador,2020,11.69942006,7.67225,18.2619,BOTHSEX,<5Y,G,C,PER_1000_LIVE_BIRTHS,UN_IGME,True
SH_DYN_MORT,SLV,El Salvador,2020,10.50883015,6.89297,16.5549,FEMALE,<5Y,G,C,PER_1000_LIVE_BIRTHS,UN_IGME,False
SH_DYN_MORT,SLV,El Salvador,2021,10.10559514,6.48141,16.3734,FEMALE,<5Y,G,C,PER_1000_LIVE_BIRTHS,UN_IGME,False
SH_DYN_MORT,SLV,El Salvador,2021,11.24510638,7.22031,18.0382,BOTHSEX,<5Y,G,C,PER_1000_LIVE_BIRTHS,UN_IGME,True
SH_DYN_MORT,SLV,El Salvador,2021,12.32028494,7.8756,19.811,MALE,<5Y,G,C,PER_1000_LIVE_BIRTHS,UN_IGME,False
SH_DYN_MORT,SLV,El Salvador,2022,11.85365216,7.43526,19.5128,MALE,<5Y,G,C,PER_1000_LIVE_BIRTHS,UN_IGME,False
SH_DYN_MORT,SLV,El Salvador,2022,10.82623065,6.81333,17.9003,BOTHSEX,<5Y,G,C,PER_1000_LIVE_BIRTHS,UN_IGME,True
SH_DYN_MORT,SLV,El Salvador,2022,9.717735588,6.1303,16.1724,FEMALE,<5Y,G,C,PER_1000_LIVE_BIRTHS,UN_IGME,False
SH_DYN_MORT,SLV,El Salvador,2023,9.391978184,5.81849,16.0666,FEMALE,<5Y,G,C,PER_1000_LIVE_BIRTHS,UN_IGME,False
SH_DYN_MORT,SLV,El Salvador,2023,10.43044685,6.4296,17.7631,BOTHSEX,<5Y,G,C,PER_1000_LIVE_BIRTHS,UN_IGME,True
SH_DYN_MORT,SLV,El Salvador,2023,11.41262111,7.02247,19.3526,MALE,<5Y,G,C,PER_1000_LIVE_BIRTHS,UN_IGME,False
SH_DYN_MORT,SLV,El Salvador,2024,11.0125841,6.61638,19.2226,MALE,<5Y,G,C,PER_1000_LIVE_BIRTHS,UN_IGME,False
SH_DYN_MORT,SLV,El Salvador,2024,10.04707887,6.08172,17.6228,BOTHSEX,<5Y,G,C,PER_1000_LIVE_BIRTHS,UN_IGME,True
SH_DYN_MORT,SLV,El Salvador,2024,9.072326531,5.45707,15.8909,FEMALE,<5Y,G,C,PER_1000_LIVE_BIRTHS,UN_IGME,False
SH_DYN_MORT,GTM,Guatemala,2000,56.02082815,51.4276,60.8773,MALE,<5Y,G,C,PER_1000_LIVE_BIRTHS,UN_IGME,False
SH_DYN_MORT,GTM,Guatemala,2000,47.36500397,43.36,51.6318,FEMALE,<5Y,G,C,PER_1000_LIVE_BIRTHS,UN_IGME,False
SH_DYN_MORT,GTM,Guatemala,2000,51.79366942,47.6756,56.1847,BOTHSEX,<5Y,G,C,PER_1000_LIVE_BIRTHS,UN_IGME,True
SH_DYN_MORT,GTM,Guatemala,2001,49.73282849,45.706,54.0606,BOTHSEX,<5Y,G,C,PER_1000_LIVE_BIRTHS,UN_IGME,True
SH_DYN_MORT,GTM,Guatemala,2001,45.42391049,41.523,49.6049,FEMALE,<5Y,G,C,PER_1000_LIVE_BIRTHS,UN_IGME,False
SH_DYN_MORT,GTM,Guatemala,2001,53.82541378,49.3122,58.6589,MALE,<5Y,G,C,PER_1000_LIVE_BIRTHS,UN_IGME,False
SH_DYN_MORT,GTM,Guatemala,2002,51.7995182,47.356,56.6471,MALE,<5Y,G,C,PER_1000_LIVE_BIRTHS,UN_IGME,False
SH_DYN_MORT,GTM,Guatemala,2002,43.53793815,39.7161,47.6663,FEMALE,<5Y,G,C,PER_1000_LIVE_BIRTHS,UN_IGME,False
SH_DYN_MORT,GTM,Guatemala,2002,47.74687324,43.8135,52.1077,BOTHSEX,<5Y,G,C,PER_1000_LIVE_BIRTHS,UN_IGME,True
SH_DYN_MORT,GTM,Guatemala,2003,45.89075487,41.986,50.2156,BOTHSEX,<5Y,G,C,PER_1000_LIVE_BIRTHS,UN_IGME,True
SH_DYN_MORT,GTM,Guatemala,2003,41.77688132,38.0515,45.9347,FEMALE,<5Y,G,C,PER_1000_LIVE_BIRTHS,UN_IGME,False
SH_DYN_MORT,GTM,Guatemala,2003,49.81514885,45.4543,54.6572,MALE,<5Y,G,C,PER_1000_LIVE_BIRTHS,UN_IGME,False
SH_DYN_MORT,GTM,Guatemala,2004,47.95530791,43.6657,52.8053,MALE,<5Y,G,C,PER_1000_LIVE_BIRTHS,UN_IGME,False
SH_DYN_MORT,GTM,Guatemala,2004,40.05731228,36.4219,44.1712,FEMALE,<5Y,G,C,PER_1000_LIVE_BIRTHS,UN_IGME,False
SH_DYN_MORT,GTM,Guatemala,2004,44.09158154,40.2495,48.4305,BOTHSEX,<5Y,G,C,PER_1000_LIVE_BIRTHS,UN_IGME,True
SH_DYN_MORT,GTM,Guatemala,2005,42.36214723,38.5771,46.6813,BOTHSEX,<5Y,G,C,PER_1000_LIVE_BIRTHS,UN_IGME,True
SH_DYN_MORT,GTM,Guatemala,2005,38.47843279,34.8752,42.5149,FEMALE,<5Y,G,C,PER_1000_LIVE_BIRTHS,UN_IGME,False
SH_DYN_MORT,GTM,Guatemala,2005,46.09338417,41.8894,50.9219,MALE,<5Y,G,C,PER_1000_LIVE_BIRTHS,UN_IGME,False
SH_DYN_MORT,GTM,Guatemala,2006,44.33987383,40.2058,49.1984,MALE,<5Y,G,C,PER_1000_LIVE_BIRTHS,UN_IGME,False
SH_DYN_MORT,GTM,Guatemala,2006,36.88378199,33.3116,40.8566,FEMALE,<5Y,G,C,PER_1000_LIVE_BIRTHS,UN_IGME,False
SH_DYN_MORT,GTM,Guatemala,2006,40.6909964,36.9545,45.0365,BOTHSEX,<5Y,G,C,PER_1000_LIVE_BIRTHS,UN_IGME,True
SH_DYN_MORT,GTM,Guatemala,2007,39.07708494,35.3236,43.4023,BOTHSEX,<5Y,G,C,PER_1000_LIVE_BIRTHS,UN_IGME,True
SH_DYN_MORT,GTM,Guatemala,2007,35.38857074,31.8176,39.4083,FEMALE,<5Y,G,C,PER_1000_LIVE_BIRTHS,UN_IGME,False
SH_DYN_MORT,GTM,Guatemala,2007,42.62290775,38.4252,47.3594,MALE,<5Y,G,C,PER_1000_LIVE_BIRTHS,UN_IGME,False
SH_DYN_MORT,GTM,Guatemala,2008,41.00236466,36.7421,45.7823,MALE,<5Y,G,C,PER_1000_LIVE_BIRTHS,UN_IGME,False
SH_DYN_MORT,GTM,Guatemala,2008,33.85710191,30.3026,37.8425,FEMALE,<5Y,G,C,PER_1000_LIVE_BIRTHS,UN_IGME,False
SH_DYN_MORT,GTM,Guatemala,2008,37.52290013,33.7283,41.8126,BOTHSEX,<5Y,G,C,PER_1000_LIVE_BIRTHS,UN_IGME,True
SH_DYN_MORT,GTM,Guatemala,2009,36.00709143,32.1868,40.3186,BOTHSEX,<5Y,G,C,PER_1000_LIVE_BIRTHS,UN_IGME,True
SH_DYN_MORT,GTM,Guatemala,2009,32.46628161,28.8865,36.4644,FEMALE,<5Y,G,C,PER_1000_LIVE_BIRTHS,UN_IGME,False
SH_DYN_MORT,GTM,Guatemala,2009,39.36675462,35.0845,44.2014,MALE,<5Y,G,C,PER_1000_LIVE_BIRTHS,UN_IGME,False
SH_DYN_MORT,GTM,Guatemala,2010,37.79730061,33.4366,42.661,MALE,<5Y,G,C,PER_1000_LIVE_BIRTHS,UN_IGME,False
SH_DYN_MORT,GTM,Guatemala,2010,31.12675846,27.4917,35.1346,FEMALE,<5Y,G,C,PER_1000_LIVE_BIRTHS,UN_IGME,False
SH_DYN_MORT,GTM,Guatemala,2010,34.53051569,30.6679,38.9293,BOTHSEX,<5Y,G,C,PER_1000_LIVE_BIRTHS,UN_IGME,True
SH_DYN_MORT,GTM,Guatemala,2011,33.13183042,29.1858,37.5646,BOTHSEX,<5Y,G,C,PER_1000_LIVE_BIRTHS,UN_IGME,True
SH_DYN_MORT,GTM,Guatemala,2011,29.78314791,26.0903,33.8543,FEMALE,<5Y,G,C,PER_1000_LIVE_BIRTHS,UN_IGME,False
SH_DYN_MORT,GTM,Guatemala,2011,36.31497105,31.8338,41.2563,MALE,<5Y,G,C,PER_1000_LIVE_BIRTHS,UN_IGME,False
SH_DYN_MORT,GTM,Guatemala,2012,28.54235844,24.7827,32.777,FEMALE,<5Y,G,C,PER_1000_LIVE_BIRTHS,UN_IGME,False
SH_DYN_MORT,GTM,Guatemala,2012,31.77531828,27.7143,36.2953,BOTHSEX,<5Y,G,C,PER_1000_LIVE_BIRTHS,UN_IGME,True
SH_DYN_MORT,GTM,Guatemala,2012,34.8179159,30.2747,39.8965,MALE,<5Y,G,C,PER_1000_LIVE_BIRTHS,UN_IGME,False
SH_DYN_MORT,GTM,Guatemala,2013,33.39326769,28.7778,38.7103,MALE,<5Y,G,C,PER_1000_LIVE_BIRTHS,UN_IGME,False
SH_DYN_MORT,GTM,Guatemala,2013,30.4436129,26.3183,35.1899,BOTHSEX,<5Y,G,C,PER_1000_LIVE_BIRTHS,UN_IGME,True
SH_DYN_MORT,GTM,Guatemala,2013,27.35496857,23.5347,31.6881,FEMALE,<5Y,G,C,PER_1000_LIVE_BIRTHS,UN_IGME,False
SH_DYN_MORT,GTM,Guatemala,2014,26.20933624,22.312,30.6846,FEMALE,<5Y,G,C,PER_1000_LIVE_BIRTHS,UN_IGME,False
SH_DYN_MORT,GTM,Guatemala,2014,29.20381135,24.9995,34.1055,BOTHSEX,<5Y,G,C,PER_1000_LIVE_BIRTHS,UN_IGME,True
SH_DYN_MORT,GTM,Guatemala,2014,32.08624471,27.3884,37.5721,MALE,<5Y,G,C,PER_1000_LIVE_BIRTHS,UN_IGME,False
SH_DYN_MORT,GTM,Guatemala,2015,30.87028386,26.066,36.5327,MALE,<5Y,G,C,PER_1000_LIVE_BIRTHS,UN_IGME,False
SH_DYN_MORT,GTM,Guatemala,2015,28.06701375,23.7801,33.15,BOTHSEX,<5Y,G,C,PER_1000_LIVE_BIRTHS,UN_IGME,True
SH_DYN_MORT,GTM,Guatemala,2015,25.16846185,21.1898,29.7876,FEMALE,<5Y,G,C,PER_1000_LIVE_BIRTHS,UN_IGME,False
SH_DYN_MORT,GTM,Guatemala,2016,24.21359873,20.0889,29.0825,FEMALE,<5Y,G,C,PER_1000_LIVE_BIRTHS,UN_IGME,False
SH_DYN_MORT,GTM,Guatemala,2016,27.0289639,22.5425,32.3879,BOTHSEX,<5Y,G,C,PER_1000_LIVE_BIRTHS,UN_IGME,True
SH_DYN_MORT,GTM,Guatemala,2016,29.71091723,24.6691,35.6602,MALE,<5Y,G,C,PER_1000_LIVE_BIRTHS,UN_IGME,False
SH_DYN_MORT,GTM,Guatemala,2017,28.63953926,23.3398,35.0902,MALE,<5Y,G,C,PER_1000_LIVE_BIRTHS,UN_IGME,False
SH_DYN_MORT,GTM,Guatemala,2017,26.07987759,21.2956,31.8177,BOTHSEX,<5Y,G,C,PER_1000_LIVE_BIRTHS,UN_IGME,True
SH_DYN_MORT,GTM,Guatemala,2017,23.3424271,18.9618,28.6088,FEMALE,<5Y,G,C,PER_1000_LIVE_BIRTHS,UN_IGME,False
SH_DYN_MORT,GTM,Guatemala,2018,22.48435371,17.8827,28.2411,FEMALE,<5Y,G,C,PER_1000_LIVE_BIRTHS,UN_IGME,False
SH_DYN_MORT,GTM,Guatemala,2018,25.12704963,20.0809,31.5128,BOTHSEX,<5Y,G,C,PER_1000_LIVE_BIRTHS,UN_IGME,True
SH_DYN_MORT,GTM,Guatemala,2018,27.66324328,22.0382,34.7252,MALE,<5Y,G,C,PER_1000_LIVE_BIRTHS,UN_IGME,False
SH_DYN_MORT,GTM,Guatemala,2019,26.73883969,20.7297,34.484,MALE,<5Y,G,C,PER_1000_LIVE_BIRTHS,UN_IGME,False
SH_DYN_MORT,GTM,Guatemala,2019,24.2884308,18.9162,31.29,BOTHSEX,<5Y,G,C,PER_1000_LIVE_BIRTHS,UN_IGME,True
SH_DYN_MORT,GTM,Guatemala,2019,21.69980974,16.7732,28.0327,FEMALE,<5Y,G,C,PER_1000_LIVE_BIRTHS,UN_IGME,False
SH_DYN_MORT,GTM,Guatemala,2020,20.99973312,15.7016,27.8846,FEMALE,<5Y,G,C,PER_1000_LIVE_BIRTHS,UN_IGME,False
SH_DYN_MORT,GTM,Guatemala,2020,23.4679067,17.6416,31.1404,BOTHSEX,<5Y,G,C,PER_1000_LIVE_BIRTHS,UN_IGME,True
SH_DYN_MORT,GTM,Guatemala,2020,25.85158349,19.385,34.302,MALE,<5Y,G,C,PER_1000_LIVE_BIRTHS,UN_IGME,False
SH_DYN_MORT,GTM,Guatemala,2021,24.93925357,18.1031,34.1088,MALE,<5Y,G,C,PER_1000_LIVE_BIRTHS,UN_IGME,False
SH_DYN_MORT,GTM,Guatemala,2021,22.67228029,16.4738,30.9719,BOTHSEX,<5Y,G,C,PER_1000_LIVE_BIRTHS,UN_IGME,True
SH_DYN_MORT,GTM,Guatemala,2021,20.2569868,14.743,27.8086,FEMALE,<5Y,G,C,PER_1000_LIVE_BIRTHS,UN_IGME,False
SH_DYN_MORT,GTM,Guatemala,2022,19.57804026,13.7694,27.7764,FEMALE,<5Y,G,C,PER_1000_LIVE_BIRTHS,UN_IGME,False
SH_DYN_MORT,GTM,Guatemala,2022,21.8989645,15.4247,30.8811,BOTHSEX,<5Y,G,C,PER_1000_LIVE_BIRTHS,UN_IGME,True
SH_DYN_MORT,GTM,Guatemala,2022,24.14770549,16.9338,34.0027,MALE,<5Y,G,C,PER_1000_LIVE_BIRTHS,UN_IGME,False
SH_DYN_MORT,GTM,Guatemala,2023,23.29428423,15.846,34.0165,MALE,<5Y,G,C,PER_1000_LIVE_BIRTHS,UN_IGME,False
SH_DYN_MORT,GTM,Guatemala,2023,21.17144657,14.4414,30.7374,BOTHSEX,<5Y,G,C,PER_1000_LIVE_BIRTHS,UN_IGME,True
SH_DYN_MORT,GTM,Guatemala,2023,18.91806112,12.9256,27.5564,FEMALE,<5Y,G,C,PER_1000_LIVE_BIRTHS,UN_IGME,False
SH_DYN_MORT,GTM,Guatemala,2024,18.30147489,12.0675,27.454,FEMALE,<5Y,G,C,PER_1000_LIVE_BIRTHS,UN_IGME,False
SH_DYN_MORT,GTM,Guatemala,2024,20.50853434,13.4967,30.7563,BOTHSEX,<5Y,G,C,PER_1000_LIVE_BIRTHS,UN_IGME,True
SH_DYN_MORT,GTM,Guatemala,2024,22.58538764,14.8138,33.9774,MALE,<5Y,G,C,PER_1000_LIVE_BIRTHS,UN_IGME,False
SH_DYN_MORT,HND,Honduras,2000,37.28011068,34.1606,40.6591,BOTHSEX,<5Y,G,C,PER_1000_LIVE_BIRTHS,UN_IGME,True
SH_DYN_MORT,HND,Honduras,2000,40.83194344,37.2631,44.6768,MALE,<5Y,G,C,PER_1000_LIVE_BIRTHS,UN_IGME,False
SH_DYN_MORT,HND,Honduras,2000,33.54568661,30.5292,36.7969,FEMALE,<5Y,G,C,PER_1000_LIVE_BIRTHS,UN_IGME,False
SH_DYN_MORT,HND,Honduras,2001,31.95708841,29.084,35.0732,FEMALE,<5Y,G,C,PER_1000_LIVE_BIRTHS,UN_IGME,False
SH_DYN_MORT,HND,Honduras,2001,39.10323954,35.6414,42.8457,MALE,<5Y,G,C,PER_1000_LIVE_BIRTHS,UN_IGME,False
SH_DYN_MORT,HND,Honduras,2001,35.62739169,32.5748,38.8897,BOTHSEX,<5Y,G,C,PER_1000_LIVE_BIRTHS,UN_IGME,True
SH_DYN_MORT,HND,Honduras,2002,34.04235809,31.0666,37.2164,BOTHSEX,<5Y,G,C,PER_1000_LIVE_BIRTHS,UN_IGME,True
SH_DYN_MORT,HND,Honduras,2002,37.35268369,33.9937,41.0119,MALE,<5Y,G,C,PER_1000_LIVE_BIRTHS,UN_IGME,False
SH_DYN_MORT,HND,Honduras,2002,30.52487476,27.7132,33.5125,FEMALE,<5Y,G,C,PER_1000_LIVE_BIRTHS,UN_IGME,False
SH_DYN_MORT,HND,Honduras,2003,29.188666,26.4302,32.1645,FEMALE,<5Y,G,C,PER_1000_LIVE_BIRTHS,UN_IGME,False
SH_DYN_MORT,HND,Honduras,2003,35.69991069,32.3753,39.2918,MALE,<5Y,G,C,PER_1000_LIVE_BIRTHS,UN_IGME,False
SH_DYN_MORT,HND,Honduras,2003,32.5363547,29.5922,35.6601,BOTHSEX,<5Y,G,C,PER_1000_LIVE_BIRTHS,UN_IGME,True
SH_DYN_MORT,HND,Honduras,2004,31.12343392,28.2098,34.2055,BOTHSEX,<5Y,G,C,PER_1000_LIVE_BIRTHS,UN_IGME,True
SH_DYN_MORT,HND,Honduras,2004,34.21804053,30.9452,37.7609,MALE,<5Y,G,C,PER_1000_LIVE_BIRTHS,UN_IGME,False
SH_DYN_MORT,HND,Honduras,2004,27.85359467,25.1417,30.7834,FEMALE,<5Y,G,C,PER_1000_LIVE_BIRTHS,UN_IGME,False
SH_DYN_MORT,HND,Honduras,2005,26.6368239,23.9794,29.527,FEMALE,<5Y,G,C,PER_1000_LIVE_BIRTHS,UN_IGME,False
SH_DYN_MORT,HND,Honduras,2005,32.77458959,29.5584,36.2529,MALE,<5Y,G,C,PER_1000_LIVE_BIRTHS,UN_IGME,False
SH_DYN_MORT,HND,Honduras,2005,29.80223064,26.9328,32.8258,BOTHSEX,<5Y,G,C,PER_1000_LIVE_BIRTHS,UN_IGME,True
SH_DYN_MORT,HND,Honduras,2006,28.57437367,25.7765,31.5794,BOTHSEX,<5Y,G,C,PER_1000_LIVE_BIRTHS,UN_IGME,True
SH_DYN_MORT,HND,Honduras,2006,31.43594947,28.2781,34.8993,MALE,<5Y,G,C,PER_1000_LIVE_BIRTHS,UN_IGME,False
SH_DYN_MORT,HND,Honduras,2006,25.5094006,22.8919,28.4,FEMALE,<5Y,G,C,PER_1000_LIVE_BIRTHS,UN_IGME,False
SH_DYN_MORT,HND,Honduras,2007,24.42502163,21.8859,27.3373,FEMALE,<5Y,G,C,PER_1000_LIVE_BIRTHS,UN_IGME,False
SH_DYN_MORT,HND,Honduras,2007,30.25062252,27.1532,33.7114,MALE,<5Y,G,C,PER_1000_LIVE_BIRTHS,UN_IGME,False
SH_DYN_MORT,HND,Honduras,2007,27.41767379,24.6817,30.4385,BOTHSEX,<5Y,G,C,PER_1000_LIVE_BIRTHS,UN_IGME,True
SH_DYN_MORT,HND,Honduras,2008,26.3582903,23.6442,29.3852,BOTHSEX,<5Y,G,C,PER_1000_LIVE_BIRTHS,UN_IGME,True
SH_DYN_MORT,HND,Honduras,2008,29.07248267,26.0069,32.5404,MALE,<5Y,G,C,PER_1000_LIVE_BIRTHS,UN_IGME,False
SH_DYN_MORT,HND,Honduras,2008,23.47915933,20.9483,26.3817,FEMALE,<5Y,G,C,PER_1000_LIVE_BIRTHS,UN_IGME,False
SH_DYN_MORT,HND,Honduras,2009,22.5988948,20.0428,25.4599,FEMALE,<5Y,G,C,PER_1000_LIVE_BIRTHS,UN_IGME,False
SH_DYN_MORT,HND,Honduras,2009,27.98960296,24.9293,31.485,MALE,<5Y,G,C,PER_1000_LIVE_BIRTHS,UN_IGME,False
SH_DYN_MORT,HND,Honduras,2009,25.3710462,22.6886,28.3982,BOTHSEX,<5Y,G,C,PER_1000_LIVE_BIRTHS,UN_IGME,True
SH_DYN_MORT,HND,Honduras,2010,24.42706079,21.7199,27.5404,BOTHSEX,<5Y,G,C,PER_1000_LIVE_BIRTHS,UN_IGME,True
SH_DYN_MORT,HND,Honduras,2010,26.99417203,23.9064,30.5275,MALE,<5Y,G,C,PER_1000_LIVE_BIRTHS,UN_IGME,False
SH_DYN_MORT,HND,Honduras,2010,21.74821966,19.1943,24.6021,FEMALE,<5Y,G,C,PER_1000_LIVE_BIRTHS,UN_IGME,False
SH_DYN_MORT,HND,Honduras,2011,20.94810717,18.36,23.917,FEMALE,<5Y,G,C,PER_1000_LIVE_BIRTHS,UN_IGME,False
SH_DYN_MORT,HND,Honduras,2011,26.00450775,22.8899,29.6249,MALE,<5Y,G,C,PER_1000_LIVE_BIRTHS,UN_IGME,False
SH_DYN_MORT,HND,Honduras,2011,23.53024244,20.8157,26.726,BOTHSEX,<5Y,G,C,PER_1000_LIVE_BIRTHS,UN_IGME,True
SH_DYN_MORT,HND,Honduras,2012,22.69599639,19.8813,26.0137,BOTHSEX,<5Y,G,C,PER_1000_LIVE_BIRTHS,UN_IGME,True
SH_DYN_MORT,HND,Honduras,2012,25.08833227,21.8808,28.7902,MALE,<5Y,G,C,PER_1000_LIVE_BIRTHS,UN_IGME,False
SH_DYN_MORT,HND,Honduras,2012,20.19492364,17.5778,23.2995,FEMALE,<5Y,G,C,PER_1000_LIVE_BIRTHS,UN_IGME,False
SH_DYN_MORT,HND,Honduras,2013,19.46876485,16.8072,22.7032,FEMALE,<5Y,G,C,PER_1000_LIVE_BIRTHS,UN_IGME,False
SH_DYN_MORT,HND,Honduras,2013,24.17781971,20.9156,28.0328,MALE,<5Y,G,C,PER_1000_LIVE_BIRTHS,UN_IGME,False
SH_DYN_MORT,HND,Honduras,2013,21.88859202,19.0046,25.3329,BOTHSEX,<5Y,G,C,PER_1000_LIVE_BIRTHS,UN_IGME,True
SH_DYN_MORT,HND,Honduras,2014,21.1093363,18.148,24.7182,BOTHSEX,<5Y,G,C,PER_1000_LIVE_BIRTHS,UN_IGME,True
SH_DYN_MORT,HND,Honduras,2014,23.30149732,19.9546,27.33,MALE,<5Y,G,C,PER_1000_LIVE_BIRTHS,UN_IGME,False
SH_DYN_MORT,HND,Honduras,2014,18.79500117,16.028,22.1665,FEMALE,<5Y,G,C,PER_1000_LIVE_BIRTHS,UN_IGME,False
SH_DYN_MORT,HND,Honduras,2015,18.11655355,15.2853,21.6858,FEMALE,<5Y,G,C,PER_1000_LIVE_BIRTHS,UN_IGME,False
SH_DYN_MORT,HND,Honduras,2015,22.45866567,19.0032,26.7019,MALE,<5Y,G,C,PER_1000_LIVE_BIRTHS,UN_IGME,False
SH_DYN_MORT,HND,Honduras,2015,20.3491927,17.2691,24.183,BOTHSEX,<5Y,G,C,PER_1000_LIVE_BIRTHS,UN_IGME,True
SH_DYN_MORT,HND,Honduras,2016,19.62026455,16.4606,23.6673,BOTHSEX,<5Y,G,C,PER_1000_LIVE_BIRTHS,UN_IGME,True
SH_DYN_MORT,HND,Honduras,2016,21.68052716,18.0883,26.1424,MALE,<5Y,G,C,PER_1000_LIVE_BIRTHS,UN_IGME,False
SH_DYN_MORT,HND,Honduras,2016,17.4684612,14.558,21.1919,FEMALE,<5Y,G,C,PER_1000_LIVE_BIRTHS,UN_IGME,False
SH_DYN_MORT,HND,Honduras,2017,16.83250357,13.846,20.7426,FEMALE,<5Y,G,C,PER_1000_LIVE_BIRTHS,UN_IGME,False
SH_DYN_MORT,HND,Honduras,2017,20.90360537,17.2092,25.6028,MALE,<5Y,G,C,PER_1000_LIVE_BIRTHS,UN_IGME,False
SH_DYN_MORT,HND,Honduras,2017,18.91149843,15.6521,23.2011,BOTHSEX,<5Y,G,C,PER_1000_LIVE_BIRTHS,UN_IGME,True
SH_DYN_MORT,HND,Honduras,2018,18.24905831,14.9251,22.7366,BOTHSEX,<5Y,G,C,PER_1000_LIVE_BIRTHS,UN_IGME,True
SH_DYN_MORT,HND,Honduras,2018,20.1827879,16.374,25.1592,MALE,<5Y,G,C,PER_1000_LIVE_BIRTHS,UN_IGME,False
SH_DYN_MORT,HND,Honduras,2018,16.25394122,13.2183,20.3655,FEMALE,<5Y,G,C,PER_1000_LIVE_BIRTHS,UN_IGME,False
SH_DYN_MORT,HND,Honduras,2019,15.70409841,12.5459,19.9418,FEMALE,<5Y,G,C,PER_1000_LIVE_BIRTHS,UN_IGME,False
SH_DYN_MORT,HND,Honduras,2019,19.47250646,15.5673,24.6932,MALE,<5Y,G,C,PER_1000_LIVE_BIRTHS,UN_IGME,False
SH_DYN_MORT,HND,Honduras,2019,17.65591987,14.1353,22.367,BOTHSEX,<5Y,G,C,PER_1000_LIVE_BIRTHS,UN_IGME,True
SH_DYN_MORT,HND,Honduras,2020,17.06851858,13.3847,22.0593,BOTHSEX,<5Y,G,C,PER_1000_LIVE_BIRTHS,UN_IGME,True
SH_DYN_MORT,HND,Honduras,2020,18.80910333,14.7224,24.395,MALE,<5Y,G,C,PER_1000_LIVE_BIRTHS,UN_IGME,False
SH_DYN_MORT,HND,Honduras,2020,15.20575812,11.8375,19.7542,FEMALE,<5Y,G,C,PER_1000_LIVE_BIRTHS,UN_IGME,False
SH_DYN_MORT,HND,Honduras,2021,14.70618139,11.2109,19.4987,FEMALE,<5Y,G,C,PER_1000_LIVE_BIRTHS,UN_IGME,False
SH_DYN_MORT,HND,Honduras,2021,18.20549152,13.8862,24.1711,MALE,<5Y,G,C,PER_1000_LIVE_BIRTHS,UN_IGME,False
SH_DYN_MORT,HND,Honduras,2021,16.51277834,12.612,21.8108,BOTHSEX,<5Y,G,C,PER_1000_LIVE_BIRTHS,UN_IGME,True
SH_DYN_MORT,HND,Honduras,2022,15.98084009,11.8522,21.5782,BOTHSEX,<5Y,G,C,PER_1000_LIVE_BIRTHS,UN_IGME,True
SH_DYN_MORT,HND,Honduras,2022,17.65338083,13.0762,23.9047,MALE,<5Y,G,C,PER_1000_LIVE_BIRTHS,UN_IGME,False
SH_DYN_MORT,HND,Honduras,2022,14.24632594,10.5215,19.26,FEMALE,<5Y,G,C,PER_1000_LIVE_BIRTHS,UN_IGME,False
SH_DYN_MORT,HND,Honduras,2023,13.77508999,9.85452,19.1991,FEMALE,<5Y,G,C,PER_1000_LIVE_BIRTHS,UN_IGME,False
SH_DYN_MORT,HND,Honduras,2023,17.04347523,12.2232,23.6657,MALE,<5Y,G,C,PER_1000_LIVE_BIRTHS,UN_IGME,False
SH_DYN_MORT,HND,Honduras,2023,15.4680119,11.0965,21.4829,BOTHSEX,<5Y,G,C,PER_1000_LIVE_BIRTHS,UN_IGME,True
SH_DYN_MORT,HND,Honduras,2024,14.95500381,10.4307,21.4618,BOTHSEX,<5Y,G,C,PER_1000_LIVE_BIRTHS,UN_IGME,True
SH_DYN_MORT,HND,Honduras,2024,16.50239892,11.4775,23.663,MALE,<5Y,G,C,PER_1000_LIVE_BIRTHS,UN_IGME,False
SH_DYN_MORT,HND,Honduras,2024,13.35750704,9.27686,19.1774,FEMALE,<5Y,G,C,PER_1000_LIVE_BIRTHS,UN_IGME,False
SH_DYN_MORT,MEX,Mexico,2000,27.41901634,25.6292,29.4568,BOTHSEX,<5Y,G,C,PER_1000_LIVE_BIRTHS,UN_IGME,True
SH_DYN_MORT,MEX,Mexico,2000,24.56951692,22.8811,26.5736,FEMALE,<5Y,G,C,PER_1000_LIVE_BIRTHS,UN_IGME,False
SH_DYN_MORT,MEX,Mexico,2000,30.11906883,28.1095,32.44,MALE,<5Y,G,C,PER_1000_LIVE_BIRTHS,UN_IGME,False
SH_DYN_MORT,MEX,Mexico,2001,28.74660539,26.8508,30.933,MALE,<5Y,G,C,PER_1000_LIVE_BIRTHS,UN_IGME,False
SH_DYN_MORT,MEX,Mexico,2001,23.44709721,21.8757,25.3648,FEMALE,<5Y,G,C,PER_1000_LIVE_BIRTHS,UN_IGME,False
SH_DYN_MORT,MEX,Mexico,2001,26.16002856,24.4897,28.1304,BOTHSEX,<5Y,G,C,PER_1000_LIVE_BIRTHS,UN_IGME,True
SH_DYN_MORT,MEX,Mexico,2002,24.98686488,23.4569,26.8971,BOTHSEX,<5Y,G,C,PER_1000_LIVE_BIRTHS,UN_IGME,True
SH_DYN_MORT,MEX,Mexico,2002,22.4064947,20.9651,24.2497,FEMALE,<5Y,G,C,PER_1000_LIVE_BIRTHS,UN_IGME,False
SH_DYN_MORT,MEX,Mexico,2002,27.44166504,25.7247,29.6085,MALE,<5Y,G,C,PER_1000_LIVE_BIRTHS,UN_IGME,False
SH_DYN_MORT,MEX,Mexico,2003,26.28227596,24.7034,28.3586,MALE,<5Y,G,C,PER_1000_LIVE_BIRTHS,UN_IGME,False
SH_DYN_MORT,MEX,Mexico,2003,21.44710415,20.1116,23.2007,FEMALE,<5Y,G,C,PER_1000_LIVE_BIRTHS,UN_IGME,False
SH_DYN_MORT,MEX,Mexico,2003,23.91930037,22.521,25.7744,BOTHSEX,<5Y,G,C,PER_1000_LIVE_BIRTHS,UN_IGME,True
SH_DYN_MORT,MEX,Mexico,2004,22.95889126,21.6793,24.7497,BOTHSEX,<5Y,G,C,PER_1000_LIVE_BIRTHS,UN_IGME,True
SH_DYN_MORT,MEX,Mexico,2004,20.59732976,19.3678,22.2409,FEMALE,<5Y,G,C,PER_1000_LIVE_BIRTHS,UN_IGME,False
SH_DYN_MORT,MEX,Mexico,2004,25.21875656,23.7804,27.205,MALE,<5Y,G,C,PER_1000_LIVE_BIRTHS,UN_IGME,False
SH_DYN_MORT,MEX,Mexico,2005,24.27215585,22.954,26.1476,MALE,<5Y,G,C,PER_1000_LIVE_BIRTHS,UN_IGME,False
SH_DYN_MORT,MEX,Mexico,2005,19.8338026,18.7277,21.3759,FEMALE,<5Y,G,C,PER_1000_LIVE_BIRTHS,UN_IGME,False
SH_DYN_MORT,MEX,Mexico,2005,22.10482755,20.9288,23.8052,BOTHSEX,<5Y,G,C,PER_1000_LIVE_BIRTHS,UN_IGME,True
SH_DYN_MORT,MEX,Mexico,2006,21.3367502,20.2701,22.9406,BOTHSEX,<5Y,G,C,PER_1000_LIVE_BIRTHS,UN_IGME,True
SH_DYN_MORT,MEX,Mexico,2006,19.15039911,18.1709,20.5954,FEMALE,<5Y,G,C,PER_1000_LIVE_BIRTHS,UN_IGME,False
SH_DYN_MORT,MEX,Mexico,2006,23.42384008,22.2297,25.2034,MALE,<5Y,G,C,PER_1000_LIVE_BIRTHS,UN_IGME,False
SH_DYN_MORT,MEX,Mexico,2007,22.67458144,21.5713,24.3161,MALE,<5Y,G,C,PER_1000_LIVE_BIRTHS,UN_IGME,False
SH_DYN_MORT,MEX,Mexico,2007,18.54108621,17.6284,19.8975,FEMALE,<5Y,G,C,PER_1000_LIVE_BIRTHS,UN_IGME,False
SH_DYN_MORT,MEX,Mexico,2007,20.65684481,19.6564,22.1582,BOTHSEX,<5Y,G,C,PER_1000_LIVE_BIRTHS,UN_IGME,True
SH_DYN_MORT,MEX,Mexico,2008,20.04098014,19.0993,21.4253,BOTHSEX,<5Y,G,C,PER_1000_LIVE_BIRTHS,UN_IGME,True
SH_DYN_MORT,MEX,Mexico,2008,17.98278174,17.1237,19.2251,FEMALE,<5Y,G,C,PER_1000_LIVE_BIRTHS,UN_IGME,False
SH_DYN_MORT,MEX,Mexico,2008,22.00825153,20.9676,23.5349,MALE,<5Y,G,C,PER_1000_LIVE_BIRTHS,UN_IGME,False
SH_DYN_MORT,MEX,Mexico,2009,21.35343476,20.3332,22.7434,MALE,<5Y,G,C,PER_1000_LIVE_BIRTHS,UN_IGME,False
SH_DYN_MORT,MEX,Mexico,2009,17.51563095,16.6922,18.6584,FEMALE,<5Y,G,C,PER_1000_LIVE_BIRTHS,UN_IGME,False
SH_DYN_MORT,MEX,Mexico,2009,19.48051535,18.5672,20.7456,BOTHSEX,<5Y,G,C,PER_1000_LIVE_BIRTHS,UN_IGME,True
SH_DYN_MORT,MEX,Mexico,2010,18.9472008,18.0662,20.1011,BOTHSEX,<5Y,G,C,PER_1000_LIVE_BIRTHS,UN_IGME,True
SH_DYN_MORT,MEX,Mexico,2010,17.05743315,16.2555,18.1072,FEMALE,<5Y,G,C,PER_1000_LIVE_BIRTHS,UN_IGME,False
SH_DYN_MORT,MEX,Mexico,2010,20.74517422,19.7667,22.0207,MALE,<5Y,G,C,PER_1000_LIVE_BIRTHS,UN_IGME,False
SH_DYN_MORT,MEX,Mexico,2011,20.16949397,19.2083,21.3442,MALE,<5Y,G,C,PER_1000_LIVE_BIRTHS,UN_IGME,False
SH_DYN_MORT,MEX,Mexico,2011,16.63445275,15.8526,17.6078,FEMALE,<5Y,G,C,PER_1000_LIVE_BIRTHS,UN_IGME,False
SH_DYN_MORT,MEX,Mexico,2011,18.44233706,17.5798,19.5131,BOTHSEX,<5Y,G,C,PER_1000_LIVE_BIRTHS,UN_IGME,True
SH_DYN_MORT,MEX,Mexico,2012,17.94818592,17.1124,18.9619,BOTHSEX,<5Y,G,C,PER_1000_LIVE_BIRTHS,UN_IGME,True
SH_DYN_MORT,MEX,Mexico,2012,16.17012812,15.4076,17.0862,FEMALE,<5Y,G,C,PER_1000_LIVE_BIRTHS,UN_IGME,False
SH_DYN_MORT,MEX,Mexico,2012,19.64378668,18.722,20.7639,MALE,<5Y,G,C,PER_1000_LIVE_BIRTHS,UN_IGME,False
SH_DYN_MORT,MEX,Mexico,2013,19.17393942,18.2592,20.2092,MALE,<5Y,G,C,PER_1000_LIVE_BIRTHS,UN_IGME,False
SH_DYN_MORT,MEX,Mexico,2013,15.70063409,14.9514,16.5641,FEMALE,<5Y,G,C,PER_1000_LIVE_BIRTHS,UN_IGME,False
SH_DYN_MORT,MEX,Mexico,2013,17.48242031,16.6518,18.4257,BOTHSEX,<5Y,G,C,PER_1000_LIVE_BIRTHS,UN_IGME,True
SH_DYN_MORT,MEX,Mexico,2014,17.0271103,16.194,17.9026,BOTHSEX,<5Y,G,C,PER_1000_LIVE_BIRTHS,UN_IGME,True
SH_DYN_MORT,MEX,Mexico,2014,15.2431427,14.4904,16.0369,FEMALE,<5Y,G,C,PER_1000_LIVE_BIRTHS,UN_IGME,False
SH_DYN_MORT,MEX,Mexico,2014,18.72523862,17.804,19.6922,MALE,<5Y,G,C,PER_1000_LIVE_BIRTHS,UN_IGME,False
SH_DYN_MORT,MEX,Mexico,2015,18.14741844,17.1992,19.0529,MALE,<5Y,G,C,PER_1000_LIVE_BIRTHS,UN_IGME,False
SH_DYN_MORT,MEX,Mexico,2015,14.94428072,14.1599,15.6982,FEMALE,<5Y,G,C,PER_1000_LIVE_BIRTHS,UN_IGME,False
SH_DYN_MORT,MEX,Mexico,2015,16.58374586,15.7205,17.4106,BOTHSEX,<5Y,G,C,PER_1000_LIVE_BIRTHS,UN_IGME,True
SH_DYN_MORT,MEX,Mexico,2016,16.16569139,15.2281,16.9751,BOTHSEX,<5Y,G,C,PER_1000_LIVE_BIRTHS,UN_IGME,True
SH_DYN_MORT,MEX,Mexico,2016,14.54747588,13.6987,15.2861,FEMALE,<5Y,G,C,PER_1000_LIVE_BIRTHS,UN_IGME,False
SH_DYN_MORT,MEX,Mexico,2016,17.70518652,16.6773,18.5951,MALE,<5Y,G,C,PER_1000_LIVE_BIRTHS,UN_IGME,False
SH_DYN_MORT,MEX,Mexico,2017,17.24941424,16.0991,18.1912,MALE,<5Y,G,C,PER_1000_LIVE_BIRTHS,UN_IGME,False
SH_DYN_MORT,MEX,Mexico,2017,14.18420476,13.2311,14.9755,FEMALE,<5Y,G,C,PER_1000_LIVE_BIRTHS,UN_IGME,False
SH_DYN_MORT,MEX,Mexico,2017,15.75981999,14.7218,16.5982,BOTHSEX,<5Y,G,C,PER_1000_LIVE_BIRTHS,UN_IGME,True
SH_DYN_MORT,MEX,Mexico,2018,15.35694075,14.2001,16.3293,BOTHSEX,<5Y,G,C,PER_1000_LIVE_BIRTHS,UN_IGME,True
SH_DYN_MORT,MEX,Mexico,2018,13.82386469,12.7621,14.7497,FEMALE,<5Y,G,C,PER_1000_LIVE_BIRTHS,UN_IGME,False
SH_DYN_MORT,MEX,Mexico,2018,16.81362171,15.5143,17.9108,MALE,<5Y,G,C,PER_1000_LIVE_BIRTHS,UN_IGME,False
SH_DYN_MORT,MEX,Mexico,2019,16.40028235,14.9325,17.7232,MALE,<5Y,G,C,PER_1000_LIVE_BIRTHS,UN_IGME,False
SH_DYN_MORT,MEX,Mexico,2019,13.46257995,12.2928,14.6066,FEMALE,<5Y,G,C,PER_1000_LIVE_BIRTHS,UN_IGME,False
SH_DYN_MORT,MEX,Mexico,2019,14.96791373,13.6661,16.1675,BOTHSEX,<5Y,G,C,PER_1000_LIVE_BIRTHS,UN_IGME,True
SH_DYN_MORT,MEX,Mexico,2020,14.59475512,13.1316,16.0477,BOTHSEX,<5Y,G,C,PER_1000_LIVE_BIRTHS,UN_IGME,True
SH_DYN_MORT,MEX,Mexico,2020,13.14343149,11.8138,14.5172,FEMALE,<5Y,G,C,PER_1000_LIVE_BIRTHS,UN_IGME,False
SH_DYN_MORT,MEX,Mexico,2020,15.97550043,14.3315,17.5988,MALE,<5Y,G,C,PER_1000_LIVE_BIRTHS,UN_IGME,False
SH_DYN_MORT,MEX,Mexico,2021,15.56405336,13.7432,17.4918,MALE,<5Y,G,C,PER_1000_LIVE_BIRTHS,UN_IGME,False
SH_DYN_MORT,MEX,Mexico,2021,12.80070685,11.2953,14.3983,FEMALE,<5Y,G,C,PER_1000_LIVE_BIRTHS,UN_IGME,False
SH_DYN_MORT,MEX,Mexico,2021,14.21391577,12.5824,15.9375,BOTHSEX,<5Y,G,C,PER_1000_LIVE_BIRTHS,UN_IGME,True
SH_DYN_MORT,MEX,Mexico,2022,13.81909134,12.0071,15.841,BOTHSEX,<5Y,G,C,PER_1000_LIVE_BIRTHS,UN_IGME,True
SH_DYN_MORT,MEX,Mexico,2022,12.44504745,10.7893,14.2799,FEMALE,<5Y,G,C,PER_1000_LIVE_BIRTHS,UN_IGME,False
SH_DYN_MORT,MEX,Mexico,2022,15.13790982,13.1172,17.3838,MALE,<5Y,G,C,PER_1000_LIVE_BIRTHS,UN_IGME,False
SH_DYN_MORT,MEX,Mexico,2023,14.69743084,12.432,17.3003,MALE,<5Y,G,C,PER_1000_LIVE_BIRTHS,UN_IGME,False
SH_DYN_MORT,MEX,Mexico,2023,12.10899775,10.2502,14.2624,FEMALE,<5Y,G,C,PER_1000_LIVE_BIRTHS,UN_IGME,False
SH_DYN_MORT,MEX,Mexico,2023,13.43269989,11.4069,15.7818,BOTHSEX,<5Y,G,C,PER_1000_LIVE_BIRTHS,UN_IGME,True
SH_DYN_MORT,MEX,Mexico,2024,13.05224287,10.7654,15.7484,BOTHSEX,<5Y,G,C,PER_1000_LIVE_BIRTHS,UN_IGME,True
SH_DYN_MORT,MEX,Mexico,2024,11.75072075,9.65115,14.2243,FEMALE,<5Y,G,C,PER_1000_LIVE_BIRTHS,UN_IGME,False
SH_DYN_MORT,MEX,Mexico,2024,14.29038221,11.7697,17.2434,MALE,<5Y,G,C,PER_1000_LIVE_BIRTHS,UN_IGME,False
SH_DYN_MORT,NIC,Nicaragua,2000,37.12782055,33.0466,41.7833,BOTHSEX,<5Y,G,C,PER_1000_LIVE_BIRTHS,UN_IGME,True
SH_DYN_MORT,NIC,Nicaragua,2000,40.93514198,36.3459,46.1512,MALE,<5Y,G,C,PER_1000_LIVE_BIRTHS,UN_IGME,False
SH_DYN_MORT,NIC,Nicaragua,2000,33.12892891,29.4053,37.4377,FEMALE,<5Y,G,C,PER_1000_LIVE_BIRTHS,UN_IGME,False
SH_DYN_MORT,NIC,Nicaragua,2001,31.37835605,27.758,35.6463,FEMALE,<5Y,G,C,PER_1000_LIVE_BIRTHS,UN_IGME,False
SH_DYN_MORT,NIC,Nicaragua,2001,38.97846689,34.4928,44.1018,MALE,<5Y,G,C,PER_1000_LIVE_BIRTHS,UN_IGME,False
SH_DYN_MORT,NIC,Nicaragua,2001,35.26699723,31.3247,39.8399,BOTHSEX,<5Y,G,C,PER_1000_LIVE_BIRTHS,UN_IGME,True
SH_DYN_MORT,NIC,Nicaragua,2002,33.7723119,29.699,38.427,BOTHSEX,<5Y,G,C,PER_1000_LIVE_BIRTHS,UN_IGME,True
SH_DYN_MORT,NIC,Nicaragua,2002,37.32219291,32.7368,42.6285,MALE,<5Y,G,C,PER_1000_LIVE_BIRTHS,UN_IGME,False
SH_DYN_MORT,NIC,Nicaragua,2002,30.02267609,26.2835,34.3502,FEMALE,<5Y,G,C,PER_1000_LIVE_BIRTHS,UN_IGME,False
SH_DYN_MORT,NIC,Nicaragua,2003,28.77994046,24.884,33.2207,FEMALE,<5Y,G,C,PER_1000_LIVE_BIRTHS,UN_IGME,False
SH_DYN_MORT,NIC,Nicaragua,2003,35.81008499,31.0905,41.3058,MALE,<5Y,G,C,PER_1000_LIVE_BIRTHS,UN_IGME,False
SH_DYN_MORT,NIC,Nicaragua,2003,32.4036273,28.1818,37.1908,BOTHSEX,<5Y,G,C,PER_1000_LIVE_BIRTHS,UN_IGME,True
SH_DYN_MORT,NIC,Nicaragua,2004,31.05418439,26.659,36.0097,BOTHSEX,<5Y,G,C,PER_1000_LIVE_BIRTHS,UN_IGME,True
SH_DYN_MORT,NIC,Nicaragua,2004,34.34692157,29.4275,40.0432,MALE,<5Y,G,C,PER_1000_LIVE_BIRTHS,UN_IGME,False
SH_DYN_MORT,NIC,Nicaragua,2004,27.55678457,23.5428,32.0989,FEMALE,<5Y,G,C,PER_1000_LIVE_BIRTHS,UN_IGME,False
SH_DYN_MORT,NIC,Nicaragua,2005,26.34325927,22.3162,31.0722,FEMALE,<5Y,G,C,PER_1000_LIVE_BIRTHS,UN_IGME,False
SH_DYN_MORT,NIC,Nicaragua,2005,32.89166759,27.8576,38.7044,MALE,<5Y,G,C,PER_1000_LIVE_BIRTHS,UN_IGME,False
SH_DYN_MORT,NIC,Nicaragua,2005,29.69220809,25.2282,34.8158,BOTHSEX,<5Y,G,C,PER_1000_LIVE_BIRTHS,UN_IGME,True
SH_DYN_MORT,NIC,Nicaragua,2006,28.37902116,23.8304,33.6045,BOTHSEX,<5Y,G,C,PER_1000_LIVE_BIRTHS,UN_IGME,True
SH_DYN_MORT,NIC,Nicaragua,2006,31.42769878,26.3488,37.3447,MALE,<5Y,G,C,PER_1000_LIVE_BIRTHS,UN_IGME,False
SH_DYN_MORT,NIC,Nicaragua,2006,25.15664775,21.0624,29.8949,FEMALE,<5Y,G,C,PER_1000_LIVE_BIRTHS,UN_IGME,False
SH_DYN_MORT,NIC,Nicaragua,2007,23.98048049,19.9418,28.6548,FEMALE,<5Y,G,C,PER_1000_LIVE_BIRTHS,UN_IGME,False
SH_DYN_MORT,NIC,Nicaragua,2007,30.05000014,24.9709,35.8937,MALE,<5Y,G,C,PER_1000_LIVE_BIRTHS,UN_IGME,False
SH_DYN_MORT,NIC,Nicaragua,2007,27.07566179,22.5719,32.2738,BOTHSEX,<5Y,G,C,PER_1000_LIVE_BIRTHS,UN_IGME,True
SH_DYN_MORT,NIC,Nicaragua,2008,25.76787456,21.4595,30.8101,BOTHSEX,<5Y,G,C,PER_1000_LIVE_BIRTHS,UN_IGME,True
SH_DYN_MORT,NIC,Nicaragua,2008,28.57367831,23.7226,34.236,MALE,<5Y,G,C,PER_1000_LIVE_BIRTHS,UN_IGME,False
SH_DYN_MORT,NIC,Nicaragua,2008,22.79395403,18.918,27.3618,FEMALE,<5Y,G,C,PER_1000_LIVE_BIRTHS,UN_IGME,False
SH_DYN_MORT,NIC,Nicaragua,2009,21.64534311,18.0477,26.0189,FEMALE,<5Y,G,C,PER_1000_LIVE_BIRTHS,UN_IGME,False
SH_DYN_MORT,NIC,Nicaragua,2009,27.14720962,22.6965,32.5426,MALE,<5Y,G,C,PER_1000_LIVE_BIRTHS,UN_IGME,False
SH_DYN_MORT,NIC,Nicaragua,2009,24.48779001,20.529,29.2592,BOTHSEX,<5Y,G,C,PER_1000_LIVE_BIRTHS,UN_IGME,True
SH_DYN_MORT,NIC,Nicaragua,2010,23.16926108,19.6894,27.5545,BOTHSEX,<5Y,G,C,PER_1000_LIVE_BIRTHS,UN_IGME,True
SH_DYN_MORT,NIC,Nicaragua,2010,25.72983944,21.7807,30.6644,MALE,<5Y,G,C,PER_1000_LIVE_BIRTHS,UN_IGME,False
SH_DYN_MORT,NIC,Nicaragua,2010,20.48682186,17.3345,24.4844,FEMALE,<5Y,G,C,PER_1000_LIVE_BIRTHS,UN_IGME,False
SH_DYN_MORT,NIC,Nicaragua,2011,19.37023009,16.7326,22.8001,FEMALE,<5Y,G,C,PER_1000_LIVE_BIRTHS,UN_IGME,False
SH_DYN_MORT,NIC,Nicaragua,2011,24.32278685,21.0377,28.6032,MALE,<5Y,G,C,PER_1000_LIVE_BIRTHS,UN_IGME,False
SH_DYN_MORT,NIC,Nicaragua,2011,21.89098363,19.0213,25.6732,BOTHSEX,<5Y,G,C,PER_1000_LIVE_BIRTHS,UN_IGME,True
SH_DYN_MORT,NIC,Nicaragua,2012,20.64086174,18.3991,23.7701,BOTHSEX,<5Y,G,C,PER_1000_LIVE_BIRTHS,UN_IGME,True
SH_DYN_MORT,NIC,Nicaragua,2012,22.9423894,20.3537,26.4606,MALE,<5Y,G,C,PER_1000_LIVE_BIRTHS,UN_IGME,False
SH_DYN_MORT,NIC,Nicaragua,2012,18.26125478,16.1519,21.1331,FEMALE,<5Y,G,C,PER_1000_LIVE_BIRTHS,UN_IGME,False
SH_DYN_MORT,NIC,Nicaragua,2013,17.1918567,15.5622,19.4245,FEMALE,<5Y,G,C,PER_1000_LIVE_BIRTHS,UN_IGME,False
SH_DYN_MORT,NIC,Nicaragua,2013,21.59560305,19.5779,24.3202,MALE,<5Y,G,C,PER_1000_LIVE_BIRTHS,UN_IGME,False
SH_DYN_MORT,NIC,Nicaragua,2013,19.43156077,17.7624,21.8535,BOTHSEX,<5Y,G,C,PER_1000_LIVE_BIRTHS,UN_IGME,True
SH_DYN_MORT,NIC,Nicaragua,2014,18.27067967,17.0354,20.0006,BOTHSEX,<5Y,G,C,PER_1000_LIVE_BIRTHS,UN_IGME,True
SH_DYN_MORT,NIC,Nicaragua,2014,20.29018753,18.76,22.2516,MALE,<5Y,G,C,PER_1000_LIVE_BIRTHS,UN_IGME,False
SH_DYN_MORT,NIC,Nicaragua,2014,16.18048957,14.9244,17.7993,FEMALE,<5Y,G,C,PER_1000_LIVE_BIRTHS,UN_IGME,False
SH_DYN_MORT,NIC,Nicaragua,2015,15.20691407,14.2112,16.3411,FEMALE,<5Y,G,C,PER_1000_LIVE_BIRTHS,UN_IGME,False
SH_DYN_MORT,NIC,Nicaragua,2015,19.0591091,17.905,20.3964,MALE,<5Y,G,C,PER_1000_LIVE_BIRTHS,UN_IGME,False
SH_DYN_MORT,NIC,Nicaragua,2015,17.17390936,16.2768,18.2801,BOTHSEX,<5Y,G,C,PER_1000_LIVE_BIRTHS,UN_IGME,True
SH_DYN_MORT,NIC,Nicaragua,2016,16.14424858,15.4639,16.8929,BOTHSEX,<5Y,G,C,PER_1000_LIVE_BIRTHS,UN_IGME,True
SH_DYN_MORT,NIC,Nicaragua,2016,17.91345939,16.9996,18.8963,MALE,<5Y,G,C,PER_1000_LIVE_BIRTHS,UN_IGME,False
SH_DYN_MORT,NIC,Nicaragua,2016,14.29301426,13.4697,15.1538,FEMALE,<5Y,G,C,PER_1000_LIVE_BIRTHS,UN_IGME,False
SH_DYN_MORT,NIC,Nicaragua,2017,13.53726955,12.821,14.2919,FEMALE,<5Y,G,C,PER_1000_LIVE_BIRTHS,UN_IGME,False
SH_DYN_MORT,NIC,Nicaragua,2017,16.91544521,16.1243,17.7763,MALE,<5Y,G,C,PER_1000_LIVE_BIRTHS,UN_IGME,False
SH_DYN_MORT,NIC,Nicaragua,2017,15.27099975,14.6826,15.8956,BOTHSEX,<5Y,G,C,PER_1000_LIVE_BIRTHS,UN_IGME,True
SH_DYN_MORT,NIC,Nicaragua,2018,14.63214522,14.0594,15.2374,BOTHSEX,<5Y,G,C,PER_1000_LIVE_BIRTHS,UN_IGME,True
SH_DYN_MORT,NIC,Nicaragua,2018,16.21968851,15.4213,17.0699,MALE,<5Y,G,C,PER_1000_LIVE_BIRTHS,UN_IGME,False
SH_DYN_MORT,NIC,Nicaragua,2018,12.97070798,12.2526,13.7022,FEMALE,<5Y,G,C,PER_1000_LIVE_BIRTHS,UN_IGME,False
SH_DYN_MORT,NIC,Nicaragua,2019,12.64549789,11.91,13.4008,FEMALE,<5Y,G,C,PER_1000_LIVE_BIRTHS,UN_IGME,False
SH_DYN_MORT,NIC,Nicaragua,2019,15.81799416,14.9989,16.6838,MALE,<5Y,G,C,PER_1000_LIVE_BIRTHS,UN_IGME,False
SH_DYN_MORT,NIC,Nicaragua,2019,14.27089314,13.651,14.9199,BOTHSEX,<5Y,G,C,PER_1000_LIVE_BIRTHS,UN_IGME,True
SH_DYN_MORT,NIC,Nicaragua,2020,14.15189723,13.5109,14.819,BOTHSEX,<5Y,G,C,PER_1000_LIVE_BIRTHS,UN_IGME,True
SH_DYN_MORT,NIC,Nicaragua,2020,15.66163078,14.8133,16.5708,MALE,<5Y,G,C,PER_1000_LIVE_BIRTHS,UN_IGME,False
SH_DYN_MORT,NIC,Nicaragua,2020,12.55027548,11.7994,13.3456,FEMALE,<5Y,G,C,PER_1000_LIVE_BIRTHS,UN_IGME,False
SH_DYN_MORT,NIC,Nicaragua,2021,12.57970276,11.8265,13.3936,FEMALE,<5Y,G,C,PER_1000_LIVE_BIRTHS,UN_IGME,False
SH_DYN_MORT,NIC,Nicaragua,2021,15.70644081,14.8307,16.6514,MALE,<5Y,G,C,PER_1000_LIVE_BIRTHS,UN_IGME,False
SH_DYN_MORT,NIC,Nicaragua,2021,14.18064668,13.5076,14.8812,BOTHSEX,<5Y,G,C,PER_1000_LIVE_BIRTHS,UN_IGME,True
SH_DYN_MORT,NIC,Nicaragua,2022,14.2843875,13.4484,15.1778,BOTHSEX,<5Y,G,C,PER_1000_LIVE_BIRTHS,UN_IGME,True
SH_DYN_MORT,NIC,Nicaragua,2022,15.82866511,14.7799,16.9479,MALE,<5Y,G,C,PER_1000_LIVE_BIRTHS,UN_IGME,False
SH_DYN_MORT,NIC,Nicaragua,2022,12.6524481,11.7637,13.6201,FEMALE,<5Y,G,C,PER_1000_LIVE_BIRTHS,UN_IGME,False
SH_DYN_MORT,NIC,Nicaragua,2023,12.27684193,11.2281,13.4295,FEMALE,<5Y,G,C,PER_1000_LIVE_BIRTHS,UN_IGME,False
SH_DYN_MORT,NIC,Nicaragua,2023,15.3268264,14.0639,16.6667,MALE,<5Y,G,C,PER_1000_LIVE_BIRTHS,UN_IGME,False
SH_DYN_MORT,NIC,Nicaragua,2023,13.83646551,12.8022,14.9787,BOTHSEX,<5Y,G,C,PER_1000_LIVE_BIRTHS,UN_IGME,True
SH_DYN_MORT,NIC,Nicaragua,2024,11.23939039,10.7049,11.8073,BOTHSEX,<5Y,G,C,PER_1000_LIVE_BIRTHS,UN_IGME,True
SH_DYN_MORT,NIC,Nicaragua,2024,12.38762839,11.6927,13.1332,MALE,<5Y,G,C,PER_1000_LIVE_BIRTHS,UN_IGME,False
SH_DYN_MORT,NIC,Nicaragua,2024,10.03561586,9.40511,10.6919,FEMALE,<5Y,G,C,PER_1000_LIVE_BIRTHS,UN_IGME,False
SH_DYN_MORT,PAN,Panama,2000,25.71402334,22.4563,28.8911,BOTHSEX,<5Y,G,C,PER_1000_LIVE_BIRTHS,UN_IGME,True
SH_DYN_MORT,PAN,Panama,2000,23.18594121,20.1865,26.2526,FEMALE,<5Y,G,C,PER_1000_LIVE_BIRTHS,UN_IGME,False
SH_DYN_MORT,PAN,Panama,2000,28.12279732,24.4605,31.7024,MALE,<5Y,G,C,PER_1000_LIVE_BIRTHS,UN_IGME,False
SH_DYN_MORT,PAN,Panama,2001,27.31805959,23.7197,30.9957,MALE,<5Y,G,C,PER_1000_LIVE_BIRTHS,UN_IGME,False
SH_DYN_MORT,PAN,Panama,2001,22.52953414,19.5683,25.6696,FEMALE,<5Y,G,C,PER_1000_LIVE_BIRTHS,UN_IGME,False
SH_DYN_MORT,PAN,Panama,2001,24.98180071,21.7763,28.2192,BOTHSEX,<5Y,G,C,PER_1000_LIVE_BIRTHS,UN_IGME,True
SH_DYN_MORT,PAN,Panama,2002,24.2011183,21.0264,27.5865,BOTHSEX,<5Y,G,C,PER_1000_LIVE_BIRTHS,UN_IGME,True
SH_DYN_MORT,PAN,Panama,2002,21.84951776,18.8814,25.0073,FEMALE,<5Y,G,C,PER_1000_LIVE_BIRTHS,UN_IGME,False
SH_DYN_MORT,PAN,Panama,2002,26.4690012,22.9,30.1835,MALE,<5Y,G,C,PER_1000_LIVE_BIRTHS,UN_IGME,False
SH_DYN_MORT,PAN,Panama,2003,25.58772372,22.0629,29.3845,MALE,<5Y,G,C,PER_1000_LIVE_BIRTHS,UN_IGME,False
SH_DYN_MORT,PAN,Panama,2003,21.12861967,18.2146,24.3379,FEMALE,<5Y,G,C,PER_1000_LIVE_BIRTHS,UN_IGME,False
SH_DYN_MORT,PAN,Panama,2003,23.42367202,20.277,26.8722,BOTHSEX,<5Y,G,C,PER_1000_LIVE_BIRTHS,UN_IGME,True
SH_DYN_MORT,PAN,Panama,2004,22.62760073,19.5298,26.0733,BOTHSEX,<5Y,G,C,PER_1000_LIVE_BIRTHS,UN_IGME,True
SH_DYN_MORT,PAN,Panama,2004,20.43344892,17.5536,23.6479,FEMALE,<5Y,G,C,PER_1000_LIVE_BIRTHS,UN_IGME,False
SH_DYN_MORT,PAN,Panama,2004,24.74575044,21.2897,28.5143,MALE,<5Y,G,C,PER_1000_LIVE_BIRTHS,UN_IGME,False
SH_DYN_MORT,PAN,Panama,2005,23.90411135,20.5876,27.5933,MALE,<5Y,G,C,PER_1000_LIVE_BIRTHS,UN_IGME,False
SH_DYN_MORT,PAN,Panama,2005,19.75072062,16.984,22.8985,FEMALE,<5Y,G,C,PER_1000_LIVE_BIRTHS,UN_IGME,False
SH_DYN_MORT,PAN,Panama,2005,21.872034,18.8993,25.2371,BOTHSEX,<5Y,G,C,PER_1000_LIVE_BIRTHS,UN_IGME,True
SH_DYN_MORT,PAN,Panama,2006,21.15326384,18.3144,24.4065,BOTHSEX,<5Y,G,C,PER_1000_LIVE_BIRTHS,UN_IGME,True
SH_DYN_MORT,PAN,Panama,2006,19.08781563,16.4662,22.1456,FEMALE,<5Y,G,C,PER_1000_LIVE_BIRTHS,UN_IGME,False
SH_DYN_MORT,PAN,Panama,2006,23.10827462,19.9847,26.6685,MALE,<5Y,G,C,PER_1000_LIVE_BIRTHS,UN_IGME,False
SH_DYN_MORT,PAN,Panama,2007,22.35612615,19.438,25.7182,MALE,<5Y,G,C,PER_1000_LIVE_BIRTHS,UN_IGME,False
SH_DYN_MORT,PAN,Panama,2007,18.48041976,16.0379,21.3655,FEMALE,<5Y,G,C,PER_1000_LIVE_BIRTHS,UN_IGME,False
SH_DYN_MORT,PAN,Panama,2007,20.46976712,17.8458,23.5627,BOTHSEX,<5Y,G,C,PER_1000_LIVE_BIRTHS,UN_IGME,True
SH_DYN_MORT,PAN,Panama,2008,19.84170216,17.3964,22.7181,BOTHSEX,<5Y,G,C,PER_1000_LIVE_BIRTHS,UN_IGME,True
SH_DYN_MORT,PAN,Panama,2008,17.91763038,15.634,20.5822,FEMALE,<5Y,G,C,PER_1000_LIVE_BIRTHS,UN_IGME,False
SH_DYN_MORT,PAN,Panama,2008,21.65575085,18.9877,24.7815,MALE,<5Y,G,C,PER_1000_LIVE_BIRTHS,UN_IGME,False
SH_DYN_MORT,PAN,Panama,2009,20.99551067,18.5767,23.8008,MALE,<5Y,G,C,PER_1000_LIVE_BIRTHS,UN_IGME,False
SH_DYN_MORT,PAN,Panama,2009,17.40515414,15.3443,19.7845,FEMALE,<5Y,G,C,PER_1000_LIVE_BIRTHS,UN_IGME,False
SH_DYN_MORT,PAN,Panama,2009,19.24043316,17.056,21.8069,BOTHSEX,<5Y,G,C,PER_1000_LIVE_BIRTHS,UN_IGME,True
SH_DYN_MORT,PAN,Panama,2010,18.71251278,16.8058,20.9054,BOTHSEX,<5Y,G,C,PER_1000_LIVE_BIRTHS,UN_IGME,True
SH_DYN_MORT,PAN,Panama,2010,16.93859305,15.1161,19.0016,FEMALE,<5Y,G,C,PER_1000_LIVE_BIRTHS,UN_IGME,False
SH_DYN_MORT,PAN,Panama,2010,20.41170577,18.2643,22.858,MALE,<5Y,G,C,PER_1000_LIVE_BIRTHS,UN_IGME,False
SH_DYN_MORT,PAN,Panama,2011,19.8948857,18.0794,21.9379,MALE,<5Y,G,C,PER_1000_LIVE_BIRTHS,UN_IGME,False
SH_DYN_MORT,PAN,Panama,2011,16.53345019,14.9921,18.2929,FEMALE,<5Y,G,C,PER_1000_LIVE_BIRTHS,UN_IGME,False
SH_DYN_MORT,PAN,Panama,2011,18.25063745,16.6276,20.0868,BOTHSEX,<5Y,G,C,PER_1000_LIVE_BIRTHS,UN_IGME,True
SH_DYN_MORT,PAN,Panama,2012,17.86524495,16.5459,19.3422,BOTHSEX,<5Y,G,C,PER_1000_LIVE_BIRTHS,UN_IGME,True
SH_DYN_MORT,PAN,Panama,2012,16.18412595,14.9162,17.6383,FEMALE,<5Y,G,C,PER_1000_LIVE_BIRTHS,UN_IGME,False
SH_DYN_MORT,PAN,Panama,2012,19.46259145,17.9779,21.1189,MALE,<5Y,G,C,PER_1000_LIVE_BIRTHS,UN_IGME,False
SH_DYN_MORT,PAN,Panama,2013,19.11243281,17.9223,20.4011,MALE,<5Y,G,C,PER_1000_LIVE_BIRTHS,UN_IGME,False
SH_DYN_MORT,PAN,Panama,2013,15.90820554,14.9214,17.045,FEMALE,<5Y,G,C,PER_1000_LIVE_BIRTHS,UN_IGME,False
SH_DYN_MORT,PAN,Panama,2013,17.54291306,16.5225,18.686,BOTHSEX,<5Y,G,C,PER_1000_LIVE_BIRTHS,UN_IGME,True
SH_DYN_MORT,PAN,Panama,2014,17.30691532,16.5492,18.1391,BOTHSEX,<5Y,G,C,PER_1000_LIVE_BIRTHS,UN_IGME,True
SH_DYN_MORT,PAN,Panama,2014,15.70642427,14.9385,16.5767,FEMALE,<5Y,G,C,PER_1000_LIVE_BIRTHS,UN_IGME,False
SH_DYN_MORT,PAN,Panama,2014,18.83956424,17.9323,19.7886,MALE,<5Y,G,C,PER_1000_LIVE_BIRTHS,UN_IGME,False
SH_DYN_MORT,PAN,Panama,2015,18.64600977,17.9718,19.3386,MALE,<5Y,G,C,PER_1000_LIVE_BIRTHS,UN_IGME,False
SH_DYN_MORT,PAN,Panama,2015,15.56157353,14.9807,16.1987,FEMALE,<5Y,G,C,PER_1000_LIVE_BIRTHS,UN_IGME,False
SH_DYN_MORT,PAN,Panama,2015,17.13542819,16.5996,17.7136,BOTHSEX,<5Y,G,C,PER_1000_LIVE_BIRTHS,UN_IGME,True
SH_DYN_MORT,PAN,Panama,2016,16.96155428,16.5626,17.3861,BOTHSEX,<5Y,G,C,PER_1000_LIVE_BIRTHS,UN_IGME,True
SH_DYN_MORT,PAN,Panama,2016,15.43922331,14.976,15.9459,FEMALE,<5Y,G,C,PER_1000_LIVE_BIRTHS,UN_IGME,False
SH_DYN_MORT,PAN,Panama,2016,18.41518414,17.8906,18.9497,MALE,<5Y,G,C,PER_1000_LIVE_BIRTHS,UN_IGME,False
SH_DYN_MORT,PAN,Panama,2017,18.10102252,17.6202,18.5866,MALE,<5Y,G,C,PER_1000_LIVE_BIRTHS,UN_IGME,False
SH_DYN_MORT,PAN,Panama,2017,15.22400692,14.7973,15.6737,FEMALE,<5Y,G,C,PER_1000_LIVE_BIRTHS,UN_IGME,False
SH_DYN_MORT,PAN,Panama,2017,16.6963545,16.3377,17.0641,BOTHSEX,<5Y,G,C,PER_1000_LIVE_BIRTHS,UN_IGME,True
SH_DYN_MORT,PAN,Panama,2018,16.30478294,15.9541,16.6542,BOTHSEX,<5Y,G,C,PER_1000_LIVE_BIRTHS,UN_IGME,True
SH_DYN_MORT,PAN,Panama,2018,17.65910551,17.1887,18.1245,MALE,<5Y,G,C,PER_1000_LIVE_BIRTHS,UN_IGME,False
SH_DYN_MORT,PAN,Panama,2018,14.87896718,14.4607,15.3103,FEMALE,<5Y,G,C,PER_1000_LIVE_BIRTHS,UN_IGME,False
SH_DYN_MORT,PAN,Panama,2019,14.47589714,14.0496,14.9156,FEMALE,<5Y,G,C,PER_1000_LIVE_BIRTHS,UN_IGME,False
SH_DYN_MORT,PAN,Panama,2019,17.18399697,16.7069,17.6554,MALE,<5Y,G,C,PER_1000_LIVE_BIRTHS,UN_IGME,False
SH_DYN_MORT,PAN,Panama,2019,15.86572407,15.5028,16.2299,BOTHSEX,<5Y,G,C,PER_1000_LIVE_BIRTHS,UN_IGME,True
SH_DYN_MORT,PAN,Panama,2020,15.46636762,15.0995,15.8209,BOTHSEX,<5Y,G,C,PER_1000_LIVE_BIRTHS,UN_IGME,True
SH_DYN_MORT,PAN,Panama,2020,16.73867871,16.2619,17.2127,MALE,<5Y,G,C,PER_1000_LIVE_BIRTHS,UN_IGME,False
SH_DYN_MORT,PAN,Panama,2020,14.12508755,13.7022,14.5615,FEMALE,<5Y,G,C,PER_1000_LIVE_BIRTHS,UN_IGME,False
SH_DYN_MORT,PAN,Panama,2021,13.82778231,13.408,14.2664,FEMALE,<5Y,G,C,PER_1000_LIVE_BIRTHS,UN_IGME,False
SH_DYN_MORT,PAN,Panama,2021,16.46040264,15.9799,16.9432,MALE,<5Y,G,C,PER_1000_LIVE_BIRTHS,UN_IGME,False
SH_DYN_MORT,PAN,Panama,2021,15.17998926,14.8153,15.5378,BOTHSEX,<5Y,G,C,PER_1000_LIVE_BIRTHS,UN_IGME,True
SH_DYN_MORT,PAN,Panama,2022,15.07398503,14.6707,15.4917,BOTHSEX,<5Y,G,C,PER_1000_LIVE_BIRTHS,UN_IGME,True
SH_DYN_MORT,PAN,Panama,2022,16.34969152,15.8242,16.8898,MALE,<5Y,G,C,PER_1000_LIVE_BIRTHS,UN_IGME,False
SH_DYN_MORT,PAN,Panama,2022,13.72560717,13.2729,14.2017,FEMALE,<5Y,G,C,PER_1000_LIVE_BIRTHS,UN_IGME,False
SH_DYN_MORT,PAN,Panama,2023,13.77770564,13.1952,14.3931,FEMALE,<5Y,G,C,PER_1000_LIVE_BIRTHS,UN_IGME,False
SH_DYN_MORT,PAN,Panama,2023,16.45931647,15.7717,17.1754,MALE,<5Y,G,C,PER_1000_LIVE_BIRTHS,UN_IGME,False
SH_DYN_MORT,PAN,Panama,2023,15.1472203,14.5997,15.7317,BOTHSEX,<5Y,G,C,PER_1000_LIVE_BIRTHS,UN_IGME,True
SH_DYN_MORT,PAN,Panama,2024,15.27656878,14.4474,16.1776,BOTHSEX,<5Y,G,C,PER_1000_LIVE_BIRTHS,UN_IGME,True
SH_DYN_MORT,PAN,Panama,2024,16.60056972,15.6252,17.6315,MALE,<5Y,G,C,PER_1000_LIVE_BIRTHS,UN_IGME,False
SH_DYN_MORT,PAN,Panama,2024,13.8828821,13.0769,14.7729,FEMALE,<5Y,G,C,PER_1000_LIVE_BIRTHS,UN_IGME,False
SH_DYN_MORT,PRY,Paraguay,2000,30.36487604,25.0345,36.9116,FEMALE,<5Y,G,C,PER_1000_LIVE_BIRTHS,UN_IGME,False
SH_DYN_MORT,PRY,Paraguay,2000,33.6457209,27.919,40.5359,BOTHSEX,<5Y,G,C,PER_1000_LIVE_BIRTHS,UN_IGME,True
SH_DYN_MORT,PRY,Paraguay,2000,36.77392748,30.3373,44.3912,MALE,<5Y,G,C,PER_1000_LIVE_BIRTHS,UN_IGME,False
SH_DYN_MORT,PRY,Paraguay,2001,35.89218684,29.1017,44.0879,MALE,<5Y,G,C,PER_1000_LIVE_BIRTHS,UN_IGME,False
SH_DYN_MORT,PRY,Paraguay,2001,32.81644338,26.7616,40.1276,BOTHSEX,<5Y,G,C,PER_1000_LIVE_BIRTHS,UN_IGME,True
SH_DYN_MORT,PRY,Paraguay,2001,29.64229777,24.0055,36.5903,FEMALE,<5Y,G,C,PER_1000_LIVE_BIRTHS,UN_IGME,False
SH_DYN_MORT,PRY,Paraguay,2002,28.90160819,22.9638,36.3743,FEMALE,<5Y,G,C,PER_1000_LIVE_BIRTHS,UN_IGME,False
SH_DYN_MORT,PRY,Paraguay,2002,32.00461696,25.6127,40.0071,BOTHSEX,<5Y,G,C,PER_1000_LIVE_BIRTHS,UN_IGME,True
SH_DYN_MORT,PRY,Paraguay,2002,35.00317715,27.8766,43.8962,MALE,<5Y,G,C,PER_1000_LIVE_BIRTHS,UN_IGME,False
SH_DYN_MORT,PRY,Paraguay,2003,34.17673938,26.6439,43.7463,MALE,<5Y,G,C,PER_1000_LIVE_BIRTHS,UN_IGME,False
SH_DYN_MORT,PRY,Paraguay,2003,31.25137367,24.389,39.9675,BOTHSEX,<5Y,G,C,PER_1000_LIVE_BIRTHS,UN_IGME,True
SH_DYN_MORT,PRY,Paraguay,2003,28.18113939,21.8762,36.1905,FEMALE,<5Y,G,C,PER_1000_LIVE_BIRTHS,UN_IGME,False
SH_DYN_MORT,PRY,Paraguay,2004,27.46956053,20.7814,36.175,FEMALE,<5Y,G,C,PER_1000_LIVE_BIRTHS,UN_IGME,False
SH_DYN_MORT,PRY,Paraguay,2004,30.50982773,23.1189,39.9176,BOTHSEX,<5Y,G,C,PER_1000_LIVE_BIRTHS,UN_IGME,True
SH_DYN_MORT,PRY,Paraguay,2004,33.35385032,25.3408,43.8703,MALE,<5Y,G,C,PER_1000_LIVE_BIRTHS,UN_IGME,False
SH_DYN_MORT,PRY,Paraguay,2005,32.50453289,24.0528,43.8672,MALE,<5Y,G,C,PER_1000_LIVE_BIRTHS,UN_IGME,False
SH_DYN_MORT,PRY,Paraguay,2005,29.73125343,21.9525,40.0344,BOTHSEX,<5Y,G,C,PER_1000_LIVE_BIRTHS,UN_IGME,True
SH_DYN_MORT,PRY,Paraguay,2005,26.74650205,19.7191,36.2045,FEMALE,<5Y,G,C,PER_1000_LIVE_BIRTHS,UN_IGME,False
SH_DYN_MORT,PRY,Paraguay,2006,26.03092892,18.6851,36.3086,FEMALE,<5Y,G,C,PER_1000_LIVE_BIRTHS,UN_IGME,False
SH_DYN_MORT,PRY,Paraguay,2006,28.94794644,20.8672,40.07,BOTHSEX,<5Y,G,C,PER_1000_LIVE_BIRTHS,UN_IGME,True
SH_DYN_MORT,PRY,Paraguay,2006,31.67015349,22.797,43.8938,MALE,<5Y,G,C,PER_1000_LIVE_BIRTHS,UN_IGME,False
SH_DYN_MORT,PRY,Paraguay,2007,30.80008839,21.7207,43.8812,MALE,<5Y,G,C,PER_1000_LIVE_BIRTHS,UN_IGME,False
SH_DYN_MORT,PRY,Paraguay,2007,28.1592667,19.8321,40.0868,BOTHSEX,<5Y,G,C,PER_1000_LIVE_BIRTHS,UN_IGME,True
SH_DYN_MORT,PRY,Paraguay,2007,25.30186041,17.7504,36.205,FEMALE,<5Y,G,C,PER_1000_LIVE_BIRTHS,UN_IGME,False
SH_DYN_MORT,PRY,Paraguay,2008,24.58604487,16.8406,35.9968,FEMALE,<5Y,G,C,PER_1000_LIVE_BIRTHS,UN_IGME,False
SH_DYN_MORT,PRY,Paraguay,2008,27.33041,18.7988,39.817,BOTHSEX,<5Y,G,C,PER_1000_LIVE_BIRTHS,UN_IGME,True
SH_DYN_MORT,PRY,Paraguay,2008,29.89909227,20.6182,43.8578,MALE,<5Y,G,C,PER_1000_LIVE_BIRTHS,UN_IGME,False
SH_DYN_MORT,PRY,Paraguay,2009,29.00817522,19.6343,43.4892,MALE,<5Y,G,C,PER_1000_LIVE_BIRTHS,UN_IGME,False
SH_DYN_MORT,PRY,Paraguay,2009,26.51338184,17.8712,39.5969,BOTHSEX,<5Y,G,C,PER_1000_LIVE_BIRTHS,UN_IGME,True
SH_DYN_MORT,PRY,Paraguay,2009,23.84838533,15.9897,35.7224,FEMALE,<5Y,G,C,PER_1000_LIVE_BIRTHS,UN_IGME,False
SH_DYN_MORT,PRY,Paraguay,2010,23.10492287,15.131,35.3004,FEMALE,<5Y,G,C,PER_1000_LIVE_BIRTHS,UN_IGME,False
SH_DYN_MORT,PRY,Paraguay,2010,25.71793322,16.9484,39.2204,BOTHSEX,<5Y,G,C,PER_1000_LIVE_BIRTHS,UN_IGME,True
SH_DYN_MORT,PRY,Paraguay,2010,28.15993637,18.5984,43.0624,MALE,<5Y,G,C,PER_1000_LIVE_BIRTHS,UN_IGME,False
SH_DYN_MORT,PRY,Paraguay,2011,27.27362754,17.5324,42.8605,MALE,<5Y,G,C,PER_1000_LIVE_BIRTHS,UN_IGME,False
SH_DYN_MORT,PRY,Paraguay,2011,24.94109002,16.0066,38.909,BOTHSEX,<5Y,G,C,PER_1000_LIVE_BIRTHS,UN_IGME,True
SH_DYN_MORT,PRY,Paraguay,2011,22.39141008,14.2683,35.1606,FEMALE,<5Y,G,C,PER_1000_LIVE_BIRTHS,UN_IGME,False
SH_DYN_MORT,PRY,Paraguay,2012,21.71915738,13.446,34.9598,FEMALE,<5Y,G,C,PER_1000_LIVE_BIRTHS,UN_IGME,False
SH_DYN_MORT,PRY,Paraguay,2012,24.1655451,15.1031,38.6966,BOTHSEX,<5Y,G,C,PER_1000_LIVE_BIRTHS,UN_IGME,True
SH_DYN_MORT,PRY,Paraguay,2012,26.47545813,16.5092,42.5262,MALE,<5Y,G,C,PER_1000_LIVE_BIRTHS,UN_IGME,False
SH_DYN_MORT,PRY,Paraguay,2013,25.67357163,15.574,42.2527,MALE,<5Y,G,C,PER_1000_LIVE_BIRTHS,UN_IGME,False
SH_DYN_MORT,PRY,Paraguay,2013,23.42774843,14.2972,38.5704,BOTHSEX,<5Y,G,C,PER_1000_LIVE_BIRTHS,UN_IGME,True
SH_DYN_MORT,PRY,Paraguay,2013,21.07611977,12.8285,34.8615,FEMALE,<5Y,G,C,PER_1000_LIVE_BIRTHS,UN_IGME,False
SH_DYN_MORT,PRY,Paraguay,2014,20.35531905,12.1116,34.7461,FEMALE,<5Y,G,C,PER_1000_LIVE_BIRTHS,UN_IGME,False
SH_DYN_MORT,PRY,Paraguay,2014,22.71088136,13.5016,38.5256,BOTHSEX,<5Y,G,C,PER_1000_LIVE_BIRTHS,UN_IGME,True
SH_DYN_MORT,PRY,Paraguay,2014,24.7704092,14.7443,42.1203,MALE,<5Y,G,C,PER_1000_LIVE_BIRTHS,UN_IGME,False
SH_DYN_MORT,PRY,Paraguay,2015,24.0109172,13.9453,42.0096,MALE,<5Y,G,C,PER_1000_LIVE_BIRTHS,UN_IGME,False
SH_DYN_MORT,PRY,Paraguay,2015,21.91430734,12.7364,38.2508,BOTHSEX,<5Y,G,C,PER_1000_LIVE_BIRTHS,UN_IGME,True
SH_DYN_MORT,PRY,Paraguay,2015,19.68569441,11.4579,34.5018,FEMALE,<5Y,G,C,PER_1000_LIVE_BIRTHS,UN_IGME,False
SH_DYN_MORT,PRY,Paraguay,2016,19.02993427,10.7716,34.257,FEMALE,<5Y,G,C,PER_1000_LIVE_BIRTHS,UN_IGME,False
SH_DYN_MORT,PRY,Paraguay,2016,21.17859616,12.0327,38.1229,BOTHSEX,<5Y,G,C,PER_1000_LIVE_BIRTHS,UN_IGME,True
SH_DYN_MORT,PRY,Paraguay,2016,23.24944052,13.1647,41.7636,MALE,<5Y,G,C,PER_1000_LIVE_BIRTHS,UN_IGME,False
SH_DYN_MORT,PRY,Paraguay,2017,22.53695643,12.4413,41.488,MALE,<5Y,G,C,PER_1000_LIVE_BIRTHS,UN_IGME,False
SH_DYN_MORT,PRY,Paraguay,2017,20.52923571,11.4119,37.9326,BOTHSEX,<5Y,G,C,PER_1000_LIVE_BIRTHS,UN_IGME,True
SH_DYN_MORT,PRY,Paraguay,2017,18.43218883,10.276,34.2581,FEMALE,<5Y,G,C,PER_1000_LIVE_BIRTHS,UN_IGME,False
SH_DYN_MORT,PRY,Paraguay,2018,17.82619593,9.67709,33.8791,FEMALE,<5Y,G,C,PER_1000_LIVE_BIRTHS,UN_IGME,False
SH_DYN_MORT,PRY,Paraguay,2018,19.85157353,10.7503,37.5872,BOTHSEX,<5Y,G,C,PER_1000_LIVE_BIRTHS,UN_IGME,True
SH_DYN_MORT,PRY,Paraguay,2018,21.84295858,11.7913,41.33,MALE,<5Y,G,C,PER_1000_LIVE_BIRTHS,UN_IGME,False
SH_DYN_MORT,PRY,Paraguay,2019,21.11588561,11.0632,41.092,MALE,<5Y,G,C,PER_1000_LIVE_BIRTHS,UN_IGME,False
SH_DYN_MORT,PRY,Paraguay,2019,19.2394629,10.0525,37.4347,BOTHSEX,<5Y,G,C,PER_1000_LIVE_BIRTHS,UN_IGME,True
SH_DYN_MORT,PRY,Paraguay,2019,17.22488898,9.06125,33.5485,FEMALE,<5Y,G,C,PER_1000_LIVE_BIRTHS,UN_IGME,False
SH_DYN_MORT,PRY,Paraguay,2020,16.72167772,8.52628,33.5458,FEMALE,<5Y,G,C,PER_1000_LIVE_BIRTHS,UN_IGME,False
SH_DYN_MORT,PRY,Paraguay,2020,18.61339033,9.5418,37.2717,BOTHSEX,<5Y,G,C,PER_1000_LIVE_BIRTHS,UN_IGME,True
SH_DYN_MORT,PRY,Paraguay,2020,20.47475316,10.4797,40.8801,MALE,<5Y,G,C,PER_1000_LIVE_BIRTHS,UN_IGME,False
SH_DYN_MORT,PRY,Paraguay,2021,19.77593677,9.86781,40.7422,MALE,<5Y,G,C,PER_1000_LIVE_BIRTHS,UN_IGME,False
SH_DYN_MORT,PRY,Paraguay,2021,18.02888662,9.00706,37.1265,BOTHSEX,<5Y,G,C,PER_1000_LIVE_BIRTHS,UN_IGME,True
SH_DYN_MORT,PRY,Paraguay,2021,16.17909998,8.04139,33.2836,FEMALE,<5Y,G,C,PER_1000_LIVE_BIRTHS,UN_IGME,False
SH_DYN_MORT,PRY,Paraguay,2022,15.65396464,7.59832,32.8838,FEMALE,<5Y,G,C,PER_1000_LIVE_BIRTHS,UN_IGME,False
SH_DYN_MORT,PRY,Paraguay,2022,17.45316357,8.50447,36.6251,BOTHSEX,<5Y,G,C,PER_1000_LIVE_BIRTHS,UN_IGME,True
SH_DYN_MORT,PRY,Paraguay,2022,19.13248003,9.29863,40.4427,MALE,<5Y,G,C,PER_1000_LIVE_BIRTHS,UN_IGME,False
SH_DYN_MORT,PRY,Paraguay,2023,18.48846713,8.82852,39.9098,MALE,<5Y,G,C,PER_1000_LIVE_BIRTHS,UN_IGME,False
SH_DYN_MORT,PRY,Paraguay,2023,16.86057222,8.03188,36.2731,BOTHSEX,<5Y,G,C,PER_1000_LIVE_BIRTHS,UN_IGME,True
SH_DYN_MORT,PRY,Paraguay,2023,15.17467518,7.15192,32.6426,FEMALE,<5Y,G,C,PER_1000_LIVE_BIRTHS,UN_IGME,False
SH_DYN_MORT,PRY,Paraguay,2024,14.64997721,6.77488,32.4428,FEMALE,<5Y,G,C,PER_1000_LIVE_BIRTHS,UN_IGME,False
SH_DYN_MORT,PRY,Paraguay,2024,16.30819792,7.56772,35.9924,BOTHSEX,<5Y,G,C,PER_1000_LIVE_BIRTHS,UN_IGME,True
SH_DYN_MORT,PRY,Paraguay,2024,17.85505225,8.30444,39.5272,MALE,<5Y,G,C,PER_1000_LIVE_BIRTHS,UN_IGME,False
SH_DYN_MORT,PER,Peru,2000,38.3085395,36.0193,40.6506,BOTHSEX,<5Y,G,C,PER_1000_LIVE_BIRTHS,UN_IGME,True
SH_DYN_MORT,PER,Peru,2000,35.34472104,33.1234,37.6591,FEMALE,<5Y,G,C,PER_1000_LIVE_BIRTHS,UN_IGME,False
SH_DYN_MORT,PER,Peru,2000,41.14402224,38.6047,43.745,MALE,<5Y,G,C,PER_1000_LIVE_BIRTHS,UN_IGME,False
SH_DYN_MORT,PER,Peru,2001,38.0033805,35.5578,40.4599,MALE,<5Y,G,C,PER_1000_LIVE_BIRTHS,UN_IGME,False
SH_DYN_MORT,PER,Peru,2001,32.53099115,30.4761,34.7103,FEMALE,<5Y,G,C,PER_1000_LIVE_BIRTHS,UN_IGME,False
SH_DYN_MORT,PER,Peru,2001,35.32468936,33.1696,37.55,BOTHSEX,<5Y,G,C,PER_1000_LIVE_BIRTHS,UN_IGME,True
SH_DYN_MORT,PER,Peru,2002,32.68862336,30.6413,34.7867,BOTHSEX,<5Y,G,C,PER_1000_LIVE_BIRTHS,UN_IGME,True
SH_DYN_MORT,PER,Peru,2002,29.95766514,28.0202,32.0326,FEMALE,<5Y,G,C,PER_1000_LIVE_BIRTHS,UN_IGME,False
SH_DYN_MORT,PER,Peru,2002,35.27147712,32.9597,37.6223,MALE,<5Y,G,C,PER_1000_LIVE_BIRTHS,UN_IGME,False
SH_DYN_MORT,PER,Peru,2003,32.88408646,30.7008,35.1412,MALE,<5Y,G,C,PER_1000_LIVE_BIRTHS,UN_IGME,False
SH_DYN_MORT,PER,Peru,2003,27.71844815,25.9225,29.6617,FEMALE,<5Y,G,C,PER_1000_LIVE_BIRTHS,UN_IGME,False
SH_DYN_MORT,PER,Peru,2003,30.38486253,28.4566,32.3759,BOTHSEX,<5Y,G,C,PER_1000_LIVE_BIRTHS,UN_IGME,True
SH_DYN_MORT,PER,Peru,2004,28.3647172,26.5876,30.24,BOTHSEX,<5Y,G,C,PER_1000_LIVE_BIRTHS,UN_IGME,True
SH_DYN_MORT,PER,Peru,2004,25.83173845,24.1543,27.6996,FEMALE,<5Y,G,C,PER_1000_LIVE_BIRTHS,UN_IGME,False
SH_DYN_MORT,PER,Peru,2004,30.77073285,28.7361,32.8608,MALE,<5Y,G,C,PER_1000_LIVE_BIRTHS,UN_IGME,False
SH_DYN_MORT,PER,Peru,2005,28.94083054,27.0354,30.923,MALE,<5Y,G,C,PER_1000_LIVE_BIRTHS,UN_IGME,False
SH_DYN_MORT,PER,Peru,2005,24.12356399,22.5256,25.8742,FEMALE,<5Y,G,C,PER_1000_LIVE_BIRTHS,UN_IGME,False
SH_DYN_MORT,PER,Peru,2005,26.60097625,24.9521,28.3447,BOTHSEX,<5Y,G,C,PER_1000_LIVE_BIRTHS,UN_IGME,True
SH_DYN_MORT,PER,Peru,2006,25.01513393,23.4557,26.6551,BOTHSEX,<5Y,G,C,PER_1000_LIVE_BIRTHS,UN_IGME,True
SH_DYN_MORT,PER,Peru,2006,22.64754333,21.1682,24.2524,FEMALE,<5Y,G,C,PER_1000_LIVE_BIRTHS,UN_IGME,False
SH_DYN_MORT,PER,Peru,2006,27.26433983,25.4874,29.1236,MALE,<5Y,G,C,PER_1000_LIVE_BIRTHS,UN_IGME,False
SH_DYN_MORT,PER,Peru,2007,25.75849243,24.1098,27.5401,MALE,<5Y,G,C,PER_1000_LIVE_BIRTHS,UN_IGME,False
SH_DYN_MORT,PER,Peru,2007,21.31437738,19.9262,22.8279,FEMALE,<5Y,G,C,PER_1000_LIVE_BIRTHS,UN_IGME,False
SH_DYN_MORT,PER,Peru,2007,23.59257475,22.1525,25.1609,BOTHSEX,<5Y,G,C,PER_1000_LIVE_BIRTHS,UN_IGME,True
SH_DYN_MORT,PER,Peru,2008,22.3321516,20.9572,23.8249,BOTHSEX,<5Y,G,C,PER_1000_LIVE_BIRTHS,UN_IGME,True
SH_DYN_MORT,PER,Peru,2008,20.12340915,18.8027,21.5656,FEMALE,<5Y,G,C,PER_1000_LIVE_BIRTHS,UN_IGME,False
SH_DYN_MORT,PER,Peru,2008,24.44004639,22.8625,26.1177,MALE,<5Y,G,C,PER_1000_LIVE_BIRTHS,UN_IGME,False
SH_DYN_MORT,PER,Peru,2009,23.20407782,21.6509,24.8314,MALE,<5Y,G,C,PER_1000_LIVE_BIRTHS,UN_IGME,False
SH_DYN_MORT,PER,Peru,2009,19.09115431,17.7962,20.4579,FEMALE,<5Y,G,C,PER_1000_LIVE_BIRTHS,UN_IGME,False
SH_DYN_MORT,PER,Peru,2009,21.20471647,19.8646,22.6276,BOTHSEX,<5Y,G,C,PER_1000_LIVE_BIRTHS,UN_IGME,True
SH_DYN_MORT,PER,Peru,2010,20.18573239,18.8611,21.5768,BOTHSEX,<5Y,G,C,PER_1000_LIVE_BIRTHS,UN_IGME,True
SH_DYN_MORT,PER,Peru,2010,18.1793998,16.8784,19.5436,FEMALE,<5Y,G,C,PER_1000_LIVE_BIRTHS,UN_IGME,False
SH_DYN_MORT,PER,Peru,2010,22.08044792,20.5608,23.7028,MALE,<5Y,G,C,PER_1000_LIVE_BIRTHS,UN_IGME,False
SH_DYN_MORT,PER,Peru,2011,21.09218459,19.5662,22.7053,MALE,<5Y,G,C,PER_1000_LIVE_BIRTHS,UN_IGME,False
SH_DYN_MORT,PER,Peru,2011,17.36052805,16.0675,18.7137,FEMALE,<5Y,G,C,PER_1000_LIVE_BIRTHS,UN_IGME,False
SH_DYN_MORT,PER,Peru,2011,19.27165762,17.9388,20.6443,BOTHSEX,<5Y,G,C,PER_1000_LIVE_BIRTHS,UN_IGME,True
SH_DYN_MORT,PER,Peru,2012,18.47248527,17.1246,19.8585,BOTHSEX,<5Y,G,C,PER_1000_LIVE_BIRTHS,UN_IGME,True
SH_DYN_MORT,PER,Peru,2012,16.64407397,15.345,18.0047,FEMALE,<5Y,G,C,PER_1000_LIVE_BIRTHS,UN_IGME,False
SH_DYN_MORT,PER,Peru,2012,20.20364326,18.6836,21.8386,MALE,<5Y,G,C,PER_1000_LIVE_BIRTHS,UN_IGME,False
SH_DYN_MORT,PER,Peru,2013,19.4409004,17.8955,21.0553,MALE,<5Y,G,C,PER_1000_LIVE_BIRTHS,UN_IGME,False
SH_DYN_MORT,PER,Peru,2013,16.0134658,14.7027,17.4122,FEMALE,<5Y,G,C,PER_1000_LIVE_BIRTHS,UN_IGME,False
SH_DYN_MORT,PER,Peru,2013,17.77423243,16.4246,19.1935,BOTHSEX,<5Y,G,C,PER_1000_LIVE_BIRTHS,UN_IGME,True
SH_DYN_MORT,PER,Peru,2014,17.16303477,15.7936,18.6313,BOTHSEX,<5Y,G,C,PER_1000_LIVE_BIRTHS,UN_IGME,True
SH_DYN_MORT,PER,Peru,2014,15.47195572,14.1564,16.9082,FEMALE,<5Y,G,C,PER_1000_LIVE_BIRTHS,UN_IGME,False
SH_DYN_MORT,PER,Peru,2014,18.75875353,17.1846,20.4385,MALE,<5Y,G,C,PER_1000_LIVE_BIRTHS,UN_IGME,False
SH_DYN_MORT,PER,Peru,2015,18.17613998,16.5395,19.9871,MALE,<5Y,G,C,PER_1000_LIVE_BIRTHS,UN_IGME,False
SH_DYN_MORT,PER,Peru,2015,14.99323043,13.6026,16.4954,FEMALE,<5Y,G,C,PER_1000_LIVE_BIRTHS,UN_IGME,False
SH_DYN_MORT,PER,Peru,2015,16.61967335,15.1855,18.203,BOTHSEX,<5Y,G,C,PER_1000_LIVE_BIRTHS,UN_IGME,True
SH_DYN_MORT,PER,Peru,2016,16.13853747,14.5736,17.8946,BOTHSEX,<5Y,G,C,PER_1000_LIVE_BIRTHS,UN_IGME,True
SH_DYN_MORT,PER,Peru,2016,14.56336105,13.0604,16.2217,FEMALE,<5Y,G,C,PER_1000_LIVE_BIRTHS,UN_IGME,False
SH_DYN_MORT,PER,Peru,2016,17.62995868,15.8855,19.6311,MALE,<5Y,G,C,PER_1000_LIVE_BIRTHS,UN_IGME,False
SH_DYN_MORT,PER,Peru,2017,17.16862854,15.2534,19.4235,MALE,<5Y,G,C,PER_1000_LIVE_BIRTHS,UN_IGME,False
SH_DYN_MORT,PER,Peru,2017,14.16025573,12.5179,16.0515,FEMALE,<5Y,G,C,PER_1000_LIVE_BIRTHS,UN_IGME,False
SH_DYN_MORT,PER,Peru,2017,15.70985439,13.9686,17.7123,BOTHSEX,<5Y,G,C,PER_1000_LIVE_BIRTHS,UN_IGME,True
SH_DYN_MORT,PER,Peru,2018,15.2997854,13.3593,17.61,BOTHSEX,<5Y,G,C,PER_1000_LIVE_BIRTHS,UN_IGME,True
SH_DYN_MORT,PER,Peru,2018,13.79214702,11.9702,15.9372,FEMALE,<5Y,G,C,PER_1000_LIVE_BIRTHS,UN_IGME,False
SH_DYN_MORT,PER,Peru,2018,16.73000905,14.5901,19.3038,MALE,<5Y,G,C,PER_1000_LIVE_BIRTHS,UN_IGME,False
SH_DYN_MORT,PER,Peru,2019,16.28735855,13.8976,19.3346,MALE,<5Y,G,C,PER_1000_LIVE_BIRTHS,UN_IGME,False
SH_DYN_MORT,PER,Peru,2019,13.43868829,11.438,15.9407,FEMALE,<5Y,G,C,PER_1000_LIVE_BIRTHS,UN_IGME,False
SH_DYN_MORT,PER,Peru,2019,14.89757227,12.738,17.6348,BOTHSEX,<5Y,G,C,PER_1000_LIVE_BIRTHS,UN_IGME,True
SH_DYN_MORT,PER,Peru,2020,14.51180445,12.1184,17.6817,BOTHSEX,<5Y,G,C,PER_1000_LIVE_BIRTHS,UN_IGME,True
SH_DYN_MORT,PER,Peru,2020,13.09058276,10.879,16.003,FEMALE,<5Y,G,C,PER_1000_LIVE_BIRTHS,UN_IGME,False
SH_DYN_MORT,PER,Peru,2020,15.86163175,13.2334,19.3938,MALE,<5Y,G,C,PER_1000_LIVE_BIRTHS,UN_IGME,False
SH_DYN_MORT,PER,Peru,2021,15.43000281,12.5618,19.356,MALE,<5Y,G,C,PER_1000_LIVE_BIRTHS,UN_IGME,False
SH_DYN_MORT,PER,Peru,2021,12.72195624,10.3518,16.0264,FEMALE,<5Y,G,C,PER_1000_LIVE_BIRTHS,UN_IGME,False
SH_DYN_MORT,PER,Peru,2021,14.11630747,11.5138,17.6953,BOTHSEX,<5Y,G,C,PER_1000_LIVE_BIRTHS,UN_IGME,True
SH_DYN_MORT,PER,Peru,2022,13.7159998,10.9151,17.6801,BOTHSEX,<5Y,G,C,PER_1000_LIVE_BIRTHS,UN_IGME,True
SH_DYN_MORT,PER,Peru,2022,12.36601338,9.82327,16.0519,FEMALE,<5Y,G,C,PER_1000_LIVE_BIRTHS,UN_IGME,False
SH_DYN_MORT,PER,Peru,2022,15.00214117,11.9163,19.348,MALE,<5Y,G,C,PER_1000_LIVE_BIRTHS,UN_IGME,False
SH_DYN_MORT,PER,Peru,2023,11.98489677,9.27539,16.0945,FEMALE,<5Y,G,C,PER_1000_LIVE_BIRTHS,UN_IGME,False
SH_DYN_MORT,PER,Peru,2023,13.30189135,10.3068,17.6854,BOTHSEX,<5Y,G,C,PER_1000_LIVE_BIRTHS,UN_IGME,True
SH_DYN_MORT,PER,Peru,2023,14.54764697,11.2421,19.3108,MALE,<5Y,G,C,PER_1000_LIVE_BIRTHS,UN_IGME,False
SH_DYN_MORT,PER,Peru,2024,14.10322734,10.5728,19.2826,MALE,<5Y,G,C,PER_1000_LIVE_BIRTHS,UN_IGME,False
SH_DYN_MORT,PER,Peru,2024,12.90476204,9.72472,17.6471,BOTHSEX,<5Y,G,C,PER_1000_LIVE_BIRTHS,UN_IGME,True
SH_DYN_MORT,PER,Peru,2024,11.62613533,8.74437,15.9729,FEMALE,<5Y,G,C,PER_1000_LIVE_BIRTHS,UN_IGME,False
SH_DYN_MORT,URY,Uruguay,2000,16.98388598,16.596,17.4016,BOTHSEX,<5Y,G,C,PER_1000_LIVE_BIRTHS,UN_IGME,True
SH_DYN_MORT,URY,Uruguay,2000,14.94889678,14.4964,15.4204,FEMALE,<5Y,G,C,PER_1000_LIVE_BIRTHS,UN_IGME,False
SH_DYN_MORT,URY,Uruguay,2000,18.92815299,18.4033,19.4693,MALE,<5Y,G,C,PER_1000_LIVE_BIRTHS,UN_IGME,False
SH_DYN_MORT,URY,Uruguay,2001,18.41822318,17.9168,18.9592,MALE,<5Y,G,C,PER_1000_LIVE_BIRTHS,UN_IGME,False
SH_DYN_MORT,URY,Uruguay,2001,14.60183226,14.159,15.0675,FEMALE,<5Y,G,C,PER_1000_LIVE_BIRTHS,UN_IGME,False
SH_DYN_MORT,URY,Uruguay,2001,16.5596138,16.1763,16.9721,BOTHSEX,<5Y,G,C,PER_1000_LIVE_BIRTHS,UN_IGME,True
SH_DYN_MORT,URY,Uruguay,2002,16.18045752,15.7779,16.5845,BOTHSEX,<5Y,G,C,PER_1000_LIVE_BIRTHS,UN_IGME,True
SH_DYN_MORT,URY,Uruguay,2002,14.27665011,13.8277,14.743,FEMALE,<5Y,G,C,PER_1000_LIVE_BIRTHS,UN_IGME,False
SH_DYN_MORT,URY,Uruguay,2002,17.98958983,17.4756,18.522,MALE,<5Y,G,C,PER_1000_LIVE_BIRTHS,UN_IGME,False
SH_DYN_MORT,URY,Uruguay,2003,17.48875687,16.9849,18.0094,MALE,<5Y,G,C,PER_1000_LIVE_BIRTHS,UN_IGME,False
SH_DYN_MORT,URY,Uruguay,2003,13.90519841,13.4639,14.3564,FEMALE,<5Y,G,C,PER_1000_LIVE_BIRTHS,UN_IGME,False
SH_DYN_MORT,URY,Uruguay,2003,15.74193758,15.3516,16.1396,BOTHSEX,<5Y,G,C,PER_1000_LIVE_BIRTHS,UN_IGME,True
SH_DYN_MORT,URY,Uruguay,2004,15.17386593,14.7878,15.575,BOTHSEX,<5Y,G,C,PER_1000_LIVE_BIRTHS,UN_IGME,True
SH_DYN_MORT,URY,Uruguay,2004,13.42873769,12.9984,13.8787,FEMALE,<5Y,G,C,PER_1000_LIVE_BIRTHS,UN_IGME,False
SH_DYN_MORT,URY,Uruguay,2004,16.83259771,16.3262,17.3489,MALE,<5Y,G,C,PER_1000_LIVE_BIRTHS,UN_IGME,False
SH_DYN_MORT,URY,Uruguay,2005,15.99384443,15.4999,16.5007,MALE,<5Y,G,C,PER_1000_LIVE_BIRTHS,UN_IGME,False
SH_DYN_MORT,URY,Uruguay,2005,12.79449542,12.3638,13.2327,FEMALE,<5Y,G,C,PER_1000_LIVE_BIRTHS,UN_IGME,False
SH_DYN_MORT,URY,Uruguay,2005,14.43183913,14.0541,14.8189,BOTHSEX,<5Y,G,C,PER_1000_LIVE_BIRTHS,UN_IGME,True
SH_DYN_MORT,URY,Uruguay,2006,13.57941673,13.2123,13.9568,BOTHSEX,<5Y,G,C,PER_1000_LIVE_BIRTHS,UN_IGME,True
SH_DYN_MORT,URY,Uruguay,2006,12.02697385,11.6077,12.4445,FEMALE,<5Y,G,C,PER_1000_LIVE_BIRTHS,UN_IGME,False
SH_DYN_MORT,URY,Uruguay,2006,15.05344675,14.592,15.559,MALE,<5Y,G,C,PER_1000_LIVE_BIRTHS,UN_IGME,False
SH_DYN_MORT,URY,Uruguay,2007,14.09368581,13.6408,14.5758,MALE,<5Y,G,C,PER_1000_LIVE_BIRTHS,UN_IGME,False
SH_DYN_MORT,URY,Uruguay,2007,11.27967385,10.8674,11.6818,FEMALE,<5Y,G,C,PER_1000_LIVE_BIRTHS,UN_IGME,False
SH_DYN_MORT,URY,Uruguay,2007,12.72312792,12.365,13.0951,BOTHSEX,<5Y,G,C,PER_1000_LIVE_BIRTHS,UN_IGME,True
SH_DYN_MORT,URY,Uruguay,2008,11.94391857,11.6007,12.3091,BOTHSEX,<5Y,G,C,PER_1000_LIVE_BIRTHS,UN_IGME,True
SH_DYN_MORT,URY,Uruguay,2008,10.60290589,10.2179,11.0034,FEMALE,<5Y,G,C,PER_1000_LIVE_BIRTHS,UN_IGME,False
SH_DYN_MORT,URY,Uruguay,2008,13.2207184,12.7843,13.681,MALE,<5Y,G,C,PER_1000_LIVE_BIRTHS,UN_IGME,False
SH_DYN_MORT,URY,Uruguay,2009,12.50959621,12.0745,12.9833,MALE,<5Y,G,C,PER_1000_LIVE_BIRTHS,UN_IGME,False
SH_DYN_MORT,URY,Uruguay,2009,10.00271387,9.61885,10.3992,FEMALE,<5Y,G,C,PER_1000_LIVE_BIRTHS,UN_IGME,False
SH_DYN_MORT,URY,Uruguay,2009,11.2896767,10.9377,11.6613,BOTHSEX,<5Y,G,C,PER_1000_LIVE_BIRTHS,UN_IGME,True
SH_DYN_MORT,URY,Uruguay,2010,10.78427534,10.4362,11.1595,BOTHSEX,<5Y,G,C,PER_1000_LIVE_BIRTHS,UN_IGME,True
SH_DYN_MORT,URY,Uruguay,2010,9.553722253,9.16562,9.9578,FEMALE,<5Y,G,C,PER_1000_LIVE_BIRTHS,UN_IGME,False
SH_DYN_MORT,URY,Uruguay,2010,11.95259372,11.5194,12.4211,MALE,<5Y,G,C,PER_1000_LIVE_BIRTHS,UN_IGME,False
SH_DYN_MORT,URY,Uruguay,2011,11.53958852,11.1063,12.001,MALE,<5Y,G,C,PER_1000_LIVE_BIRTHS,UN_IGME,False
SH_DYN_MORT,URY,Uruguay,2011,9.172216338,8.80312,9.57139,FEMALE,<5Y,G,C,PER_1000_LIVE_BIRTHS,UN_IGME,False
SH_DYN_MORT,URY,Uruguay,2011,10.38664824,10.0456,10.7512,BOTHSEX,<5Y,G,C,PER_1000_LIVE_BIRTHS,UN_IGME,True
SH_DYN_MORT,URY,Uruguay,2012,10.03462884,9.70526,10.386,BOTHSEX,<5Y,G,C,PER_1000_LIVE_BIRTHS,UN_IGME,True
SH_DYN_MORT,URY,Uruguay,2012,8.861583298,8.50988,9.24477,FEMALE,<5Y,G,C,PER_1000_LIVE_BIRTHS,UN_IGME,False
SH_DYN_MORT,URY,Uruguay,2012,11.15024277,10.7364,11.5924,MALE,<5Y,G,C,PER_1000_LIVE_BIRTHS,UN_IGME,False
SH_DYN_MORT,URY,Uruguay,2013,10.75919846,10.3732,11.1707,MALE,<5Y,G,C,PER_1000_LIVE_BIRTHS,UN_IGME,False
SH_DYN_MORT,URY,Uruguay,2013,8.543868976,8.20434,8.89979,FEMALE,<5Y,G,C,PER_1000_LIVE_BIRTHS,UN_IGME,False
SH_DYN_MORT,URY,Uruguay,2013,9.679991575,9.37464,10.0026,BOTHSEX,<5Y,G,C,PER_1000_LIVE_BIRTHS,UN_IGME,True
SH_DYN_MORT,URY,Uruguay,2014,9.294305687,8.99883,9.60982,BOTHSEX,<5Y,G,C,PER_1000_LIVE_BIRTHS,UN_IGME,True
SH_DYN_MORT,URY,Uruguay,2014,8.188645379,7.86291,8.53467,FEMALE,<5Y,G,C,PER_1000_LIVE_BIRTHS,UN_IGME,False
SH_DYN_MORT,URY,Uruguay,2014,10.34430297,9.97059,10.7433,MALE,<5Y,G,C,PER_1000_LIVE_BIRTHS,UN_IGME,False
SH_DYN_MORT,URY,Uruguay,2015,9.878306063,9.51162,10.2616,MALE,<5Y,G,C,PER_1000_LIVE_BIRTHS,UN_IGME,False
SH_DYN_MORT,URY,Uruguay,2015,7.817342168,7.50163,8.14904,FEMALE,<5Y,G,C,PER_1000_LIVE_BIRTHS,UN_IGME,False
SH_DYN_MORT,URY,Uruguay,2015,8.87357029,8.58681,9.17908,BOTHSEX,<5Y,G,C,PER_1000_LIVE_BIRTHS,UN_IGME,True
SH_DYN_MORT,URY,Uruguay,2016,8.443272252,8.16343,8.73733,BOTHSEX,<5Y,G,C,PER_1000_LIVE_BIRTHS,UN_IGME,True
SH_DYN_MORT,URY,Uruguay,2016,7.461806901,7.14319,7.78381,FEMALE,<5Y,G,C,PER_1000_LIVE_BIRTHS,UN_IGME,False
SH_DYN_MORT,URY,Uruguay,2016,9.374755551,9.01913,9.75097,MALE,<5Y,G,C,PER_1000_LIVE_BIRTHS,UN_IGME,False
SH_DYN_MORT,URY,Uruguay,2017,8.92878931,8.57073,9.30882,MALE,<5Y,G,C,PER_1000_LIVE_BIRTHS,UN_IGME,False
SH_DYN_MORT,URY,Uruguay,2017,7.109877109,6.79639,7.43223,FEMALE,<5Y,G,C,PER_1000_LIVE_BIRTHS,UN_IGME,False
SH_DYN_MORT,URY,Uruguay,2017,8.044456797,7.75606,8.33936,BOTHSEX,<5Y,G,C,PER_1000_LIVE_BIRTHS,UN_IGME,True
SH_DYN_MORT,URY,Uruguay,2018,7.707540374,7.41736,8.00902,BOTHSEX,<5Y,G,C,PER_1000_LIVE_BIRTHS,UN_IGME,True
SH_DYN_MORT,URY,Uruguay,2018,6.845203834,6.52967,7.17062,FEMALE,<5Y,G,C,PER_1000_LIVE_BIRTHS,UN_IGME,False
SH_DYN_MORT,URY,Uruguay,2018,8.527383237,8.16768,8.89727,MALE,<5Y,G,C,PER_1000_LIVE_BIRTHS,UN_IGME,False
SH_DYN_MORT,URY,Uruguay,2019,8.255046684,7.8916,8.63338,MALE,<5Y,G,C,PER_1000_LIVE_BIRTHS,UN_IGME,False
SH_DYN_MORT,URY,Uruguay,2019,6.631040508,6.32074,6.95555,FEMALE,<5Y,G,C,PER_1000_LIVE_BIRTHS,UN_IGME,False
SH_DYN_MORT,URY,Uruguay,2019,7.461188072,7.17069,7.76475,BOTHSEX,<5Y,G,C,PER_1000_LIVE_BIRTHS,UN_IGME,True
SH_DYN_MORT,URY,Uruguay,2020,7.325663298,7.02918,7.63616,BOTHSEX,<5Y,G,C,PER_1000_LIVE_BIRTHS,UN_IGME,True
SH_DYN_MORT,URY,Uruguay,2020,6.497989308,6.1876,6.82919,FEMALE,<5Y,G,C,PER_1000_LIVE_BIRTHS,UN_IGME,False
SH_DYN_MORT,URY,Uruguay,2020,8.112591825,7.74524,8.49951,MALE,<5Y,G,C,PER_1000_LIVE_BIRTHS,UN_IGME,False
SH_DYN_MORT,URY,Uruguay,2021,8.074169383,7.68388,8.48588,MALE,<5Y,G,C,PER_1000_LIVE_BIRTHS,UN_IGME,False
SH_DYN_MORT,URY,Uruguay,2021,6.457382103,6.12635,6.8077,FEMALE,<5Y,G,C,PER_1000_LIVE_BIRTHS,UN_IGME,False
SH_DYN_MORT,URY,Uruguay,2021,7.286506115,6.96607,7.61517,BOTHSEX,<5Y,G,C,PER_1000_LIVE_BIRTHS,UN_IGME,True
SH_DYN_MORT,URY,Uruguay,2022,7.320885365,6.93585,7.71337,BOTHSEX,<5Y,G,C,PER_1000_LIVE_BIRTHS,UN_IGME,True
SH_DYN_MORT,URY,Uruguay,2022,6.492727225,6.10359,6.88615,FEMALE,<5Y,G,C,PER_1000_LIVE_BIRTHS,UN_IGME,False
SH_DYN_MORT,URY,Uruguay,2022,8.107465245,7.65215,8.58699,MALE,<5Y,G,C,PER_1000_LIVE_BIRTHS,UN_IGME,False
SH_DYN_MORT,URY,Uruguay,2023,8.178587303,7.59484,8.78574,MALE,<5Y,G,C,PER_1000_LIVE_BIRTHS,UN_IGME,False
SH_DYN_MORT,URY,Uruguay,2023,6.559529853,6.07363,7.05455,FEMALE,<5Y,G,C,PER_1000_LIVE_BIRTHS,UN_IGME,False
SH_DYN_MORT,URY,Uruguay,2023,7.387970893,6.88492,7.91146,BOTHSEX,<5Y,G,C,PER_1000_LIVE_BIRTHS,UN_IGME,True
SH_DYN_MORT,URY,Uruguay,2024,7.446746997,6.78406,8.14634,BOTHSEX,<5Y,G,C,PER_1000_LIVE_BIRTHS,UN_IGME,True
SH_DYN_MORT,URY,Uruguay,2024,6.607721791,5.97714,7.25688,FEMALE,<5Y,G,C,PER_1000_LIVE_BIRTHS,UN_IGME,False
SH_DYN_MORT,URY,Uruguay,2024,8.24733073,7.48916,9.05688,MALE,<5Y,G,C,PER_1000_LIVE_BIRTHS,UN_IGME,False
SH_DYN_MORT,VEN,Venezuela,2000,18.97991138,18.5811,19.3953,FEMALE,<5Y,G,C,PER_1000_LIVE_BIRTHS,UN_IGME,False
SH_DYN_MORT,VEN,Venezuela,2000,23.93884828,23.4567,24.4467,MALE,<5Y,G,C,PER_1000_LIVE_BIRTHS,UN_IGME,False
SH_DYN_MORT,VEN,Venezuela,2000,21.52034848,21.1192,21.9406,BOTHSEX,<5Y,G,C,PER_1000_LIVE_BIRTHS,UN_IGME,True
SH_DYN_MORT,VEN,Venezuela,2001,20.87139105,20.4903,21.2682,BOTHSEX,<5Y,G,C,PER_1000_LIVE_BIRTHS,UN_IGME,True
SH_DYN_MORT,VEN,Venezuela,2001,23.10269596,22.655,23.5788,MALE,<5Y,G,C,PER_1000_LIVE_BIRTHS,UN_IGME,False
SH_DYN_MORT,VEN,Venezuela,2001,18.52134902,18.1357,18.9155,FEMALE,<5Y,G,C,PER_1000_LIVE_BIRTHS,UN_IGME,False
SH_DYN_MORT,VEN,Venezuela,2002,18.20946375,17.8393,18.588,FEMALE,<5Y,G,C,PER_1000_LIVE_BIRTHS,UN_IGME,False
SH_DYN_MORT,VEN,Venezuela,2002,22.37130056,21.9224,22.823,MALE,<5Y,G,C,PER_1000_LIVE_BIRTHS,UN_IGME,False
SH_DYN_MORT,VEN,Venezuela,2002,20.3416904,19.9684,20.7168,BOTHSEX,<5Y,G,C,PER_1000_LIVE_BIRTHS,UN_IGME,True
SH_DYN_MORT,VEN,Venezuela,2003,19.79164234,19.4192,20.1606,BOTHSEX,<5Y,G,C,PER_1000_LIVE_BIRTHS,UN_IGME,True
SH_DYN_MORT,VEN,Venezuela,2003,21.7992449,21.3569,22.2383,MALE,<5Y,G,C,PER_1000_LIVE_BIRTHS,UN_IGME,False
SH_DYN_MORT,VEN,Venezuela,2003,17.68320892,17.3114,18.0532,FEMALE,<5Y,G,C,PER_1000_LIVE_BIRTHS,UN_IGME,False
SH_DYN_MORT,VEN,Venezuela,2004,17.04894896,16.693,17.3941,FEMALE,<5Y,G,C,PER_1000_LIVE_BIRTHS,UN_IGME,False
SH_DYN_MORT,VEN,Venezuela,2004,21.15523746,20.7286,21.5687,MALE,<5Y,G,C,PER_1000_LIVE_BIRTHS,UN_IGME,False
SH_DYN_MORT,VEN,Venezuela,2004,19.15461529,18.8007,19.4974,BOTHSEX,<5Y,G,C,PER_1000_LIVE_BIRTHS,UN_IGME,True
SH_DYN_MORT,VEN,Venezuela,2005,18.49798027,18.1476,18.8448,BOTHSEX,<5Y,G,C,PER_1000_LIVE_BIRTHS,UN_IGME,True
SH_DYN_MORT,VEN,Venezuela,2005,20.474635,20.0502,20.8908,MALE,<5Y,G,C,PER_1000_LIVE_BIRTHS,UN_IGME,False
SH_DYN_MORT,VEN,Venezuela,2005,16.4187373,16.0664,16.7699,FEMALE,<5Y,G,C,PER_1000_LIVE_BIRTHS,UN_IGME,False
SH_DYN_MORT,VEN,Venezuela,2006,15.84850287,15.5113,16.187,FEMALE,<5Y,G,C,PER_1000_LIVE_BIRTHS,UN_IGME,False
SH_DYN_MORT,VEN,Venezuela,2006,19.8654273,19.4557,20.2635,MALE,<5Y,G,C,PER_1000_LIVE_BIRTHS,UN_IGME,False
SH_DYN_MORT,VEN,Venezuela,2006,17.90653973,17.5693,18.2459,BOTHSEX,<5Y,G,C,PER_1000_LIVE_BIRTHS,UN_IGME,True
SH_DYN_MORT,VEN,Venezuela,2007,17.44574318,17.1174,17.7691,BOTHSEX,<5Y,G,C,PER_1000_LIVE_BIRTHS,UN_IGME,True
SH_DYN_MORT,VEN,Venezuela,2007,19.39257522,18.9971,19.7877,MALE,<5Y,G,C,PER_1000_LIVE_BIRTHS,UN_IGME,False
SH_DYN_MORT,VEN,Venezuela,2007,15.39806098,15.0748,15.7243,FEMALE,<5Y,G,C,PER_1000_LIVE_BIRTHS,UN_IGME,False
SH_DYN_MORT,VEN,Venezuela,2008,15.20714299,14.8811,15.5406,FEMALE,<5Y,G,C,PER_1000_LIVE_BIRTHS,UN_IGME,False
SH_DYN_MORT,VEN,Venezuela,2008,19.03812762,18.6486,19.4397,MALE,<5Y,G,C,PER_1000_LIVE_BIRTHS,UN_IGME,False
SH_DYN_MORT,VEN,Venezuela,2008,17.17049826,16.8432,17.5047,BOTHSEX,<5Y,G,C,PER_1000_LIVE_BIRTHS,UN_IGME,True
SH_DYN_MORT,VEN,Venezuela,2009,17.10393818,16.7853,17.4367,BOTHSEX,<5Y,G,C,PER_1000_LIVE_BIRTHS,UN_IGME,True
SH_DYN_MORT,VEN,Venezuela,2009,18.90439972,18.5144,19.298,MALE,<5Y,G,C,PER_1000_LIVE_BIRTHS,UN_IGME,False
SH_DYN_MORT,VEN,Venezuela,2009,15.21352231,14.8925,15.542,FEMALE,<5Y,G,C,PER_1000_LIVE_BIRTHS,UN_IGME,False
SH_DYN_MORT,VEN,Venezuela,2010,15.32321633,14.9871,15.6628,FEMALE,<5Y,G,C,PER_1000_LIVE_BIRTHS,UN_IGME,False
SH_DYN_MORT,VEN,Venezuela,2010,18.96126891,18.5685,19.3801,MALE,<5Y,G,C,PER_1000_LIVE_BIRTHS,UN_IGME,False
SH_DYN_MORT,VEN,Venezuela,2010,17.18468383,16.8542,17.5344,BOTHSEX,<5Y,G,C,PER_1000_LIVE_BIRTHS,UN_IGME,True
SH_DYN_MORT,VEN,Venezuela,2011,17.35422814,17.0173,17.7017,BOTHSEX,<5Y,G,C,PER_1000_LIVE_BIRTHS,UN_IGME,True
SH_DYN_MORT,VEN,Venezuela,2011,19.12485112,18.7328,19.5403,MALE,<5Y,G,C,PER_1000_LIVE_BIRTHS,UN_IGME,False
SH_DYN_MORT,VEN,Venezuela,2011,15.49185824,15.1552,15.8407,FEMALE,<5Y,G,C,PER_1000_LIVE_BIRTHS,UN_IGME,False
SH_DYN_MORT,VEN,Venezuela,2012,15.67424678,15.325,16.0324,FEMALE,<5Y,G,C,PER_1000_LIVE_BIRTHS,UN_IGME,False
SH_DYN_MORT,VEN,Venezuela,2012,19.42329332,19.0154,19.8449,MALE,<5Y,G,C,PER_1000_LIVE_BIRTHS,UN_IGME,False
SH_DYN_MORT,VEN,Venezuela,2012,17.59704991,17.2499,17.951,BOTHSEX,<5Y,G,C,PER_1000_LIVE_BIRTHS,UN_IGME,True
SH_DYN_MORT,VEN,Venezuela,2013,17.91180291,17.5216,18.3184,BOTHSEX,<5Y,G,C,PER_1000_LIVE_BIRTHS,UN_IGME,True
SH_DYN_MORT,VEN,Venezuela,2013,19.75513835,19.2925,20.2315,MALE,<5Y,G,C,PER_1000_LIVE_BIRTHS,UN_IGME,False
SH_DYN_MORT,VEN,Venezuela,2013,15.98609388,15.5969,16.3926,FEMALE,<5Y,G,C,PER_1000_LIVE_BIRTHS,UN_IGME,False
SH_DYN_MORT,VEN,Venezuela,2014,16.27921415,15.7311,16.8562,FEMALE,<5Y,G,C,PER_1000_LIVE_BIRTHS,UN_IGME,False
SH_DYN_MORT,VEN,Venezuela,2014,20.2041302,19.5324,20.9091,MALE,<5Y,G,C,PER_1000_LIVE_BIRTHS,UN_IGME,False
SH_DYN_MORT,VEN,Venezuela,2014,18.28547161,17.7079,18.9004,BOTHSEX,<5Y,G,C,PER_1000_LIVE_BIRTHS,UN_IGME,True
SH_DYN_MORT,VEN,Venezuela,2015,19.12,18.1611,20.18,BOTHSEX,<5Y,G,C,PER_1000_LIVE_BIRTHS,UN_IGME,True
SH_DYN_MORT,VEN,Venezuela,2015,21.07959338,19.956,22.2672,MALE,<5Y,G,C,PER_1000_LIVE_BIRTHS,UN_IGME,False
SH_DYN_MORT,VEN,Venezuela,2015,17.06956164,16.1742,18.0648,FEMALE,<5Y,G,C,PER_1000_LIVE_BIRTHS,UN_IGME,False
SH_DYN_MORT,VEN,Venezuela,2016,22.12075874,20.3935,24.1106,FEMALE,<5Y,G,C,PER_1000_LIVE_BIRTHS,UN_IGME,False
SH_DYN_MORT,VEN,Venezuela,2016,26.17082155,24.124,28.4687,MALE,<5Y,G,C,PER_1000_LIVE_BIRTHS,UN_IGME,False
SH_DYN_MORT,VEN,Venezuela,2016,24.2,22.3511,26.2944,BOTHSEX,<5Y,G,C,PER_1000_LIVE_BIRTHS,UN_IGME,True
SH_DYN_MORT,VEN,Venezuela,2017,24.2,21.562,27.2576,BOTHSEX,<5Y,G,C,PER_1000_LIVE_BIRTHS,UN_IGME,True
SH_DYN_MORT,VEN,Venezuela,2017,26.17948812,23.2747,29.4907,MALE,<5Y,G,C,PER_1000_LIVE_BIRTHS,UN_IGME,False
SH_DYN_MORT,VEN,Venezuela,2017,22.1209353,19.6694,24.9909,FEMALE,<5Y,G,C,PER_1000_LIVE_BIRTHS,UN_IGME,False
SH_DYN_MORT,VEN,Venezuela,2018,22.11432557,18.8769,26.0575,FEMALE,<5Y,G,C,PER_1000_LIVE_BIRTHS,UN_IGME,False
SH_DYN_MORT,VEN,Venezuela,2018,26.19370821,22.3824,30.7197,MALE,<5Y,G,C,PER_1000_LIVE_BIRTHS,UN_IGME,False
SH_DYN_MORT,VEN,Venezuela,2018,24.2,20.6902,28.3634,BOTHSEX,<5Y,G,C,PER_1000_LIVE_BIRTHS,UN_IGME,True
SH_DYN_MORT,VEN,Venezuela,2019,24.2,19.7769,29.6644,BOTHSEX,<5Y,G,C,PER_1000_LIVE_BIRTHS,UN_IGME,True
SH_DYN_MORT,VEN,Venezuela,2019,26.19319509,21.401,32.1086,MALE,<5Y,G,C,PER_1000_LIVE_BIRTHS,UN_IGME,False
SH_DYN_MORT,VEN,Venezuela,2019,22.11087617,18.0388,27.2212,FEMALE,<5Y,G,C,PER_1000_LIVE_BIRTHS,UN_IGME,False
SH_DYN_MORT,VEN,Venezuela,2020,22.12231251,17.1805,28.5324,FEMALE,<5Y,G,C,PER_1000_LIVE_BIRTHS,UN_IGME,False
SH_DYN_MORT,VEN,Venezuela,2020,26.19536082,20.3543,33.6867,MALE,<5Y,G,C,PER_1000_LIVE_BIRTHS,UN_IGME,False
SH_DYN_MORT,VEN,Venezuela,2020,24.2,18.8362,31.1575,BOTHSEX,<5Y,G,C,PER_1000_LIVE_BIRTHS,UN_IGME,True
SH_DYN_MORT,VEN,Venezuela,2021,24.2,17.9253,32.7919,BOTHSEX,<5Y,G,C,PER_1000_LIVE_BIRTHS,UN_IGME,True
SH_DYN_MORT,VEN,Venezuela,2021,26.19586236,19.3548,35.5254,MALE,<5Y,G,C,PER_1000_LIVE_BIRTHS,UN_IGME,False
SH_DYN_MORT,VEN,Venezuela,2021,22.11519375,16.3462,30.1041,FEMALE,<5Y,G,C,PER_1000_LIVE_BIRTHS,UN_IGME,False
SH_DYN_MORT,VEN,Venezuela,2022,22.13556653,15.4853,31.6795,FEMALE,<5Y,G,C,PER_1000_LIVE_BIRTHS,UN_IGME,False
SH_DYN_MORT,VEN,Venezuela,2022,26.19370624,18.339,37.4877,MALE,<5Y,G,C,PER_1000_LIVE_BIRTHS,UN_IGME,False
SH_DYN_MORT,VEN,Venezuela,2022,24.2,16.993,34.6321,BOTHSEX,<5Y,G,C,PER_1000_LIVE_BIRTHS,UN_IGME,True
SH_DYN_MORT,VEN,Venezuela,2023,24.2,16.0355,36.6243,BOTHSEX,<5Y,G,C,PER_1000_LIVE_BIRTHS,UN_IGME,True
SH_DYN_MORT,VEN,Venezuela,2023,26.21737902,17.3056,39.7179,MALE,<5Y,G,C,PER_1000_LIVE_BIRTHS,UN_IGME,False
SH_DYN_MORT,VEN,Venezuela,2023,22.14255931,14.5787,33.6085,FEMALE,<5Y,G,C,PER_1000_LIVE_BIRTHS,UN_IGME,False
SH_DYN_MORT,VEN,Venezuela,2024,22.15860963,13.7049,35.6381,FEMALE,<5Y,G,C,PER_1000_LIVE_BIRTHS,UN_IGME,False
SH_DYN_MORT,VEN,Venezuela,2024,26.23685414,16.2695,42.0692,MALE,<5Y,G,C,PER_1000_LIVE_BIRTHS,UN_IGME,False
SH_DYN_MORT,VEN,Venezuela,2024,24.2,15.0693,38.8292,BOTHSEX,<5Y,G,C,PER_1000_LIVE_BIRTHS,UN_IGME,True
SH_DYN_NMRT,ARG,Argentina,2000,11.04203051,10.727,11.359,BOTHSEX,<1M,G,C,PER_1000_LIVE_BIRTHS,UN_IGME,True
SH_DYN_NMRT,ARG,Argentina,2001,11.02714199,10.7129,11.3375,BOTHSEX,<1M,G,C,PER_1000_LIVE_BIRTHS,UN_IGME,True
SH_DYN_NMRT,ARG,Argentina,2002,10.76162274,10.454,11.0714,BOTHSEX,<1M,G,C,PER_1000_LIVE_BIRTHS,UN_IGME,True
SH_DYN_NMRT,ARG,Argentina,2003,10.20261872,9.91172,10.4928,BOTHSEX,<1M,G,C,PER_1000_LIVE_BIRTHS,UN_IGME,True
SH_DYN_NMRT,ARG,Argentina,2004,9.579229979,9.29554,9.86981,BOTHSEX,<1M,G,C,PER_1000_LIVE_BIRTHS,UN_IGME,True
SH_DYN_NMRT,ARG,Argentina,2005,9.109431693,8.84029,9.3924,BOTHSEX,<1M,G,C,PER_1000_LIVE_BIRTHS,UN_IGME,True
SH_DYN_NMRT,ARG,Argentina,2006,8.780564589,8.51889,9.05266,BOTHSEX,<1M,G,C,PER_1000_LIVE_BIRTHS,UN_IGME,True
SH_DYN_NMRT,ARG,Argentina,2007,8.454273956,8.19816,8.71785,BOTHSEX,<1M,G,C,PER_1000_LIVE_BIRTHS,UN_IGME,True
SH_DYN_NMRT,ARG,Argentina,2008,8.085695653,7.8431,8.33589,BOTHSEX,<1M,G,C,PER_1000_LIVE_BIRTHS,UN_IGME,True
SH_DYN_NMRT,ARG,Argentina,2009,7.773879731,7.5282,8.02603,BOTHSEX,<1M,G,C,PER_1000_LIVE_BIRTHS,UN_IGME,True
SH_DYN_NMRT,ARG,Argentina,2010,7.598187169,7.37013,7.83715,BOTHSEX,<1M,G,C,PER_1000_LIVE_BIRTHS,UN_IGME,True
SH_DYN_NMRT,ARG,Argentina,2011,7.521426764,7.29826,7.74842,BOTHSEX,<1M,G,C,PER_1000_LIVE_BIRTHS,UN_IGME,True
SH_DYN_NMRT,ARG,Argentina,2012,7.442152296,7.21336,7.66457,BOTHSEX,<1M,G,C,PER_1000_LIVE_BIRTHS,UN_IGME,True
SH_DYN_NMRT,ARG,Argentina,2013,7.29850465,7.07499,7.51304,BOTHSEX,<1M,G,C,PER_1000_LIVE_BIRTHS,UN_IGME,True
SH_DYN_NMRT,ARG,Argentina,2014,7.08159603,6.84075,7.32195,BOTHSEX,<1M,G,C,PER_1000_LIVE_BIRTHS,UN_IGME,True
SH_DYN_NMRT,ARG,Argentina,2015,6.795675871,6.53128,7.06606,BOTHSEX,<1M,G,C,PER_1000_LIVE_BIRTHS,UN_IGME,True
SH_DYN_NMRT,ARG,Argentina,2016,6.506891518,6.21501,6.8125,BOTHSEX,<1M,G,C,PER_1000_LIVE_BIRTHS,UN_IGME,True
SH_DYN_NMRT,ARG,Argentina,2017,6.295452113,5.9766,6.63786,BOTHSEX,<1M,G,C,PER_1000_LIVE_BIRTHS,UN_IGME,True
SH_DYN_NMRT,ARG,Argentina,2018,6.188220771,5.85278,6.55121,BOTHSEX,<1M,G,C,PER_1000_LIVE_BIRTHS,UN_IGME,True
SH_DYN_NMRT,ARG,Argentina,2019,6.124761598,5.76424,6.50902,BOTHSEX,<1M,G,C,PER_1000_LIVE_BIRTHS,UN_IGME,True
SH_DYN_NMRT,ARG,Argentina,2020,6.038357886,5.66287,6.4572,BOTHSEX,<1M,G,C,PER_1000_LIVE_BIRTHS,UN_IGME,True
SH_DYN_NMRT,ARG,Argentina,2021,5.901927923,5.49413,6.35763,BOTHSEX,<1M,G,C,PER_1000_LIVE_BIRTHS,UN_IGME,True
SH_DYN_NMRT,ARG,Argentina,2022,5.675116254,5.21373,6.18758,BOTHSEX,<1M,G,C,PER_1000_LIVE_BIRTHS,UN_IGME,True
SH_DYN_NMRT,ARG,Argentina,2023,5.371433234,4.83231,5.97497,BOTHSEX,<1M,G,C,PER_1000_LIVE_BIRTHS,UN_IGME,True
SH_DYN_NMRT,ARG,Argentina,2024,5.07134737,4.42468,5.82036,BOTHSEX,<1M,G,C,PER_1000_LIVE_BIRTHS,UN_IGME,True
SH_DYN_NMRT,BOL,Bolivia,2000,27.85647812,25.2693,30.5695,BOTHSEX,<1M,G,C,PER_1000_LIVE_BIRTHS,UN_IGME,True
SH_DYN_NMRT,BOL,Bolivia,2001,26.70467237,24.2214,29.3559,BOTHSEX,<1M,G,C,PER_1000_LIVE_BIRTHS,UN_IGME,True
SH_DYN_NMRT,BOL,Bolivia,2002,25.64867277,23.257,28.1807,BOTHSEX,<1M,G,C,PER_1000_LIVE_BIRTHS,UN_IGME,True
SH_DYN_NMRT,BOL,Bolivia,2003,24.63414516,22.3395,27.1153,BOTHSEX,<1M,G,C,PER_1000_LIVE_BIRTHS,UN_IGME,True
SH_DYN_NMRT,BOL,Bolivia,2004,23.64261275,21.3944,26.0831,BOTHSEX,<1M,G,C,PER_1000_LIVE_BIRTHS,UN_IGME,True
SH_DYN_NMRT,BOL,Bolivia,2005,22.64470031,20.4503,25.0612,BOTHSEX,<1M,G,C,PER_1000_LIVE_BIRTHS,UN_IGME,True
SH_DYN_NMRT,BOL,Bolivia,2006,21.68247476,19.5292,24.0807,BOTHSEX,<1M,G,C,PER_1000_LIVE_BIRTHS,UN_IGME,True
SH_DYN_NMRT,BOL,Bolivia,2007,20.73937399,18.621,23.1031,BOTHSEX,<1M,G,C,PER_1000_LIVE_BIRTHS,UN_IGME,True
SH_DYN_NMRT,BOL,Bolivia,2008,19.82026253,17.7368,22.1584,BOTHSEX,<1M,G,C,PER_1000_LIVE_BIRTHS,UN_IGME,True
SH_DYN_NMRT,BOL,Bolivia,2009,18.9257707,16.8541,21.2601,BOTHSEX,<1M,G,C,PER_1000_LIVE_BIRTHS,UN_IGME,True
SH_DYN_NMRT,BOL,Bolivia,2010,17.99488501,15.9283,20.3248,BOTHSEX,<1M,G,C,PER_1000_LIVE_BIRTHS,UN_IGME,True
SH_DYN_NMRT,BOL,Bolivia,2011,16.82387226,14.7902,19.1191,BOTHSEX,<1M,G,C,PER_1000_LIVE_BIRTHS,UN_IGME,True
SH_DYN_NMRT,BOL,Bolivia,2012,15.72566143,13.7332,17.9688,BOTHSEX,<1M,G,C,PER_1000_LIVE_BIRTHS,UN_IGME,True
SH_DYN_NMRT,BOL,Bolivia,2013,14.71968766,12.7618,16.9236,BOTHSEX,<1M,G,C,PER_1000_LIVE_BIRTHS,UN_IGME,True
SH_DYN_NMRT,BOL,Bolivia,2014,13.75678959,11.8392,15.9594,BOTHSEX,<1M,G,C,PER_1000_LIVE_BIRTHS,UN_IGME,True
SH_DYN_NMRT,BOL,Bolivia,2015,12.83486848,10.9421,15.0787,BOTHSEX,<1M,G,C,PER_1000_LIVE_BIRTHS,UN_IGME,True
SH_DYN_NMRT,BOL,Bolivia,2016,11.99104219,10.0711,14.2508,BOTHSEX,<1M,G,C,PER_1000_LIVE_BIRTHS,UN_IGME,True
SH_DYN_NMRT,BOL,Bolivia,2017,11.19342955,9.27752,13.4654,BOTHSEX,<1M,G,C,PER_1000_LIVE_BIRTHS,UN_IGME,True
SH_DYN_NMRT,BOL,Bolivia,2018,10.43984263,8.51075,12.749,BOTHSEX,<1M,G,C,PER_1000_LIVE_BIRTHS,UN_IGME,True
SH_DYN_NMRT,BOL,Bolivia,2019,9.739116637,7.7934,12.1224,BOTHSEX,<1M,G,C,PER_1000_LIVE_BIRTHS,UN_IGME,True
SH_DYN_NMRT,BOL,Bolivia,2020,9.108133496,7.14231,11.5666,BOTHSEX,<1M,G,C,PER_1000_LIVE_BIRTHS,UN_IGME,True
SH_DYN_NMRT,BOL,Bolivia,2021,8.552517769,6.57783,11.0909,BOTHSEX,<1M,G,C,PER_1000_LIVE_BIRTHS,UN_IGME,True
SH_DYN_NMRT,BOL,Bolivia,2022,8.091392357,6.08023,10.6757,BOTHSEX,<1M,G,C,PER_1000_LIVE_BIRTHS,UN_IGME,True
SH_DYN_NMRT,BOL,Bolivia,2023,7.692455914,5.65696,10.35,BOTHSEX,<1M,G,C,PER_1000_LIVE_BIRTHS,UN_IGME,True
SH_DYN_NMRT,BOL,Bolivia,2024,7.341500732,5.25879,10.0778,BOTHSEX,<1M,G,C,PER_1000_LIVE_BIRTHS,UN_IGME,True
SH_DYN_NMRT,BRA,Brazil,2000,18.05803316,15.6603,20.5696,BOTHSEX,<1M,G,C,PER_1000_LIVE_BIRTHS,UN_IGME,True
SH_DYN_NMRT,BRA,Brazil,2001,17.15026483,14.9045,19.493,BOTHSEX,<1M,G,C,PER_1000_LIVE_BIRTHS,UN_IGME,True
SH_DYN_NMRT,BRA,Brazil,2002,16.27578468,14.197,18.4105,BOTHSEX,<1M,G,C,PER_1000_LIVE_BIRTHS,UN_IGME,True
SH_DYN_NMRT,BRA,Brazil,2003,15.44924598,13.5689,17.4144,BOTHSEX,<1M,G,C,PER_1000_LIVE_BIRTHS,UN_IGME,True
SH_DYN_NMRT,BRA,Brazil,2004,14.63857881,13.0132,16.3741,BOTHSEX,<1M,G,C,PER_1000_LIVE_BIRTHS,UN_IGME,True
SH_DYN_NMRT,BRA,Brazil,2005,13.89266389,12.4688,15.4004,BOTHSEX,<1M,G,C,PER_1000_LIVE_BIRTHS,UN_IGME,True
SH_DYN_NMRT,BRA,Brazil,2006,13.19973697,12.0106,14.48,BOTHSEX,<1M,G,C,PER_1000_LIVE_BIRTHS,UN_IGME,True
SH_DYN_NMRT,BRA,Brazil,2007,12.58271094,11.6669,13.5586,BOTHSEX,<1M,G,C,PER_1000_LIVE_BIRTHS,UN_IGME,True
SH_DYN_NMRT,BRA,Brazil,2008,12.03717951,11.2976,12.8014,BOTHSEX,<1M,G,C,PER_1000_LIVE_BIRTHS,UN_IGME,True
SH_DYN_NMRT,BRA,Brazil,2009,11.5427934,10.926,12.1628,BOTHSEX,<1M,G,C,PER_1000_LIVE_BIRTHS,UN_IGME,True
SH_DYN_NMRT,BRA,Brazil,2010,11.09540058,10.5644,11.6379,BOTHSEX,<1M,G,C,PER_1000_LIVE_BIRTHS,UN_IGME,True
SH_DYN_NMRT,BRA,Brazil,2011,10.67896193,10.1896,11.1764,BOTHSEX,<1M,G,C,PER_1000_LIVE_BIRTHS,UN_IGME,True
SH_DYN_NMRT,BRA,Brazil,2012,10.2949718,9.84139,10.7566,BOTHSEX,<1M,G,C,PER_1000_LIVE_BIRTHS,UN_IGME,True
SH_DYN_NMRT,BRA,Brazil,2013,9.964856312,9.5149,10.4222,BOTHSEX,<1M,G,C,PER_1000_LIVE_BIRTHS,UN_IGME,True
SH_DYN_NMRT,BRA,Brazil,2014,9.718199455,9.25849,10.179,BOTHSEX,<1M,G,C,PER_1000_LIVE_BIRTHS,UN_IGME,True
SH_DYN_NMRT,BRA,Brazil,2015,9.527105986,9.04643,10.0174,BOTHSEX,<1M,G,C,PER_1000_LIVE_BIRTHS,UN_IGME,True
SH_DYN_NMRT,BRA,Brazil,2016,10.05042773,9.53496,10.5782,BOTHSEX,<1M,G,C,PER_1000_LIVE_BIRTHS,UN_IGME,True
SH_DYN_NMRT,BRA,Brazil,2017,9.208004233,8.65295,9.76512,BOTHSEX,<1M,G,C,PER_1000_LIVE_BIRTHS,UN_IGME,True
SH_DYN_NMRT,BRA,Brazil,2018,9.136402942,8.54253,9.73647,BOTHSEX,<1M,G,C,PER_1000_LIVE_BIRTHS,UN_IGME,True
SH_DYN_NMRT,BRA,Brazil,2019,9.166906461,8.55208,9.82981,BOTHSEX,<1M,G,C,PER_1000_LIVE_BIRTHS,UN_IGME,True
SH_DYN_NMRT,BRA,Brazil,2020,9.163120396,8.49067,9.90556,BOTHSEX,<1M,G,C,PER_1000_LIVE_BIRTHS,UN_IGME,True
SH_DYN_NMRT,BRA,Brazil,2021,8.893244531,8.13539,9.73417,BOTHSEX,<1M,G,C,PER_1000_LIVE_BIRTHS,UN_IGME,True
SH_DYN_NMRT,BRA,Brazil,2022,8.281859452,7.42343,9.26816,BOTHSEX,<1M,G,C,PER_1000_LIVE_BIRTHS,UN_IGME,True
SH_DYN_NMRT,BRA,Brazil,2023,7.595652,6.62526,8.7324,BOTHSEX,<1M,G,C,PER_1000_LIVE_BIRTHS,UN_IGME,True
SH_DYN_NMRT,BRA,Brazil,2024,7.124973242,6.0164,8.46105,BOTHSEX,<1M,G,C,PER_1000_LIVE_BIRTHS,UN_IGME,True
SH_DYN_NMRT,CHL,Chile,2000,5.727440711,5.52298,5.93777,BOTHSEX,<1M,G,C,PER_1000_LIVE_BIRTHS,UN_IGME,True
SH_DYN_NMRT,CHL,Chile,2001,5.491721479,5.29812,5.68142,BOTHSEX,<1M,G,C,PER_1000_LIVE_BIRTHS,UN_IGME,True
SH_DYN_NMRT,CHL,Chile,2002,5.322887806,5.13367,5.50967,BOTHSEX,<1M,G,C,PER_1000_LIVE_BIRTHS,UN_IGME,True
SH_DYN_NMRT,CHL,Chile,2003,5.276433707,5.08745,5.46491,BOTHSEX,<1M,G,C,PER_1000_LIVE_BIRTHS,UN_IGME,True
SH_DYN_NMRT,CHL,Chile,2004,5.354182531,5.1785,5.53136,BOTHSEX,<1M,G,C,PER_1000_LIVE_BIRTHS,UN_IGME,True
SH_DYN_NMRT,CHL,Chile,2005,5.448621699,5.26631,5.64193,BOTHSEX,<1M,G,C,PER_1000_LIVE_BIRTHS,UN_IGME,True
SH_DYN_NMRT,CHL,Chile,2006,5.465715027,5.29251,5.64415,BOTHSEX,<1M,G,C,PER_1000_LIVE_BIRTHS,UN_IGME,True
SH_DYN_NMRT,CHL,Chile,2007,5.413129771,5.24497,5.58335,BOTHSEX,<1M,G,C,PER_1000_LIVE_BIRTHS,UN_IGME,True
SH_DYN_NMRT,CHL,Chile,2008,5.355065332,5.18221,5.53379,BOTHSEX,<1M,G,C,PER_1000_LIVE_BIRTHS,UN_IGME,True
SH_DYN_NMRT,CHL,Chile,2009,5.327665511,5.16152,5.49402,BOTHSEX,<1M,G,C,PER_1000_LIVE_BIRTHS,UN_IGME,True
SH_DYN_NMRT,CHL,Chile,2010,5.315315823,5.13804,5.49368,BOTHSEX,<1M,G,C,PER_1000_LIVE_BIRTHS,UN_IGME,True
SH_DYN_NMRT,CHL,Chile,2011,5.298057858,5.12974,5.46833,BOTHSEX,<1M,G,C,PER_1000_LIVE_BIRTHS,UN_IGME,True
SH_DYN_NMRT,CHL,Chile,2012,5.274268759,5.10649,5.44003,BOTHSEX,<1M,G,C,PER_1000_LIVE_BIRTHS,UN_IGME,True
SH_DYN_NMRT,CHL,Chile,2013,5.253556849,5.07895,5.42335,BOTHSEX,<1M,G,C,PER_1000_LIVE_BIRTHS,UN_IGME,True
SH_DYN_NMRT,CHL,Chile,2014,5.23854227,5.08141,5.39268,BOTHSEX,<1M,G,C,PER_1000_LIVE_BIRTHS,UN_IGME,True
SH_DYN_NMRT,CHL,Chile,2015,5.232216739,5.06494,5.40021,BOTHSEX,<1M,G,C,PER_1000_LIVE_BIRTHS,UN_IGME,True
SH_DYN_NMRT,CHL,Chile,2016,5.230439778,5.07031,5.38842,BOTHSEX,<1M,G,C,PER_1000_LIVE_BIRTHS,UN_IGME,True
SH_DYN_NMRT,CHL,Chile,2017,5.1833456,5.02469,5.34069,BOTHSEX,<1M,G,C,PER_1000_LIVE_BIRTHS,UN_IGME,True
SH_DYN_NMRT,CHL,Chile,2018,5.017185574,4.86275,5.17748,BOTHSEX,<1M,G,C,PER_1000_LIVE_BIRTHS,UN_IGME,True
SH_DYN_NMRT,CHL,Chile,2019,4.748871063,4.60745,4.8925,BOTHSEX,<1M,G,C,PER_1000_LIVE_BIRTHS,UN_IGME,True
SH_DYN_NMRT,CHL,Chile,2020,4.525037215,4.36804,4.68349,BOTHSEX,<1M,G,C,PER_1000_LIVE_BIRTHS,UN_IGME,True
SH_DYN_NMRT,CHL,Chile,2021,4.469063116,4.31602,4.62321,BOTHSEX,<1M,G,C,PER_1000_LIVE_BIRTHS,UN_IGME,True
SH_DYN_NMRT,CHL,Chile,2022,4.544660243,4.38563,4.70936,BOTHSEX,<1M,G,C,PER_1000_LIVE_BIRTHS,UN_IGME,True
SH_DYN_NMRT,CHL,Chile,2023,4.642301406,4.48214,4.81686,BOTHSEX,<1M,G,C,PER_1000_LIVE_BIRTHS,UN_IGME,True
SH_DYN_NMRT,CHL,Chile,2024,4.677838756,4.45049,4.92326,BOTHSEX,<1M,G,C,PER_1000_LIVE_BIRTHS,UN_IGME,True
SH_DYN_NMRT,COL,Colombia,2000,13.49561993,12.1559,14.9749,BOTHSEX,<1M,G,C,PER_1000_LIVE_BIRTHS,UN_IGME,True
SH_DYN_NMRT,COL,Colombia,2001,13.08376043,11.7473,14.5527,BOTHSEX,<1M,G,C,PER_1000_LIVE_BIRTHS,UN_IGME,True
SH_DYN_NMRT,COL,Colombia,2002,12.69078935,11.3744,14.1712,BOTHSEX,<1M,G,C,PER_1000_LIVE_BIRTHS,UN_IGME,True
SH_DYN_NMRT,COL,Colombia,2003,12.33497199,11.0219,13.821,BOTHSEX,<1M,G,C,PER_1000_LIVE_BIRTHS,UN_IGME,True
SH_DYN_NMRT,COL,Colombia,2004,11.98737779,10.6764,13.4758,BOTHSEX,<1M,G,C,PER_1000_LIVE_BIRTHS,UN_IGME,True
SH_DYN_NMRT,COL,Colombia,2005,11.65539986,10.3373,13.163,BOTHSEX,<1M,G,C,PER_1000_LIVE_BIRTHS,UN_IGME,True
SH_DYN_NMRT,COL,Colombia,2006,11.32263323,9.97468,12.8641,BOTHSEX,<1M,G,C,PER_1000_LIVE_BIRTHS,UN_IGME,True
SH_DYN_NMRT,COL,Colombia,2007,10.98210086,9.58922,12.5929,BOTHSEX,<1M,G,C,PER_1000_LIVE_BIRTHS,UN_IGME,True
SH_DYN_NMRT,COL,Colombia,2008,10.64626546,9.19185,12.3228,BOTHSEX,<1M,G,C,PER_1000_LIVE_BIRTHS,UN_IGME,True
SH_DYN_NMRT,COL,Colombia,2009,10.30517421,8.80516,12.0537,BOTHSEX,<1M,G,C,PER_1000_LIVE_BIRTHS,UN_IGME,True
SH_DYN_NMRT,COL,Colombia,2010,9.979798739,8.4207,11.8021,BOTHSEX,<1M,G,C,PER_1000_LIVE_BIRTHS,UN_IGME,True
SH_DYN_NMRT,COL,Colombia,2011,9.640251604,8.03319,11.5393,BOTHSEX,<1M,G,C,PER_1000_LIVE_BIRTHS,UN_IGME,True
SH_DYN_NMRT,COL,Colombia,2012,9.330776005,7.6434,11.3211,BOTHSEX,<1M,G,C,PER_1000_LIVE_BIRTHS,UN_IGME,True
SH_DYN_NMRT,COL,Colombia,2013,9.030391479,7.27527,11.1366,BOTHSEX,<1M,G,C,PER_1000_LIVE_BIRTHS,UN_IGME,True
SH_DYN_NMRT,COL,Colombia,2014,8.73359465,6.89918,11.0003,BOTHSEX,<1M,G,C,PER_1000_LIVE_BIRTHS,UN_IGME,True
SH_DYN_NMRT,COL,Colombia,2015,8.45005963,6.5525,10.8681,BOTHSEX,<1M,G,C,PER_1000_LIVE_BIRTHS,UN_IGME,True
SH_DYN_NMRT,COL,Colombia,2016,8.177618098,6.19894,10.7642,BOTHSEX,<1M,G,C,PER_1000_LIVE_BIRTHS,UN_IGME,True
SH_DYN_NMRT,COL,Colombia,2017,7.9049629,5.85679,10.6888,BOTHSEX,<1M,G,C,PER_1000_LIVE_BIRTHS,UN_IGME,True
SH_DYN_NMRT,COL,Colombia,2018,7.655307538,5.50364,10.6835,BOTHSEX,<1M,G,C,PER_1000_LIVE_BIRTHS,UN_IGME,True
SH_DYN_NMRT,COL,Colombia,2019,7.410315703,5.17623,10.6396,BOTHSEX,<1M,G,C,PER_1000_LIVE_BIRTHS,UN_IGME,True
SH_DYN_NMRT,COL,Colombia,2020,7.185689128,4.85431,10.6371,BOTHSEX,<1M,G,C,PER_1000_LIVE_BIRTHS,UN_IGME,True
SH_DYN_NMRT,COL,Colombia,2021,6.939749328,4.55386,10.6427,BOTHSEX,<1M,G,C,PER_1000_LIVE_BIRTHS,UN_IGME,True
SH_DYN_NMRT,COL,Colombia,2022,6.703998001,4.26823,10.6055,BOTHSEX,<1M,G,C,PER_1000_LIVE_BIRTHS,UN_IGME,True
SH_DYN_NMRT,COL,Colombia,2023,6.479048838,4.00042,10.6177,BOTHSEX,<1M,G,C,PER_1000_LIVE_BIRTHS,UN_IGME,True
SH_DYN_NMRT,COL,Colombia,2024,6.263539624,3.76471,10.6153,BOTHSEX,<1M,G,C,PER_1000_LIVE_BIRTHS,UN_IGME,True
SH_DYN_NMRT,CRI,Costa Rica,2000,7.621864817,7.29348,7.94454,BOTHSEX,<1M,G,C,PER_1000_LIVE_BIRTHS,UN_IGME,True
SH_DYN_NMRT,CRI,Costa Rica,2001,7.460755784,7.15147,7.77596,BOTHSEX,<1M,G,C,PER_1000_LIVE_BIRTHS,UN_IGME,True
SH_DYN_NMRT,CRI,Costa Rica,2002,7.302279442,7.00955,7.61423,BOTHSEX,<1M,G,C,PER_1000_LIVE_BIRTHS,UN_IGME,True
SH_DYN_NMRT,CRI,Costa Rica,2003,7.190888341,6.89545,7.49744,BOTHSEX,<1M,G,C,PER_1000_LIVE_BIRTHS,UN_IGME,True
SH_DYN_NMRT,CRI,Costa Rica,2004,7.134262115,6.84766,7.42285,BOTHSEX,<1M,G,C,PER_1000_LIVE_BIRTHS,UN_IGME,True
SH_DYN_NMRT,CRI,Costa Rica,2005,7.085293607,6.78785,7.38138,BOTHSEX,<1M,G,C,PER_1000_LIVE_BIRTHS,UN_IGME,True
SH_DYN_NMRT,CRI,Costa Rica,2006,6.999516125,6.71033,7.28915,BOTHSEX,<1M,G,C,PER_1000_LIVE_BIRTHS,UN_IGME,True
SH_DYN_NMRT,CRI,Costa Rica,2007,6.88541892,6.60043,7.1681,BOTHSEX,<1M,G,C,PER_1000_LIVE_BIRTHS,UN_IGME,True
SH_DYN_NMRT,CRI,Costa Rica,2008,6.770087521,6.48081,7.06319,BOTHSEX,<1M,G,C,PER_1000_LIVE_BIRTHS,UN_IGME,True
SH_DYN_NMRT,CRI,Costa Rica,2009,6.674923273,6.39909,6.96432,BOTHSEX,<1M,G,C,PER_1000_LIVE_BIRTHS,UN_IGME,True
SH_DYN_NMRT,CRI,Costa Rica,2010,6.597025678,6.317,6.8818,BOTHSEX,<1M,G,C,PER_1000_LIVE_BIRTHS,UN_IGME,True
SH_DYN_NMRT,CRI,Costa Rica,2011,6.519052151,6.24736,6.79295,BOTHSEX,<1M,G,C,PER_1000_LIVE_BIRTHS,UN_IGME,True
SH_DYN_NMRT,CRI,Costa Rica,2012,6.441522779,6.17989,6.70676,BOTHSEX,<1M,G,C,PER_1000_LIVE_BIRTHS,UN_IGME,True
SH_DYN_NMRT,CRI,Costa Rica,2013,6.355902653,6.09616,6.62251,BOTHSEX,<1M,G,C,PER_1000_LIVE_BIRTHS,UN_IGME,True
SH_DYN_NMRT,CRI,Costa Rica,2014,6.267227953,6.02352,6.52084,BOTHSEX,<1M,G,C,PER_1000_LIVE_BIRTHS,UN_IGME,True
SH_DYN_NMRT,CRI,Costa Rica,2015,6.19633458,5.95031,6.44681,BOTHSEX,<1M,G,C,PER_1000_LIVE_BIRTHS,UN_IGME,True
SH_DYN_NMRT,CRI,Costa Rica,2016,6.153888718,5.91003,6.40554,BOTHSEX,<1M,G,C,PER_1000_LIVE_BIRTHS,UN_IGME,True
SH_DYN_NMRT,CRI,Costa Rica,2017,6.144595825,5.8987,6.39659,BOTHSEX,<1M,G,C,PER_1000_LIVE_BIRTHS,UN_IGME,True
SH_DYN_NMRT,CRI,Costa Rica,2018,6.172429354,5.91505,6.43065,BOTHSEX,<1M,G,C,PER_1000_LIVE_BIRTHS,UN_IGME,True
SH_DYN_NMRT,CRI,Costa Rica,2019,6.242886277,5.98528,6.49744,BOTHSEX,<1M,G,C,PER_1000_LIVE_BIRTHS,UN_IGME,True
SH_DYN_NMRT,CRI,Costa Rica,2020,6.364773307,6.08664,6.63894,BOTHSEX,<1M,G,C,PER_1000_LIVE_BIRTHS,UN_IGME,True
SH_DYN_NMRT,CRI,Costa Rica,2021,6.548078813,6.26573,6.83254,BOTHSEX,<1M,G,C,PER_1000_LIVE_BIRTHS,UN_IGME,True
SH_DYN_NMRT,CRI,Costa Rica,2022,6.786669309,6.49361,7.0854,BOTHSEX,<1M,G,C,PER_1000_LIVE_BIRTHS,UN_IGME,True
SH_DYN_NMRT,CRI,Costa Rica,2023,7.050648893,6.70552,7.39927,BOTHSEX,<1M,G,C,PER_1000_LIVE_BIRTHS,UN_IGME,True
SH_DYN_NMRT,CRI,Costa Rica,2024,7.302549522,6.85043,7.77744,BOTHSEX,<1M,G,C,PER_1000_LIVE_BIRTHS,UN_IGME,True
SH_DYN_NMRT,CUB,Cuba,2000,4.138125951,3.65984,4.68576,BOTHSEX,<1M,G,C,PER_1000_LIVE_BIRTHS,UN_IGME,True
SH_DYN_NMRT,CUB,Cuba,2001,4.04111786,3.57682,4.5734,BOTHSEX,<1M,G,C,PER_1000_LIVE_BIRTHS,UN_IGME,True
SH_DYN_NMRT,CUB,Cuba,2002,3.894607234,3.44965,4.40568,BOTHSEX,<1M,G,C,PER_1000_LIVE_BIRTHS,UN_IGME,True
SH_DYN_NMRT,CUB,Cuba,2003,3.700615999,3.27012,4.18213,BOTHSEX,<1M,G,C,PER_1000_LIVE_BIRTHS,UN_IGME,True
SH_DYN_NMRT,CUB,Cuba,2004,3.475211089,3.07349,3.92409,BOTHSEX,<1M,G,C,PER_1000_LIVE_BIRTHS,UN_IGME,True
SH_DYN_NMRT,CUB,Cuba,2005,3.272831933,2.89287,3.70216,BOTHSEX,<1M,G,C,PER_1000_LIVE_BIRTHS,UN_IGME,True
SH_DYN_NMRT,CUB,Cuba,2006,3.139668968,2.77634,3.54765,BOTHSEX,<1M,G,C,PER_1000_LIVE_BIRTHS,UN_IGME,True
SH_DYN_NMRT,CUB,Cuba,2007,3.061923181,2.7014,3.46103,BOTHSEX,<1M,G,C,PER_1000_LIVE_BIRTHS,UN_IGME,True
SH_DYN_NMRT,CUB,Cuba,2008,2.991026464,2.63974,3.38289,BOTHSEX,<1M,G,C,PER_1000_LIVE_BIRTHS,UN_IGME,True
SH_DYN_NMRT,CUB,Cuba,2009,2.911783357,2.56373,3.29387,BOTHSEX,<1M,G,C,PER_1000_LIVE_BIRTHS,UN_IGME,True
SH_DYN_NMRT,CUB,Cuba,2010,2.82547551,2.47303,3.20076,BOTHSEX,<1M,G,C,PER_1000_LIVE_BIRTHS,UN_IGME,True
SH_DYN_NMRT,CUB,Cuba,2011,2.741338326,2.39831,3.11045,BOTHSEX,<1M,G,C,PER_1000_LIVE_BIRTHS,UN_IGME,True
SH_DYN_NMRT,CUB,Cuba,2012,2.663664994,2.32653,3.02747,BOTHSEX,<1M,G,C,PER_1000_LIVE_BIRTHS,UN_IGME,True
SH_DYN_NMRT,CUB,Cuba,2013,2.604670619,2.26938,2.96919,BOTHSEX,<1M,G,C,PER_1000_LIVE_BIRTHS,UN_IGME,True
SH_DYN_NMRT,CUB,Cuba,2014,2.573511627,2.23976,2.92671,BOTHSEX,<1M,G,C,PER_1000_LIVE_BIRTHS,UN_IGME,True
SH_DYN_NMRT,CUB,Cuba,2015,2.573757566,2.23921,2.92779,BOTHSEX,<1M,G,C,PER_1000_LIVE_BIRTHS,UN_IGME,True
SH_DYN_NMRT,CUB,Cuba,2016,2.612415175,2.28296,2.96304,BOTHSEX,<1M,G,C,PER_1000_LIVE_BIRTHS,UN_IGME,True
SH_DYN_NMRT,CUB,Cuba,2017,2.71194878,2.37644,3.06203,BOTHSEX,<1M,G,C,PER_1000_LIVE_BIRTHS,UN_IGME,True
SH_DYN_NMRT,CUB,Cuba,2018,2.893655185,2.55395,3.26739,BOTHSEX,<1M,G,C,PER_1000_LIVE_BIRTHS,UN_IGME,True
SH_DYN_NMRT,CUB,Cuba,2019,3.169102851,2.82924,3.55125,BOTHSEX,<1M,G,C,PER_1000_LIVE_BIRTHS,UN_IGME,True
SH_DYN_NMRT,CUB,Cuba,2020,3.494093723,3.13366,3.89234,BOTHSEX,<1M,G,C,PER_1000_LIVE_BIRTHS,UN_IGME,True
SH_DYN_NMRT,CUB,Cuba,2021,3.800498786,3.41162,4.23229,BOTHSEX,<1M,G,C,PER_1000_LIVE_BIRTHS,UN_IGME,True
SH_DYN_NMRT,CUB,Cuba,2022,4.051134477,3.61063,4.542,BOTHSEX,<1M,G,C,PER_1000_LIVE_BIRTHS,UN_IGME,True
SH_DYN_NMRT,CUB,Cuba,2023,4.20361351,3.69214,4.80326,BOTHSEX,<1M,G,C,PER_1000_LIVE_BIRTHS,UN_IGME,True
SH_DYN_NMRT,CUB,Cuba,2024,4.255370494,3.6357,5.01109,BOTHSEX,<1M,G,C,PER_1000_LIVE_BIRTHS,UN_IGME,True
SH_DYN_NMRT,DOM,Dominican Republic,2000,22.92696966,20.7399,25.2821,BOTHSEX,<1M,G,C,PER_1000_LIVE_BIRTHS,UN_IGME,True
SH_DYN_NMRT,DOM,Dominican Republic,2001,22.86989031,20.6736,25.2501,BOTHSEX,<1M,G,C,PER_1000_LIVE_BIRTHS,UN_IGME,True
SH_DYN_NMRT,DOM,Dominican Republic,2002,22.83253691,20.6352,25.2482,BOTHSEX,<1M,G,C,PER_1000_LIVE_BIRTHS,UN_IGME,True
SH_DYN_NMRT,DOM,Dominican Republic,2003,22.85707739,20.6721,25.2354,BOTHSEX,<1M,G,C,PER_1000_LIVE_BIRTHS,UN_IGME,True
SH_DYN_NMRT,DOM,Dominican Republic,2004,22.92765152,20.7437,25.3137,BOTHSEX,<1M,G,C,PER_1000_LIVE_BIRTHS,UN_IGME,True
SH_DYN_NMRT,DOM,Dominican Republic,2005,23.05373778,20.8571,25.4982,BOTHSEX,<1M,G,C,PER_1000_LIVE_BIRTHS,UN_IGME,True
SH_DYN_NMRT,DOM,Dominican Republic,2006,23.2484453,20.9925,25.7746,BOTHSEX,<1M,G,C,PER_1000_LIVE_BIRTHS,UN_IGME,True
SH_DYN_NMRT,DOM,Dominican Republic,2007,23.45731142,21.0718,26.1185,BOTHSEX,<1M,G,C,PER_1000_LIVE_BIRTHS,UN_IGME,True
SH_DYN_NMRT,DOM,Dominican Republic,2008,23.65300564,21.178,26.4526,BOTHSEX,<1M,G,C,PER_1000_LIVE_BIRTHS,UN_IGME,True
SH_DYN_NMRT,DOM,Dominican Republic,2009,23.81118801,21.2096,26.7237,BOTHSEX,<1M,G,C,PER_1000_LIVE_BIRTHS,UN_IGME,True
SH_DYN_NMRT,DOM,Dominican Republic,2010,23.95179785,21.2194,27.0378,BOTHSEX,<1M,G,C,PER_1000_LIVE_BIRTHS,UN_IGME,True
SH_DYN_NMRT,DOM,Dominican Republic,2011,24.08154595,21.1973,27.3132,BOTHSEX,<1M,G,C,PER_1000_LIVE_BIRTHS,UN_IGME,True
SH_DYN_NMRT,DOM,Dominican Republic,2012,24.1904698,21.0826,27.6655,BOTHSEX,<1M,G,C,PER_1000_LIVE_BIRTHS,UN_IGME,True
SH_DYN_NMRT,DOM,Dominican Republic,2013,24.2576165,20.8822,28.0439,BOTHSEX,<1M,G,C,PER_1000_LIVE_BIRTHS,UN_IGME,True
SH_DYN_NMRT,DOM,Dominican Republic,2014,24.31482577,20.6477,28.4815,BOTHSEX,<1M,G,C,PER_1000_LIVE_BIRTHS,UN_IGME,True
SH_DYN_NMRT,DOM,Dominican Republic,2015,24.36447709,20.3294,28.9288,BOTHSEX,<1M,G,C,PER_1000_LIVE_BIRTHS,UN_IGME,True
SH_DYN_NMRT,DOM,Dominican Republic,2016,24.40548337,20.0251,29.5465,BOTHSEX,<1M,G,C,PER_1000_LIVE_BIRTHS,UN_IGME,True
SH_DYN_NMRT,DOM,Dominican Republic,2017,24.38789119,19.6027,30.2018,BOTHSEX,<1M,G,C,PER_1000_LIVE_BIRTHS,UN_IGME,True
SH_DYN_NMRT,DOM,Dominican Republic,2018,24.23129492,19.0837,30.6201,BOTHSEX,<1M,G,C,PER_1000_LIVE_BIRTHS,UN_IGME,True
SH_DYN_NMRT,DOM,Dominican Republic,2019,23.91257739,18.3937,30.9925,BOTHSEX,<1M,G,C,PER_1000_LIVE_BIRTHS,UN_IGME,True
SH_DYN_NMRT,DOM,Dominican Republic,2020,23.47302395,17.6137,31.2815,BOTHSEX,<1M,G,C,PER_1000_LIVE_BIRTHS,UN_IGME,True
SH_DYN_NMRT,DOM,Dominican Republic,2021,22.9906118,16.844,31.543,BOTHSEX,<1M,G,C,PER_1000_LIVE_BIRTHS,UN_IGME,True
SH_DYN_NMRT,DOM,Dominican Republic,2022,22.47386624,15.9733,31.5947,BOTHSEX,<1M,G,C,PER_1000_LIVE_BIRTHS,UN_IGME,True
SH_DYN_NMRT,DOM,Dominican Republic,2023,21.82149941,15.0944,31.6956,BOTHSEX,<1M,G,C,PER_1000_LIVE_BIRTHS,UN_IGME,True
SH_DYN_NMRT,DOM,Dominican Republic,2024,21.24212299,14.2608,31.743,BOTHSEX,<1M,G,C,PER_1000_LIVE_BIRTHS,UN_IGME,True
SH_DYN_NMRT,ECU,Ecuador,2000,14.1469887,12.0749,16.5613,BOTHSEX,<1M,G,C,PER_1000_LIVE_BIRTHS,UN_IGME,True
SH_DYN_NMRT,ECU,Ecuador,2001,13.38351677,11.3808,15.6846,BOTHSEX,<1M,G,C,PER_1000_LIVE_BIRTHS,UN_IGME,True
SH_DYN_NMRT,ECU,Ecuador,2002,12.7370284,10.8063,14.9897,BOTHSEX,<1M,G,C,PER_1000_LIVE_BIRTHS,UN_IGME,True
SH_DYN_NMRT,ECU,Ecuador,2003,12.17348372,10.3208,14.3195,BOTHSEX,<1M,G,C,PER_1000_LIVE_BIRTHS,UN_IGME,True
SH_DYN_NMRT,ECU,Ecuador,2004,11.65281893,9.87063,13.7265,BOTHSEX,<1M,G,C,PER_1000_LIVE_BIRTHS,UN_IGME,True
SH_DYN_NMRT,ECU,Ecuador,2005,11.16719712,9.43091,13.1626,BOTHSEX,<1M,G,C,PER_1000_LIVE_BIRTHS,UN_IGME,True
SH_DYN_NMRT,ECU,Ecuador,2006,10.70134904,9.04109,12.6291,BOTHSEX,<1M,G,C,PER_1000_LIVE_BIRTHS,UN_IGME,True
SH_DYN_NMRT,ECU,Ecuador,2007,10.27028612,8.68699,12.0557,BOTHSEX,<1M,G,C,PER_1000_LIVE_BIRTHS,UN_IGME,True
SH_DYN_NMRT,ECU,Ecuador,2008,9.848852818,8.3448,11.4712,BOTHSEX,<1M,G,C,PER_1000_LIVE_BIRTHS,UN_IGME,True
SH_DYN_NMRT,ECU,Ecuador,2009,9.413589407,7.99869,10.9195,BOTHSEX,<1M,G,C,PER_1000_LIVE_BIRTHS,UN_IGME,True
SH_DYN_NMRT,ECU,Ecuador,2010,9.001025107,7.65551,10.3699,BOTHSEX,<1M,G,C,PER_1000_LIVE_BIRTHS,UN_IGME,True
SH_DYN_NMRT,ECU,Ecuador,2011,8.596853389,7.34976,9.83581,BOTHSEX,<1M,G,C,PER_1000_LIVE_BIRTHS,UN_IGME,True
SH_DYN_NMRT,ECU,Ecuador,2012,8.200803952,7.09496,9.31464,BOTHSEX,<1M,G,C,PER_1000_LIVE_BIRTHS,UN_IGME,True
SH_DYN_NMRT,ECU,Ecuador,2013,7.848744175,6.85681,8.80865,BOTHSEX,<1M,G,C,PER_1000_LIVE_BIRTHS,UN_IGME,True
SH_DYN_NMRT,ECU,Ecuador,2014,7.531370873,6.67178,8.35172,BOTHSEX,<1M,G,C,PER_1000_LIVE_BIRTHS,UN_IGME,True
SH_DYN_NMRT,ECU,Ecuador,2015,7.266765755,6.56189,7.94325,BOTHSEX,<1M,G,C,PER_1000_LIVE_BIRTHS,UN_IGME,True
SH_DYN_NMRT,ECU,Ecuador,2016,7.086217312,6.49393,7.64363,BOTHSEX,<1M,G,C,PER_1000_LIVE_BIRTHS,UN_IGME,True
SH_DYN_NMRT,ECU,Ecuador,2017,6.972812873,6.48212,7.45489,BOTHSEX,<1M,G,C,PER_1000_LIVE_BIRTHS,UN_IGME,True
SH_DYN_NMRT,ECU,Ecuador,2018,6.945076985,6.49564,7.39715,BOTHSEX,<1M,G,C,PER_1000_LIVE_BIRTHS,UN_IGME,True
SH_DYN_NMRT,ECU,Ecuador,2019,6.988559328,6.5184,7.47116,BOTHSEX,<1M,G,C,PER_1000_LIVE_BIRTHS,UN_IGME,True
SH_DYN_NMRT,ECU,Ecuador,2020,7.07345756,6.55434,7.61697,BOTHSEX,<1M,G,C,PER_1000_LIVE_BIRTHS,UN_IGME,True
SH_DYN_NMRT,ECU,Ecuador,2021,7.14546113,6.50905,7.81163,BOTHSEX,<1M,G,C,PER_1000_LIVE_BIRTHS,UN_IGME,True
SH_DYN_NMRT,ECU,Ecuador,2022,7.150948749,6.379,7.98058,BOTHSEX,<1M,G,C,PER_1000_LIVE_BIRTHS,UN_IGME,True
SH_DYN_NMRT,ECU,Ecuador,2023,7.088225459,6.1509,8.15003,BOTHSEX,<1M,G,C,PER_1000_LIVE_BIRTHS,UN_IGME,True
SH_DYN_NMRT,ECU,Ecuador,2024,6.994412157,5.8495,8.29284,BOTHSEX,<1M,G,C,PER_1000_LIVE_BIRTHS,UN_IGME,True
SH_DYN_NMRT,SLV,El Salvador,2000,14.50163817,12.8143,16.4949,BOTHSEX,<1M,G,C,PER_1000_LIVE_BIRTHS,UN_IGME,True
SH_DYN_NMRT,SLV,El Salvador,2001,13.64143617,12.0045,15.5291,BOTHSEX,<1M,G,C,PER_1000_LIVE_BIRTHS,UN_IGME,True
SH_DYN_NMRT,SLV,El Salvador,2002,12.84239138,11.2638,14.6914,BOTHSEX,<1M,G,C,PER_1000_LIVE_BIRTHS,UN_IGME,True
SH_DYN_NMRT,SLV,El Salvador,2003,12.10532668,10.5784,13.8851,BOTHSEX,<1M,G,C,PER_1000_LIVE_BIRTHS,UN_IGME,True
SH_DYN_NMRT,SLV,El Salvador,2004,11.42589964,9.94498,13.1367,BOTHSEX,<1M,G,C,PER_1000_LIVE_BIRTHS,UN_IGME,True
SH_DYN_NMRT,SLV,El Salvador,2005,10.79260805,9.34454,12.4507,BOTHSEX,<1M,G,C,PER_1000_LIVE_BIRTHS,UN_IGME,True
SH_DYN_NMRT,SLV,El Salvador,2006,10.20441796,8.77035,11.8645,BOTHSEX,<1M,G,C,PER_1000_LIVE_BIRTHS,UN_IGME,True
SH_DYN_NMRT,SLV,El Salvador,2007,9.66782212,8.27431,11.3493,BOTHSEX,<1M,G,C,PER_1000_LIVE_BIRTHS,UN_IGME,True
SH_DYN_NMRT,SLV,El Salvador,2008,9.176633148,7.79024,10.9085,BOTHSEX,<1M,G,C,PER_1000_LIVE_BIRTHS,UN_IGME,True
SH_DYN_NMRT,SLV,El Salvador,2009,8.716779034,7.30815,10.4668,BOTHSEX,<1M,G,C,PER_1000_LIVE_BIRTHS,UN_IGME,True
SH_DYN_NMRT,SLV,El Salvador,2010,8.283964411,6.85095,10.0564,BOTHSEX,<1M,G,C,PER_1000_LIVE_BIRTHS,UN_IGME,True
SH_DYN_NMRT,SLV,El Salvador,2011,7.881051256,6.41755,9.6947,BOTHSEX,<1M,G,C,PER_1000_LIVE_BIRTHS,UN_IGME,True
SH_DYN_NMRT,SLV,El Salvador,2012,7.49029836,6.00278,9.3661,BOTHSEX,<1M,G,C,PER_1000_LIVE_BIRTHS,UN_IGME,True
SH_DYN_NMRT,SLV,El Salvador,2013,7.103544262,5.58232,9.06707,BOTHSEX,<1M,G,C,PER_1000_LIVE_BIRTHS,UN_IGME,True
SH_DYN_NMRT,SLV,El Salvador,2014,6.742953926,5.16365,8.79877,BOTHSEX,<1M,G,C,PER_1000_LIVE_BIRTHS,UN_IGME,True
SH_DYN_NMRT,SLV,El Salvador,2015,6.402684209,4.77533,8.60437,BOTHSEX,<1M,G,C,PER_1000_LIVE_BIRTHS,UN_IGME,True
SH_DYN_NMRT,SLV,El Salvador,2016,6.094227135,4.41625,8.39841,BOTHSEX,<1M,G,C,PER_1000_LIVE_BIRTHS,UN_IGME,True
SH_DYN_NMRT,SLV,El Salvador,2017,5.807448619,4.06572,8.26858,BOTHSEX,<1M,G,C,PER_1000_LIVE_BIRTHS,UN_IGME,True
SH_DYN_NMRT,SLV,El Salvador,2018,5.531125622,3.77757,8.21111,BOTHSEX,<1M,G,C,PER_1000_LIVE_BIRTHS,UN_IGME,True
SH_DYN_NMRT,SLV,El Salvador,2019,5.284471049,3.4943,8.08672,BOTHSEX,<1M,G,C,PER_1000_LIVE_BIRTHS,UN_IGME,True
SH_DYN_NMRT,SLV,El Salvador,2020,5.051751578,3.25745,8.03545,BOTHSEX,<1M,G,C,PER_1000_LIVE_BIRTHS,UN_IGME,True
SH_DYN_NMRT,SLV,El Salvador,2021,4.854246097,3.05582,7.96493,BOTHSEX,<1M,G,C,PER_1000_LIVE_BIRTHS,UN_IGME,True
SH_DYN_NMRT,SLV,El Salvador,2022,4.655327277,2.87959,7.89891,BOTHSEX,<1M,G,C,PER_1000_LIVE_BIRTHS,UN_IGME,True
SH_DYN_NMRT,SLV,El Salvador,2023,4.496294383,2.71637,7.84143,BOTHSEX,<1M,G,C,PER_1000_LIVE_BIRTHS,UN_IGME,True
SH_DYN_NMRT,SLV,El Salvador,2024,4.335062829,2.555,7.78474,BOTHSEX,<1M,G,C,PER_1000_LIVE_BIRTHS,UN_IGME,True
SH_DYN_NMRT,GTM,Guatemala,2000,21.07270978,18.7767,23.5014,BOTHSEX,<1M,G,C,PER_1000_LIVE_BIRTHS,UN_IGME,True
SH_DYN_NMRT,GTM,Guatemala,2001,20.47187001,18.2343,22.8483,BOTHSEX,<1M,G,C,PER_1000_LIVE_BIRTHS,UN_IGME,True
SH_DYN_NMRT,GTM,Guatemala,2002,19.90240773,17.6997,22.2512,BOTHSEX,<1M,G,C,PER_1000_LIVE_BIRTHS,UN_IGME,True
SH_DYN_NMRT,GTM,Guatemala,2003,19.3691296,17.2018,21.6537,BOTHSEX,<1M,G,C,PER_1000_LIVE_BIRTHS,UN_IGME,True
SH_DYN_NMRT,GTM,Guatemala,2004,18.852981,16.7292,21.1702,BOTHSEX,<1M,G,C,PER_1000_LIVE_BIRTHS,UN_IGME,True
SH_DYN_NMRT,GTM,Guatemala,2005,18.38978313,16.2709,20.6839,BOTHSEX,<1M,G,C,PER_1000_LIVE_BIRTHS,UN_IGME,True
SH_DYN_NMRT,GTM,Guatemala,2006,17.9465683,15.8306,20.2206,BOTHSEX,<1M,G,C,PER_1000_LIVE_BIRTHS,UN_IGME,True
SH_DYN_NMRT,GTM,Guatemala,2007,17.52104816,15.4163,19.822,BOTHSEX,<1M,G,C,PER_1000_LIVE_BIRTHS,UN_IGME,True
SH_DYN_NMRT,GTM,Guatemala,2008,17.10244377,14.9727,19.4313,BOTHSEX,<1M,G,C,PER_1000_LIVE_BIRTHS,UN_IGME,True
SH_DYN_NMRT,GTM,Guatemala,2009,16.5594503,14.3988,18.9497,BOTHSEX,<1M,G,C,PER_1000_LIVE_BIRTHS,UN_IGME,True
SH_DYN_NMRT,GTM,Guatemala,2010,15.94369093,13.7379,18.3209,BOTHSEX,<1M,G,C,PER_1000_LIVE_BIRTHS,UN_IGME,True
SH_DYN_NMRT,GTM,Guatemala,2011,15.2978358,13.0963,17.744,BOTHSEX,<1M,G,C,PER_1000_LIVE_BIRTHS,UN_IGME,True
SH_DYN_NMRT,GTM,Guatemala,2012,14.67858024,12.4413,17.2097,BOTHSEX,<1M,G,C,PER_1000_LIVE_BIRTHS,UN_IGME,True
SH_DYN_NMRT,GTM,Guatemala,2013,14.08112083,11.781,16.7134,BOTHSEX,<1M,G,C,PER_1000_LIVE_BIRTHS,UN_IGME,True
SH_DYN_NMRT,GTM,Guatemala,2014,13.50261844,11.148,16.2303,BOTHSEX,<1M,G,C,PER_1000_LIVE_BIRTHS,UN_IGME,True
SH_DYN_NMRT,GTM,Guatemala,2015,12.99112825,10.5579,15.8289,BOTHSEX,<1M,G,C,PER_1000_LIVE_BIRTHS,UN_IGME,True
SH_DYN_NMRT,GTM,Guatemala,2016,12.51706058,9.98952,15.4611,BOTHSEX,<1M,G,C,PER_1000_LIVE_BIRTHS,UN_IGME,True
SH_DYN_NMRT,GTM,Guatemala,2017,12.06829122,9.44677,15.2301,BOTHSEX,<1M,G,C,PER_1000_LIVE_BIRTHS,UN_IGME,True
SH_DYN_NMRT,GTM,Guatemala,2018,11.64122273,8.92314,15.0402,BOTHSEX,<1M,G,C,PER_1000_LIVE_BIRTHS,UN_IGME,True
SH_DYN_NMRT,GTM,Guatemala,2019,11.24109385,8.40269,14.9574,BOTHSEX,<1M,G,C,PER_1000_LIVE_BIRTHS,UN_IGME,True
SH_DYN_NMRT,GTM,Guatemala,2020,10.86231654,7.87622,14.864,BOTHSEX,<1M,G,C,PER_1000_LIVE_BIRTHS,UN_IGME,True
SH_DYN_NMRT,GTM,Guatemala,2021,10.48010693,7.38996,14.7794,BOTHSEX,<1M,G,C,PER_1000_LIVE_BIRTHS,UN_IGME,True
SH_DYN_NMRT,GTM,Guatemala,2022,10.1043294,6.86775,14.7532,BOTHSEX,<1M,G,C,PER_1000_LIVE_BIRTHS,UN_IGME,True
SH_DYN_NMRT,GTM,Guatemala,2023,9.764936103,6.43461,14.6961,BOTHSEX,<1M,G,C,PER_1000_LIVE_BIRTHS,UN_IGME,True
SH_DYN_NMRT,GTM,Guatemala,2024,9.453338708,6.03752,14.7027,BOTHSEX,<1M,G,C,PER_1000_LIVE_BIRTHS,UN_IGME,True
SH_DYN_NMRT,HND,Honduras,2000,17.93364083,15.8323,20.1738,BOTHSEX,<1M,G,C,PER_1000_LIVE_BIRTHS,UN_IGME,True
SH_DYN_NMRT,HND,Honduras,2001,17.4063357,15.4126,19.5785,BOTHSEX,<1M,G,C,PER_1000_LIVE_BIRTHS,UN_IGME,True
SH_DYN_NMRT,HND,Honduras,2002,16.84597196,14.9059,18.9525,BOTHSEX,<1M,G,C,PER_1000_LIVE_BIRTHS,UN_IGME,True
SH_DYN_NMRT,HND,Honduras,2003,16.35212538,14.4286,18.3745,BOTHSEX,<1M,G,C,PER_1000_LIVE_BIRTHS,UN_IGME,True
SH_DYN_NMRT,HND,Honduras,2004,15.90255909,14.0436,17.9726,BOTHSEX,<1M,G,C,PER_1000_LIVE_BIRTHS,UN_IGME,True
SH_DYN_NMRT,HND,Honduras,2005,15.51496856,13.6848,17.5699,BOTHSEX,<1M,G,C,PER_1000_LIVE_BIRTHS,UN_IGME,True
SH_DYN_NMRT,HND,Honduras,2006,15.15611829,13.3651,17.17,BOTHSEX,<1M,G,C,PER_1000_LIVE_BIRTHS,UN_IGME,True
SH_DYN_NMRT,HND,Honduras,2007,14.79599694,12.991,16.8554,BOTHSEX,<1M,G,C,PER_1000_LIVE_BIRTHS,UN_IGME,True
SH_DYN_NMRT,HND,Honduras,2008,14.43429654,12.6272,16.5154,BOTHSEX,<1M,G,C,PER_1000_LIVE_BIRTHS,UN_IGME,True
SH_DYN_NMRT,HND,Honduras,2009,14.03970818,12.2316,16.152,BOTHSEX,<1M,G,C,PER_1000_LIVE_BIRTHS,UN_IGME,True
SH_DYN_NMRT,HND,Honduras,2010,13.63257487,11.8044,15.7951,BOTHSEX,<1M,G,C,PER_1000_LIVE_BIRTHS,UN_IGME,True
SH_DYN_NMRT,HND,Honduras,2011,13.19220413,11.3626,15.3625,BOTHSEX,<1M,G,C,PER_1000_LIVE_BIRTHS,UN_IGME,True
SH_DYN_NMRT,HND,Honduras,2012,12.75512383,10.8961,14.9746,BOTHSEX,<1M,G,C,PER_1000_LIVE_BIRTHS,UN_IGME,True
SH_DYN_NMRT,HND,Honduras,2013,12.32009538,10.4138,14.5897,BOTHSEX,<1M,G,C,PER_1000_LIVE_BIRTHS,UN_IGME,True
SH_DYN_NMRT,HND,Honduras,2014,11.88742707,9.93509,14.2648,BOTHSEX,<1M,G,C,PER_1000_LIVE_BIRTHS,UN_IGME,True
SH_DYN_NMRT,HND,Honduras,2015,11.46885254,9.48439,13.9411,BOTHSEX,<1M,G,C,PER_1000_LIVE_BIRTHS,UN_IGME,True
SH_DYN_NMRT,HND,Honduras,2016,11.05581649,9.02311,13.661,BOTHSEX,<1M,G,C,PER_1000_LIVE_BIRTHS,UN_IGME,True
SH_DYN_NMRT,HND,Honduras,2017,10.67468328,8.54872,13.4409,BOTHSEX,<1M,G,C,PER_1000_LIVE_BIRTHS,UN_IGME,True
SH_DYN_NMRT,HND,Honduras,2018,10.30727996,8.09909,13.2572,BOTHSEX,<1M,G,C,PER_1000_LIVE_BIRTHS,UN_IGME,True
SH_DYN_NMRT,HND,Honduras,2019,9.949602901,7.67468,13.0306,BOTHSEX,<1M,G,C,PER_1000_LIVE_BIRTHS,UN_IGME,True
SH_DYN_NMRT,HND,Honduras,2020,9.608812844,7.22195,12.8695,BOTHSEX,<1M,G,C,PER_1000_LIVE_BIRTHS,UN_IGME,True
SH_DYN_NMRT,HND,Honduras,2021,9.275997901,6.79238,12.719,BOTHSEX,<1M,G,C,PER_1000_LIVE_BIRTHS,UN_IGME,True
SH_DYN_NMRT,HND,Honduras,2022,8.960293987,6.3943,12.6295,BOTHSEX,<1M,G,C,PER_1000_LIVE_BIRTHS,UN_IGME,True
SH_DYN_NMRT,HND,Honduras,2023,8.669306359,6.02328,12.5754,BOTHSEX,<1M,G,C,PER_1000_LIVE_BIRTHS,UN_IGME,True
SH_DYN_NMRT,HND,Honduras,2024,8.399319126,5.63337,12.5124,BOTHSEX,<1M,G,C,PER_1000_LIVE_BIRTHS,UN_IGME,True
SH_DYN_NMRT,MEX,Mexico,2000,13.94214947,12.4323,15.5841,BOTHSEX,<1M,G,C,PER_1000_LIVE_BIRTHS,UN_IGME,True
SH_DYN_NMRT,MEX,Mexico,2001,12.96005473,11.6196,14.4514,BOTHSEX,<1M,G,C,PER_1000_LIVE_BIRTHS,UN_IGME,True
SH_DYN_NMRT,MEX,Mexico,2002,11.95465136,10.8414,13.2211,BOTHSEX,<1M,G,C,PER_1000_LIVE_BIRTHS,UN_IGME,True
SH_DYN_NMRT,MEX,Mexico,2003,10.98778907,10.1219,12.0033,BOTHSEX,<1M,G,C,PER_1000_LIVE_BIRTHS,UN_IGME,True
SH_DYN_NMRT,MEX,Mexico,2004,10.14993288,9.41414,11.0651,BOTHSEX,<1M,G,C,PER_1000_LIVE_BIRTHS,UN_IGME,True
SH_DYN_NMRT,MEX,Mexico,2005,9.514360014,8.84166,10.3651,BOTHSEX,<1M,G,C,PER_1000_LIVE_BIRTHS,UN_IGME,True
SH_DYN_NMRT,MEX,Mexico,2006,9.115417187,8.48012,9.91149,BOTHSEX,<1M,G,C,PER_1000_LIVE_BIRTHS,UN_IGME,True
SH_DYN_NMRT,MEX,Mexico,2007,8.980756114,8.37383,9.72796,BOTHSEX,<1M,G,C,PER_1000_LIVE_BIRTHS,UN_IGME,True
SH_DYN_NMRT,MEX,Mexico,2008,9.000576002,8.4057,9.71171,BOTHSEX,<1M,G,C,PER_1000_LIVE_BIRTHS,UN_IGME,True
SH_DYN_NMRT,MEX,Mexico,2009,9.003730294,8.41633,9.6888,BOTHSEX,<1M,G,C,PER_1000_LIVE_BIRTHS,UN_IGME,True
SH_DYN_NMRT,MEX,Mexico,2010,8.910411154,8.33685,9.5613,BOTHSEX,<1M,G,C,PER_1000_LIVE_BIRTHS,UN_IGME,True
SH_DYN_NMRT,MEX,Mexico,2011,8.776400455,8.2096,9.39761,BOTHSEX,<1M,G,C,PER_1000_LIVE_BIRTHS,UN_IGME,True
SH_DYN_NMRT,MEX,Mexico,2012,8.654053816,8.10463,9.25992,BOTHSEX,<1M,G,C,PER_1000_LIVE_BIRTHS,UN_IGME,True
SH_DYN_NMRT,MEX,Mexico,2013,8.560186572,8.02422,9.14507,BOTHSEX,<1M,G,C,PER_1000_LIVE_BIRTHS,UN_IGME,True
SH_DYN_NMRT,MEX,Mexico,2014,8.489971463,7.95505,9.05904,BOTHSEX,<1M,G,C,PER_1000_LIVE_BIRTHS,UN_IGME,True
SH_DYN_NMRT,MEX,Mexico,2015,8.473206934,7.92149,9.01586,BOTHSEX,<1M,G,C,PER_1000_LIVE_BIRTHS,UN_IGME,True
SH_DYN_NMRT,MEX,Mexico,2016,8.606934309,8.01012,9.15085,BOTHSEX,<1M,G,C,PER_1000_LIVE_BIRTHS,UN_IGME,True
SH_DYN_NMRT,MEX,Mexico,2017,8.950894944,8.28018,9.52569,BOTHSEX,<1M,G,C,PER_1000_LIVE_BIRTHS,UN_IGME,True
SH_DYN_NMRT,MEX,Mexico,2018,9.325029755,8.55784,10.0078,BOTHSEX,<1M,G,C,PER_1000_LIVE_BIRTHS,UN_IGME,True
SH_DYN_NMRT,MEX,Mexico,2019,9.488937985,8.59611,10.3409,BOTHSEX,<1M,G,C,PER_1000_LIVE_BIRTHS,UN_IGME,True
SH_DYN_NMRT,MEX,Mexico,2020,9.360452413,8.30067,10.4578,BOTHSEX,<1M,G,C,PER_1000_LIVE_BIRTHS,UN_IGME,True
SH_DYN_NMRT,MEX,Mexico,2021,9.075923152,7.77338,10.4772,BOTHSEX,<1M,G,C,PER_1000_LIVE_BIRTHS,UN_IGME,True
SH_DYN_NMRT,MEX,Mexico,2022,8.778500527,7.19637,10.5441,BOTHSEX,<1M,G,C,PER_1000_LIVE_BIRTHS,UN_IGME,True
SH_DYN_NMRT,MEX,Mexico,2023,8.493680534,6.51548,10.6785,BOTHSEX,<1M,G,C,PER_1000_LIVE_BIRTHS,UN_IGME,True
SH_DYN_NMRT,MEX,Mexico,2024,8.232530116,5.88143,10.8549,BOTHSEX,<1M,G,C,PER_1000_LIVE_BIRTHS,UN_IGME,True
SH_DYN_NMRT,NIC,Nicaragua,2000,16.40115778,14.1724,18.9915,BOTHSEX,<1M,G,C,PER_1000_LIVE_BIRTHS,UN_IGME,True
SH_DYN_NMRT,NIC,Nicaragua,2001,15.81183994,13.5675,18.3735,BOTHSEX,<1M,G,C,PER_1000_LIVE_BIRTHS,UN_IGME,True
SH_DYN_NMRT,NIC,Nicaragua,2002,15.30335844,13.0279,17.9734,BOTHSEX,<1M,G,C,PER_1000_LIVE_BIRTHS,UN_IGME,True
SH_DYN_NMRT,NIC,Nicaragua,2003,14.93786755,12.5916,17.7159,BOTHSEX,<1M,G,C,PER_1000_LIVE_BIRTHS,UN_IGME,True
SH_DYN_NMRT,NIC,Nicaragua,2004,14.62041669,12.237,17.4903,BOTHSEX,<1M,G,C,PER_1000_LIVE_BIRTHS,UN_IGME,True
SH_DYN_NMRT,NIC,Nicaragua,2005,14.38616751,11.8553,17.3992,BOTHSEX,<1M,G,C,PER_1000_LIVE_BIRTHS,UN_IGME,True
SH_DYN_NMRT,NIC,Nicaragua,2006,14.16268139,11.5386,17.2126,BOTHSEX,<1M,G,C,PER_1000_LIVE_BIRTHS,UN_IGME,True
SH_DYN_NMRT,NIC,Nicaragua,2007,13.9104791,11.2634,16.9939,BOTHSEX,<1M,G,C,PER_1000_LIVE_BIRTHS,UN_IGME,True
SH_DYN_NMRT,NIC,Nicaragua,2008,13.65845414,11.1097,16.7163,BOTHSEX,<1M,G,C,PER_1000_LIVE_BIRTHS,UN_IGME,True
SH_DYN_NMRT,NIC,Nicaragua,2009,13.37412125,10.9565,16.329,BOTHSEX,<1M,G,C,PER_1000_LIVE_BIRTHS,UN_IGME,True
SH_DYN_NMRT,NIC,Nicaragua,2010,13.06500798,10.8501,15.8067,BOTHSEX,<1M,G,C,PER_1000_LIVE_BIRTHS,UN_IGME,True
SH_DYN_NMRT,NIC,Nicaragua,2011,12.70424776,10.7594,15.1363,BOTHSEX,<1M,G,C,PER_1000_LIVE_BIRTHS,UN_IGME,True
SH_DYN_NMRT,NIC,Nicaragua,2012,12.26977087,10.6999,14.2731,BOTHSEX,<1M,G,C,PER_1000_LIVE_BIRTHS,UN_IGME,True
SH_DYN_NMRT,NIC,Nicaragua,2013,11.74783,10.5511,13.3154,BOTHSEX,<1M,G,C,PER_1000_LIVE_BIRTHS,UN_IGME,True
SH_DYN_NMRT,NIC,Nicaragua,2014,11.16469488,10.2836,12.2835,BOTHSEX,<1M,G,C,PER_1000_LIVE_BIRTHS,UN_IGME,True
SH_DYN_NMRT,NIC,Nicaragua,2015,10.51290658,9.84257,11.262,BOTHSEX,<1M,G,C,PER_1000_LIVE_BIRTHS,UN_IGME,True
SH_DYN_NMRT,NIC,Nicaragua,2016,9.813569037,9.27869,10.3783,BOTHSEX,<1M,G,C,PER_1000_LIVE_BIRTHS,UN_IGME,True
SH_DYN_NMRT,NIC,Nicaragua,2017,9.210480296,8.72999,9.69984,BOTHSEX,<1M,G,C,PER_1000_LIVE_BIRTHS,UN_IGME,True
SH_DYN_NMRT,NIC,Nicaragua,2018,8.833546559,8.36224,9.32706,BOTHSEX,<1M,G,C,PER_1000_LIVE_BIRTHS,UN_IGME,True
SH_DYN_NMRT,NIC,Nicaragua,2019,8.714264719,8.24484,9.2188,BOTHSEX,<1M,G,C,PER_1000_LIVE_BIRTHS,UN_IGME,True
SH_DYN_NMRT,NIC,Nicaragua,2020,8.643822828,8.15146,9.16709,BOTHSEX,<1M,G,C,PER_1000_LIVE_BIRTHS,UN_IGME,True
SH_DYN_NMRT,NIC,Nicaragua,2021,8.395776853,7.90778,8.91897,BOTHSEX,<1M,G,C,PER_1000_LIVE_BIRTHS,UN_IGME,True
SH_DYN_NMRT,NIC,Nicaragua,2022,7.936839735,7.39561,8.541,BOTHSEX,<1M,G,C,PER_1000_LIVE_BIRTHS,UN_IGME,True
SH_DYN_NMRT,NIC,Nicaragua,2023,7.096306453,6.48067,7.76869,BOTHSEX,<1M,G,C,PER_1000_LIVE_BIRTHS,UN_IGME,True
SH_DYN_NMRT,NIC,Nicaragua,2024,5.309939304,4.96402,5.68715,BOTHSEX,<1M,G,C,PER_1000_LIVE_BIRTHS,UN_IGME,True
SH_DYN_NMRT,PAN,Panama,2000,12.52105298,7.75646,17.8905,BOTHSEX,<1M,G,C,PER_1000_LIVE_BIRTHS,UN_IGME,True
SH_DYN_NMRT,PAN,Panama,2001,12.03927433,7.41379,17.2894,BOTHSEX,<1M,G,C,PER_1000_LIVE_BIRTHS,UN_IGME,True
SH_DYN_NMRT,PAN,Panama,2002,11.5762273,7.13133,16.643,BOTHSEX,<1M,G,C,PER_1000_LIVE_BIRTHS,UN_IGME,True
SH_DYN_NMRT,PAN,Panama,2003,11.11295611,6.86647,15.975,BOTHSEX,<1M,G,C,PER_1000_LIVE_BIRTHS,UN_IGME,True
SH_DYN_NMRT,PAN,Panama,2004,10.65141347,6.55522,15.3317,BOTHSEX,<1M,G,C,PER_1000_LIVE_BIRTHS,UN_IGME,True
SH_DYN_NMRT,PAN,Panama,2005,10.1726002,6.38719,14.6337,BOTHSEX,<1M,G,C,PER_1000_LIVE_BIRTHS,UN_IGME,True
SH_DYN_NMRT,PAN,Panama,2006,9.757078742,6.20355,13.9742,BOTHSEX,<1M,G,C,PER_1000_LIVE_BIRTHS,UN_IGME,True
SH_DYN_NMRT,PAN,Panama,2007,9.365151598,6.01175,13.3706,BOTHSEX,<1M,G,C,PER_1000_LIVE_BIRTHS,UN_IGME,True
SH_DYN_NMRT,PAN,Panama,2008,8.990267999,5.88486,12.6761,BOTHSEX,<1M,G,C,PER_1000_LIVE_BIRTHS,UN_IGME,True
SH_DYN_NMRT,PAN,Panama,2009,8.639711181,5.73609,12.0315,BOTHSEX,<1M,G,C,PER_1000_LIVE_BIRTHS,UN_IGME,True
SH_DYN_NMRT,PAN,Panama,2010,8.294512871,5.66438,11.2953,BOTHSEX,<1M,G,C,PER_1000_LIVE_BIRTHS,UN_IGME,True
SH_DYN_NMRT,PAN,Panama,2011,7.973202532,5.6515,10.6304,BOTHSEX,<1M,G,C,PER_1000_LIVE_BIRTHS,UN_IGME,True
SH_DYN_NMRT,PAN,Panama,2012,7.70263242,5.66967,9.94404,BOTHSEX,<1M,G,C,PER_1000_LIVE_BIRTHS,UN_IGME,True
SH_DYN_NMRT,PAN,Panama,2013,7.472161479,5.8064,9.25989,BOTHSEX,<1M,G,C,PER_1000_LIVE_BIRTHS,UN_IGME,True
SH_DYN_NMRT,PAN,Panama,2014,7.318808723,5.84412,8.8913,BOTHSEX,<1M,G,C,PER_1000_LIVE_BIRTHS,UN_IGME,True
SH_DYN_NMRT,PAN,Panama,2015,7.278577134,5.8707,8.78099,BOTHSEX,<1M,G,C,PER_1000_LIVE_BIRTHS,UN_IGME,True
SH_DYN_NMRT,PAN,Panama,2016,7.326938904,5.92185,8.83088,BOTHSEX,<1M,G,C,PER_1000_LIVE_BIRTHS,UN_IGME,True
SH_DYN_NMRT,PAN,Panama,2017,7.413529268,6.01508,8.90357,BOTHSEX,<1M,G,C,PER_1000_LIVE_BIRTHS,UN_IGME,True
SH_DYN_NMRT,PAN,Panama,2018,7.493838563,6.12623,8.91714,BOTHSEX,<1M,G,C,PER_1000_LIVE_BIRTHS,UN_IGME,True
SH_DYN_NMRT,PAN,Panama,2019,7.571920854,6.20165,8.93285,BOTHSEX,<1M,G,C,PER_1000_LIVE_BIRTHS,UN_IGME,True
SH_DYN_NMRT,PAN,Panama,2020,7.589559847,6.27846,8.91321,BOTHSEX,<1M,G,C,PER_1000_LIVE_BIRTHS,UN_IGME,True
SH_DYN_NMRT,PAN,Panama,2021,7.446023247,6.16146,8.79723,BOTHSEX,<1M,G,C,PER_1000_LIVE_BIRTHS,UN_IGME,True
SH_DYN_NMRT,PAN,Panama,2022,6.954208234,5.68237,8.30514,BOTHSEX,<1M,G,C,PER_1000_LIVE_BIRTHS,UN_IGME,True
SH_DYN_NMRT,PAN,Panama,2023,6.133381931,4.82054,7.47444,BOTHSEX,<1M,G,C,PER_1000_LIVE_BIRTHS,UN_IGME,True
SH_DYN_NMRT,PAN,Panama,2024,5.295360721,3.85627,6.82348,BOTHSEX,<1M,G,C,PER_1000_LIVE_BIRTHS,UN_IGME,True
SH_DYN_NMRT,PRY,Paraguay,2000,17.9770171,14.4304,22.2999,BOTHSEX,<1M,G,C,PER_1000_LIVE_BIRTHS,UN_IGME,True
SH_DYN_NMRT,PRY,Paraguay,2001,17.55981814,13.8901,22.1327,BOTHSEX,<1M,G,C,PER_1000_LIVE_BIRTHS,UN_IGME,True
SH_DYN_NMRT,PRY,Paraguay,2002,17.11149327,13.3455,22.0754,BOTHSEX,<1M,G,C,PER_1000_LIVE_BIRTHS,UN_IGME,True
SH_DYN_NMRT,PRY,Paraguay,2003,16.69152685,12.7447,22.1001,BOTHSEX,<1M,G,C,PER_1000_LIVE_BIRTHS,UN_IGME,True
SH_DYN_NMRT,PRY,Paraguay,2004,16.26801062,12.0923,22.0721,BOTHSEX,<1M,G,C,PER_1000_LIVE_BIRTHS,UN_IGME,True
SH_DYN_NMRT,PRY,Paraguay,2005,15.82057568,11.4675,22.2647,BOTHSEX,<1M,G,C,PER_1000_LIVE_BIRTHS,UN_IGME,True
SH_DYN_NMRT,PRY,Paraguay,2006,15.4029621,10.8409,22.3151,BOTHSEX,<1M,G,C,PER_1000_LIVE_BIRTHS,UN_IGME,True
SH_DYN_NMRT,PRY,Paraguay,2007,14.97182418,10.2285,22.1361,BOTHSEX,<1M,G,C,PER_1000_LIVE_BIRTHS,UN_IGME,True
SH_DYN_NMRT,PRY,Paraguay,2008,14.54901069,9.6623,21.9917,BOTHSEX,<1M,G,C,PER_1000_LIVE_BIRTHS,UN_IGME,True
SH_DYN_NMRT,PRY,Paraguay,2009,14.11979419,9.1633,21.7984,BOTHSEX,<1M,G,C,PER_1000_LIVE_BIRTHS,UN_IGME,True
SH_DYN_NMRT,PRY,Paraguay,2010,13.70455773,8.68981,21.7279,BOTHSEX,<1M,G,C,PER_1000_LIVE_BIRTHS,UN_IGME,True
SH_DYN_NMRT,PRY,Paraguay,2011,13.23772243,8.20453,21.5753,BOTHSEX,<1M,G,C,PER_1000_LIVE_BIRTHS,UN_IGME,True
SH_DYN_NMRT,PRY,Paraguay,2012,12.84985525,7.72584,21.4432,BOTHSEX,<1M,G,C,PER_1000_LIVE_BIRTHS,UN_IGME,True
SH_DYN_NMRT,PRY,Paraguay,2013,12.44608598,7.26114,21.2864,BOTHSEX,<1M,G,C,PER_1000_LIVE_BIRTHS,UN_IGME,True
SH_DYN_NMRT,PRY,Paraguay,2014,12.07825664,6.85596,21.1717,BOTHSEX,<1M,G,C,PER_1000_LIVE_BIRTHS,UN_IGME,True
SH_DYN_NMRT,PRY,Paraguay,2015,11.7166821,6.45858,21.1171,BOTHSEX,<1M,G,C,PER_1000_LIVE_BIRTHS,UN_IGME,True
SH_DYN_NMRT,PRY,Paraguay,2016,11.30963312,6.08549,21.0842,BOTHSEX,<1M,G,C,PER_1000_LIVE_BIRTHS,UN_IGME,True
SH_DYN_NMRT,PRY,Paraguay,2017,10.93353173,5.74919,20.9827,BOTHSEX,<1M,G,C,PER_1000_LIVE_BIRTHS,UN_IGME,True
SH_DYN_NMRT,PRY,Paraguay,2018,10.52250181,5.44258,20.7977,BOTHSEX,<1M,G,C,PER_1000_LIVE_BIRTHS,UN_IGME,True
SH_DYN_NMRT,PRY,Paraguay,2019,10.18191136,5.1242,20.7146,BOTHSEX,<1M,G,C,PER_1000_LIVE_BIRTHS,UN_IGME,True
SH_DYN_NMRT,PRY,Paraguay,2020,9.839400973,4.82987,20.5238,BOTHSEX,<1M,G,C,PER_1000_LIVE_BIRTHS,UN_IGME,True
SH_DYN_NMRT,PRY,Paraguay,2021,9.516320483,4.57603,20.397,BOTHSEX,<1M,G,C,PER_1000_LIVE_BIRTHS,UN_IGME,True
SH_DYN_NMRT,PRY,Paraguay,2022,9.195721943,4.31136,20.1549,BOTHSEX,<1M,G,C,PER_1000_LIVE_BIRTHS,UN_IGME,True
SH_DYN_NMRT,PRY,Paraguay,2023,8.90373868,4.04965,19.8783,BOTHSEX,<1M,G,C,PER_1000_LIVE_BIRTHS,UN_IGME,True
SH_DYN_NMRT,PRY,Paraguay,2024,8.589267443,3.84153,19.6783,BOTHSEX,<1M,G,C,PER_1000_LIVE_BIRTHS,UN_IGME,True
SH_DYN_NMRT,PER,Peru,2000,16.12931071,14.7978,17.4821,BOTHSEX,<1M,G,C,PER_1000_LIVE_BIRTHS,UN_IGME,True
SH_DYN_NMRT,PER,Peru,2001,15.2269178,13.9817,16.4846,BOTHSEX,<1M,G,C,PER_1000_LIVE_BIRTHS,UN_IGME,True
SH_DYN_NMRT,PER,Peru,2002,14.33360878,13.1659,15.4951,BOTHSEX,<1M,G,C,PER_1000_LIVE_BIRTHS,UN_IGME,True
SH_DYN_NMRT,PER,Peru,2003,13.57650182,12.487,14.6847,BOTHSEX,<1M,G,C,PER_1000_LIVE_BIRTHS,UN_IGME,True
SH_DYN_NMRT,PER,Peru,2004,12.9187401,11.9207,13.959,BOTHSEX,<1M,G,C,PER_1000_LIVE_BIRTHS,UN_IGME,True
SH_DYN_NMRT,PER,Peru,2005,12.30443194,11.3416,13.3219,BOTHSEX,<1M,G,C,PER_1000_LIVE_BIRTHS,UN_IGME,True
SH_DYN_NMRT,PER,Peru,2006,11.69556428,10.7819,12.6657,BOTHSEX,<1M,G,C,PER_1000_LIVE_BIRTHS,UN_IGME,True
SH_DYN_NMRT,PER,Peru,2007,11.11281383,10.2453,12.0183,BOTHSEX,<1M,G,C,PER_1000_LIVE_BIRTHS,UN_IGME,True
SH_DYN_NMRT,PER,Peru,2008,10.58572126,9.75795,11.4592,BOTHSEX,<1M,G,C,PER_1000_LIVE_BIRTHS,UN_IGME,True
SH_DYN_NMRT,PER,Peru,2009,10.1253797,9.33337,10.9584,BOTHSEX,<1M,G,C,PER_1000_LIVE_BIRTHS,UN_IGME,True
SH_DYN_NMRT,PER,Peru,2010,9.705267263,8.93303,10.5441,BOTHSEX,<1M,G,C,PER_1000_LIVE_BIRTHS,UN_IGME,True
SH_DYN_NMRT,PER,Peru,2011,9.317566113,8.56426,10.1493,BOTHSEX,<1M,G,C,PER_1000_LIVE_BIRTHS,UN_IGME,True
SH_DYN_NMRT,PER,Peru,2012,8.957193825,8.21503,9.78585,BOTHSEX,<1M,G,C,PER_1000_LIVE_BIRTHS,UN_IGME,True
SH_DYN_NMRT,PER,Peru,2013,8.649933043,7.88557,9.49161,BOTHSEX,<1M,G,C,PER_1000_LIVE_BIRTHS,UN_IGME,True
SH_DYN_NMRT,PER,Peru,2014,8.392631688,7.6099,9.26136,BOTHSEX,<1M,G,C,PER_1000_LIVE_BIRTHS,UN_IGME,True
SH_DYN_NMRT,PER,Peru,2015,8.180243963,7.36497,9.10434,BOTHSEX,<1M,G,C,PER_1000_LIVE_BIRTHS,UN_IGME,True
SH_DYN_NMRT,PER,Peru,2016,7.998452239,7.1214,8.98216,BOTHSEX,<1M,G,C,PER_1000_LIVE_BIRTHS,UN_IGME,True
SH_DYN_NMRT,PER,Peru,2017,7.836127326,6.87347,8.95249,BOTHSEX,<1M,G,C,PER_1000_LIVE_BIRTHS,UN_IGME,True
SH_DYN_NMRT,PER,Peru,2018,7.67327361,6.61423,8.94941,BOTHSEX,<1M,G,C,PER_1000_LIVE_BIRTHS,UN_IGME,True
SH_DYN_NMRT,PER,Peru,2019,7.50435891,6.31809,8.99331,BOTHSEX,<1M,G,C,PER_1000_LIVE_BIRTHS,UN_IGME,True
SH_DYN_NMRT,PER,Peru,2020,7.321557123,6.01849,9.01814,BOTHSEX,<1M,G,C,PER_1000_LIVE_BIRTHS,UN_IGME,True
SH_DYN_NMRT,PER,Peru,2021,7.128805366,5.7023,9.02701,BOTHSEX,<1M,G,C,PER_1000_LIVE_BIRTHS,UN_IGME,True
SH_DYN_NMRT,PER,Peru,2022,6.924236558,5.40473,9.02588,BOTHSEX,<1M,G,C,PER_1000_LIVE_BIRTHS,UN_IGME,True
SH_DYN_NMRT,PER,Peru,2023,6.723238051,5.09135,9.03979,BOTHSEX,<1M,G,C,PER_1000_LIVE_BIRTHS,UN_IGME,True
SH_DYN_NMRT,PER,Peru,2024,6.516554961,4.77986,9.03403,BOTHSEX,<1M,G,C,PER_1000_LIVE_BIRTHS,UN_IGME,True
SH_DYN_NMRT,URY,Uruguay,2000,8.469818729,7.88005,9.0599,BOTHSEX,<1M,G,C,PER_1000_LIVE_BIRTHS,UN_IGME,True
SH_DYN_NMRT,URY,Uruguay,2001,8.371479991,7.79334,8.94476,BOTHSEX,<1M,G,C,PER_1000_LIVE_BIRTHS,UN_IGME,True
SH_DYN_NMRT,URY,Uruguay,2002,8.234546456,7.67549,8.81579,BOTHSEX,<1M,G,C,PER_1000_LIVE_BIRTHS,UN_IGME,True
SH_DYN_NMRT,URY,Uruguay,2003,8.03034546,7.50722,8.56912,BOTHSEX,<1M,G,C,PER_1000_LIVE_BIRTHS,UN_IGME,True
SH_DYN_NMRT,URY,Uruguay,2004,7.71880936,7.19104,8.25882,BOTHSEX,<1M,G,C,PER_1000_LIVE_BIRTHS,UN_IGME,True
SH_DYN_NMRT,URY,Uruguay,2005,7.289207587,6.79045,7.79879,BOTHSEX,<1M,G,C,PER_1000_LIVE_BIRTHS,UN_IGME,True
SH_DYN_NMRT,URY,Uruguay,2006,6.754620936,6.27803,7.24975,BOTHSEX,<1M,G,C,PER_1000_LIVE_BIRTHS,UN_IGME,True
SH_DYN_NMRT,URY,Uruguay,2007,6.141195563,5.68906,6.61443,BOTHSEX,<1M,G,C,PER_1000_LIVE_BIRTHS,UN_IGME,True
SH_DYN_NMRT,URY,Uruguay,2008,5.531024833,5.11377,5.95283,BOTHSEX,<1M,G,C,PER_1000_LIVE_BIRTHS,UN_IGME,True
SH_DYN_NMRT,URY,Uruguay,2009,5.081011855,4.65835,5.51016,BOTHSEX,<1M,G,C,PER_1000_LIVE_BIRTHS,UN_IGME,True
SH_DYN_NMRT,URY,Uruguay,2010,4.902983102,4.49193,5.31876,BOTHSEX,<1M,G,C,PER_1000_LIVE_BIRTHS,UN_IGME,True
SH_DYN_NMRT,URY,Uruguay,2011,4.925582491,4.51785,5.32802,BOTHSEX,<1M,G,C,PER_1000_LIVE_BIRTHS,UN_IGME,True
SH_DYN_NMRT,URY,Uruguay,2012,4.99703033,4.60251,5.39711,BOTHSEX,<1M,G,C,PER_1000_LIVE_BIRTHS,UN_IGME,True
SH_DYN_NMRT,URY,Uruguay,2013,5.032029769,4.67956,5.40218,BOTHSEX,<1M,G,C,PER_1000_LIVE_BIRTHS,UN_IGME,True
SH_DYN_NMRT,URY,Uruguay,2014,5.026806549,4.67228,5.39337,BOTHSEX,<1M,G,C,PER_1000_LIVE_BIRTHS,UN_IGME,True
SH_DYN_NMRT,URY,Uruguay,2015,4.987498727,4.64092,5.32755,BOTHSEX,<1M,G,C,PER_1000_LIVE_BIRTHS,UN_IGME,True
SH_DYN_NMRT,URY,Uruguay,2016,4.925557565,4.58845,5.26014,BOTHSEX,<1M,G,C,PER_1000_LIVE_BIRTHS,UN_IGME,True
SH_DYN_NMRT,URY,Uruguay,2017,4.878748562,4.55229,5.21917,BOTHSEX,<1M,G,C,PER_1000_LIVE_BIRTHS,UN_IGME,True
SH_DYN_NMRT,URY,Uruguay,2018,4.848162108,4.53214,5.18238,BOTHSEX,<1M,G,C,PER_1000_LIVE_BIRTHS,UN_IGME,True
SH_DYN_NMRT,URY,Uruguay,2019,4.773613762,4.45308,5.11889,BOTHSEX,<1M,G,C,PER_1000_LIVE_BIRTHS,UN_IGME,True
SH_DYN_NMRT,URY,Uruguay,2020,4.608235606,4.28952,4.94335,BOTHSEX,<1M,G,C,PER_1000_LIVE_BIRTHS,UN_IGME,True
SH_DYN_NMRT,URY,Uruguay,2021,4.392289643,4.06693,4.71683,BOTHSEX,<1M,G,C,PER_1000_LIVE_BIRTHS,UN_IGME,True
SH_DYN_NMRT,URY,Uruguay,2022,4.205946821,3.85574,4.55816,BOTHSEX,<1M,G,C,PER_1000_LIVE_BIRTHS,UN_IGME,True
SH_DYN_NMRT,URY,Uruguay,2023,4.100143022,3.67548,4.53442,BOTHSEX,<1M,G,C,PER_1000_LIVE_BIRTHS,UN_IGME,True
SH_DYN_NMRT,URY,Uruguay,2024,4.048860776,3.46212,4.65192,BOTHSEX,<1M,G,C,PER_1000_LIVE_BIRTHS,UN_IGME,True
SH_DYN_NMRT,VEN,Venezuela,2000,10.81793975,10.2765,11.3555,BOTHSEX,<1M,G,C,PER_1000_LIVE_BIRTHS,UN_IGME,True
SH_DYN_NMRT,VEN,Venezuela,2001,10.27690696,9.7714,10.7893,BOTHSEX,<1M,G,C,PER_1000_LIVE_BIRTHS,UN_IGME,True
SH_DYN_NMRT,VEN,Venezuela,2002,9.852507221,9.35138,10.3514,BOTHSEX,<1M,G,C,PER_1000_LIVE_BIRTHS,UN_IGME,True
SH_DYN_NMRT,VEN,Venezuela,2003,9.87561848,9.39106,10.358,BOTHSEX,<1M,G,C,PER_1000_LIVE_BIRTHS,UN_IGME,True
SH_DYN_NMRT,VEN,Venezuela,2004,10.15013373,9.67316,10.6234,BOTHSEX,<1M,G,C,PER_1000_LIVE_BIRTHS,UN_IGME,True
SH_DYN_NMRT,VEN,Venezuela,2005,10.30515324,9.84116,10.7737,BOTHSEX,<1M,G,C,PER_1000_LIVE_BIRTHS,UN_IGME,True
SH_DYN_NMRT,VEN,Venezuela,2006,10.21237127,9.76395,10.6549,BOTHSEX,<1M,G,C,PER_1000_LIVE_BIRTHS,UN_IGME,True
SH_DYN_NMRT,VEN,Venezuela,2007,10.09848762,9.66012,10.5296,BOTHSEX,<1M,G,C,PER_1000_LIVE_BIRTHS,UN_IGME,True
SH_DYN_NMRT,VEN,Venezuela,2008,10.17212053,9.74349,10.5952,BOTHSEX,<1M,G,C,PER_1000_LIVE_BIRTHS,UN_IGME,True
SH_DYN_NMRT,VEN,Venezuela,2009,10.42083412,9.99689,10.8492,BOTHSEX,<1M,G,C,PER_1000_LIVE_BIRTHS,UN_IGME,True
SH_DYN_NMRT,VEN,Venezuela,2010,10.69546748,10.2678,11.1372,BOTHSEX,<1M,G,C,PER_1000_LIVE_BIRTHS,UN_IGME,True
SH_DYN_NMRT,VEN,Venezuela,2011,10.9019588,10.4782,11.3282,BOTHSEX,<1M,G,C,PER_1000_LIVE_BIRTHS,UN_IGME,True
SH_DYN_NMRT,VEN,Venezuela,2012,11.07834401,10.6448,11.5119,BOTHSEX,<1M,G,C,PER_1000_LIVE_BIRTHS,UN_IGME,True
SH_DYN_NMRT,VEN,Venezuela,2013,11.28776528,10.8389,11.7489,BOTHSEX,<1M,G,C,PER_1000_LIVE_BIRTHS,UN_IGME,True
SH_DYN_NMRT,VEN,Venezuela,2014,11.49230652,10.9725,12.0469,BOTHSEX,<1M,G,C,PER_1000_LIVE_BIRTHS,UN_IGME,True
SH_DYN_NMRT,VEN,Venezuela,2015,14.64771723,13.9501,15.4214,BOTHSEX,<1M,G,C,PER_1000_LIVE_BIRTHS,UN_IGME,True
SH_DYN_NMRT,VEN,Venezuela,2016,15.01062401,14.0452,16.1069,BOTHSEX,<1M,G,C,PER_1000_LIVE_BIRTHS,UN_IGME,True
SH_DYN_NMRT,VEN,Venezuela,2017,15.00626715,13.6753,16.5635,BOTHSEX,<1M,G,C,PER_1000_LIVE_BIRTHS,UN_IGME,True
SH_DYN_NMRT,VEN,Venezuela,2018,15.02266794,13.1433,17.2429,BOTHSEX,<1M,G,C,PER_1000_LIVE_BIRTHS,UN_IGME,True
SH_DYN_NMRT,VEN,Venezuela,2019,15.03015567,12.5069,18.1615,BOTHSEX,<1M,G,C,PER_1000_LIVE_BIRTHS,UN_IGME,True
SH_DYN_NMRT,VEN,Venezuela,2020,15.03608659,11.9149,19.1193,BOTHSEX,<1M,G,C,PER_1000_LIVE_BIRTHS,UN_IGME,True
SH_DYN_NMRT,VEN,Venezuela,2021,15.02712973,11.3728,20.0349,BOTHSEX,<1M,G,C,PER_1000_LIVE_BIRTHS,UN_IGME,True
SH_DYN_NMRT,VEN,Venezuela,2022,15.01281265,10.9123,20.989,BOTHSEX,<1M,G,C,PER_1000_LIVE_BIRTHS,UN_IGME,True
SH_DYN_NMRT,VEN,Venezuela,2023,15.02806824,10.4902,22.0262,BOTHSEX,<1M,G,C,PER_1000_LIVE_BIRTHS,UN_IGME,True
SH_DYN_NMRT,VEN,Venezuela,2024,15.02096878,10.0271,23.2227,BOTHSEX,<1M,G,C,PER_1000_LIVE_BIRTHS,UN_IGME,True
SH_TBS_INCD,ARG,Argentina,2000,49.0,40.0,59.0,_T,_T,G,G,PER_100000_POP,WHO Global Tuberculosis Report 2025 (https://www.who.int/teams/global-tuberculosis-programme/data),True
SH_TBS_INCD,ARG,Argentina,2001,46.0,38.0,56.0,_T,_T,G,G,PER_100000_POP,WHO Global Tuberculosis Report 2025 (https://www.who.int/teams/global-tuberculosis-programme/data),True
SH_TBS_INCD,ARG,Argentina,2002,45.0,37.0,55.0,_T,_T,G,G,PER_100000_POP,WHO Global Tuberculosis Report 2025 (https://www.who.int/teams/global-tuberculosis-programme/data),True
SH_TBS_INCD,ARG,Argentina,2003,41.0,34.0,50.0,_T,_T,G,G,PER_100000_POP,WHO Global Tuberculosis Report 2025 (https://www.who.int/teams/global-tuberculosis-programme/data),True
SH_TBS_INCD,ARG,Argentina,2004,42.0,34.0,51.0,_T,_T,G,G,PER_100000_POP,WHO Global Tuberculosis Report 2025 (https://www.who.int/teams/global-tuberculosis-programme/data),True
SH_TBS_INCD,ARG,Argentina,2005,38.0,31.0,46.0,_T,_T,G,G,PER_100000_POP,WHO Global Tuberculosis Report 2025 (https://www.who.int/teams/global-tuberculosis-programme/data),True
SH_TBS_INCD,ARG,Argentina,2006,34.0,28.0,41.0,_T,_T,G,G,PER_100000_POP,WHO Global Tuberculosis Report 2025 (https://www.who.int/teams/global-tuberculosis-programme/data),True
SH_TBS_INCD,ARG,Argentina,2007,35.0,29.0,42.0,_T,_T,G,G,PER_100000_POP,WHO Global Tuberculosis Report 2025 (https://www.who.int/teams/global-tuberculosis-programme/data),True
SH_TBS_INCD,ARG,Argentina,2008,31.0,25.0,37.0,_T,_T,G,G,PER_100000_POP,WHO Global Tuberculosis Report 2025 (https://www.who.int/teams/global-tuberculosis-programme/data),True
SH_TBS_INCD,ARG,Argentina,2009,25.0,21.0,31.0,_T,_T,G,G,PER_100000_POP,WHO Global Tuberculosis Report 2025 (https://www.who.int/teams/global-tuberculosis-programme/data),True
SH_TBS_INCD,ARG,Argentina,2010,24.0,19.0,29.0,_T,_T,G,G,PER_100000_POP,WHO Global Tuberculosis Report 2025 (https://www.who.int/teams/global-tuberculosis-programme/data),True
SH_TBS_INCD,ARG,Argentina,2011,31.0,25.0,37.0,_T,_T,G,G,PER_100000_POP,WHO Global Tuberculosis Report 2025 (https://www.who.int/teams/global-tuberculosis-programme/data),True
SH_TBS_INCD,ARG,Argentina,2012,27.0,22.0,33.0,_T,_T,G,G,PER_100000_POP,WHO Global Tuberculosis Report 2025 (https://www.who.int/teams/global-tuberculosis-programme/data),True
SH_TBS_INCD,ARG,Argentina,2013,27.0,22.0,33.0,_T,_T,G,G,PER_100000_POP,WHO Global Tuberculosis Report 2025 (https://www.who.int/teams/global-tuberculosis-programme/data),True
SH_TBS_INCD,ARG,Argentina,2014,27.0,22.0,33.0,_T,_T,G,G,PER_100000_POP,WHO Global Tuberculosis Report 2025 (https://www.who.int/teams/global-tuberculosis-programme/data),True
SH_TBS_INCD,ARG,Argentina,2015,28.0,23.0,34.0,_T,_T,G,G,PER_100000_POP,WHO Global Tuberculosis Report 2025 (https://www.who.int/teams/global-tuberculosis-programme/data),True
SH_TBS_INCD,ARG,Argentina,2016,30.0,25.0,36.0,_T,_T,G,G,PER_100000_POP,WHO Global Tuberculosis Report 2025 (https://www.who.int/teams/global-tuberculosis-programme/data),True
SH_TBS_INCD,ARG,Argentina,2017,29.0,24.0,36.0,_T,_T,G,G,PER_100000_POP,WHO Global Tuberculosis Report 2025 (https://www.who.int/teams/global-tuberculosis-programme/data),True
SH_TBS_INCD,ARG,Argentina,2018,30.0,24.0,36.0,_T,_T,G,G,PER_100000_POP,WHO Global Tuberculosis Report 2025 (https://www.who.int/teams/global-tuberculosis-programme/data),True
SH_TBS_INCD,ARG,Argentina,2019,33.0,27.0,40.0,_T,_T,G,G,PER_100000_POP,WHO Global Tuberculosis Report 2025 (https://www.who.int/teams/global-tuberculosis-programme/data),True
SH_TBS_INCD,ARG,Argentina,2020,27.0,22.0,32.0,_T,_T,G,G,PER_100000_POP,WHO Global Tuberculosis Report 2025 (https://www.who.int/teams/global-tuberculosis-programme/data),True
SH_TBS_INCD,ARG,Argentina,2021,34.0,27.0,41.0,_T,_T,G,G,PER_100000_POP,WHO Global Tuberculosis Report 2025 (https://www.who.int/teams/global-tuberculosis-programme/data),True
SH_TBS_INCD,ARG,Argentina,2022,35.0,28.0,42.0,_T,_T,G,G,PER_100000_POP,WHO Global Tuberculosis Report 2025 (https://www.who.int/teams/global-tuberculosis-programme/data),True
SH_TBS_INCD,ARG,Argentina,2023,39.0,32.0,47.0,_T,_T,G,G,PER_100000_POP,WHO Global Tuberculosis Report 2025 (https://www.who.int/teams/global-tuberculosis-programme/data),True
SH_TBS_INCD,ARG,Argentina,2024,44.0,36.0,53.0,_T,_T,G,G,PER_100000_POP,WHO Global Tuberculosis Report 2025 (https://www.who.int/teams/global-tuberculosis-programme/data),True
SH_TBS_INCD,BOL,Bolivia,2000,402.0,327.0,484.0,_T,_T,G,G,PER_100000_POP,WHO Global Tuberculosis Report 2025 (https://www.who.int/teams/global-tuberculosis-programme/data),True
SH_TBS_INCD,BOL,Bolivia,2001,382.0,311.0,461.0,_T,_T,G,G,PER_100000_POP,WHO Global Tuberculosis Report 2025 (https://www.who.int/teams/global-tuberculosis-programme/data),True
SH_TBS_INCD,BOL,Bolivia,2002,362.0,295.0,437.0,_T,_T,G,G,PER_100000_POP,WHO Global Tuberculosis Report 2025 (https://www.who.int/teams/global-tuberculosis-programme/data),True
SH_TBS_INCD,BOL,Bolivia,2003,342.0,278.0,412.0,_T,_T,G,G,PER_100000_POP,WHO Global Tuberculosis Report 2025 (https://www.who.int/teams/global-tuberculosis-programme/data),True
SH_TBS_INCD,BOL,Bolivia,2004,321.0,261.0,387.0,_T,_T,G,G,PER_100000_POP,WHO Global Tuberculosis Report 2025 (https://www.who.int/teams/global-tuberculosis-programme/data),True
SH_TBS_INCD,BOL,Bolivia,2005,300.0,244.0,362.0,_T,_T,G,G,PER_100000_POP,WHO Global Tuberculosis Report 2025 (https://www.who.int/teams/global-tuberculosis-programme/data),True
SH_TBS_INCD,BOL,Bolivia,2006,279.0,227.0,337.0,_T,_T,G,G,PER_100000_POP,WHO Global Tuberculosis Report 2025 (https://www.who.int/teams/global-tuberculosis-programme/data),True
SH_TBS_INCD,BOL,Bolivia,2007,257.0,209.0,310.0,_T,_T,G,G,PER_100000_POP,WHO Global Tuberculosis Report 2025 (https://www.who.int/teams/global-tuberculosis-programme/data),True
SH_TBS_INCD,BOL,Bolivia,2008,235.0,191.0,283.0,_T,_T,G,G,PER_100000_POP,WHO Global Tuberculosis Report 2025 (https://www.who.int/teams/global-tuberculosis-programme/data),True
SH_TBS_INCD,BOL,Bolivia,2009,214.0,174.0,257.0,_T,_T,G,G,PER_100000_POP,WHO Global Tuberculosis Report 2025 (https://www.who.int/teams/global-tuberculosis-programme/data),True
SH_TBS_INCD,BOL,Bolivia,2010,195.0,158.0,235.0,_T,_T,G,G,PER_100000_POP,WHO Global Tuberculosis Report 2025 (https://www.who.int/teams/global-tuberculosis-programme/data),True
SH_TBS_INCD,BOL,Bolivia,2011,177.0,144.0,213.0,_T,_T,G,G,PER_100000_POP,WHO Global Tuberculosis Report 2025 (https://www.who.int/teams/global-tuberculosis-programme/data),True
SH_TBS_INCD,BOL,Bolivia,2012,161.0,131.0,194.0,_T,_T,G,G,PER_100000_POP,WHO Global Tuberculosis Report 2025 (https://www.who.int/teams/global-tuberculosis-programme/data),True
SH_TBS_INCD,BOL,Bolivia,2013,147.0,119.0,177.0,_T,_T,G,G,PER_100000_POP,WHO Global Tuberculosis Report 2025 (https://www.who.int/teams/global-tuberculosis-programme/data),True
SH_TBS_INCD,BOL,Bolivia,2014,134.0,109.0,162.0,_T,_T,G,G,PER_100000_POP,WHO Global Tuberculosis Report 2025 (https://www.who.int/teams/global-tuberculosis-programme/data),True
SH_TBS_INCD,BOL,Bolivia,2015,123.0,100.0,148.0,_T,_T,G,G,PER_100000_POP,WHO Global Tuberculosis Report 2025 (https://www.who.int/teams/global-tuberculosis-programme/data),True
SH_TBS_INCD,BOL,Bolivia,2016,113.0,92.0,136.0,_T,_T,G,G,PER_100000_POP,WHO Global Tuberculosis Report 2025 (https://www.who.int/teams/global-tuberculosis-programme/data),True
SH_TBS_INCD,BOL,Bolivia,2017,104.0,85.0,126.0,_T,_T,G,G,PER_100000_POP,WHO Global Tuberculosis Report 2025 (https://www.who.int/teams/global-tuberculosis-programme/data),True
SH_TBS_INCD,BOL,Bolivia,2018,98.0,80.0,119.0,_T,_T,G,G,PER_100000_POP,WHO Global Tuberculosis Report 2025 (https://www.who.int/teams/global-tuberculosis-programme/data),True
SH_TBS_INCD,BOL,Bolivia,2019,95.0,78.0,115.0,_T,_T,G,G,PER_100000_POP,WHO Global Tuberculosis Report 2025 (https://www.who.int/teams/global-tuberculosis-programme/data),True
SH_TBS_INCD,BOL,Bolivia,2020,94.0,77.0,114.0,_T,_T,G,G,PER_100000_POP,WHO Global Tuberculosis Report 2025 (https://www.who.int/teams/global-tuberculosis-programme/data),True
SH_TBS_INCD,BOL,Bolivia,2021,96.0,78.0,115.0,_T,_T,G,G,PER_100000_POP,WHO Global Tuberculosis Report 2025 (https://www.who.int/teams/global-tuberculosis-programme/data),True
SH_TBS_INCD,BOL,Bolivia,2022,99.0,81.0,120.0,_T,_T,G,G,PER_100000_POP,WHO Global Tuberculosis Report 2025 (https://www.who.int/teams/global-tuberculosis-programme/data),True
SH_TBS_INCD,BOL,Bolivia,2023,105.0,86.0,127.0,_T,_T,G,G,PER_100000_POP,WHO Global Tuberculosis Report 2025 (https://www.who.int/teams/global-tuberculosis-programme/data),True
SH_TBS_INCD,BOL,Bolivia,2024,114.0,93.0,137.0,_T,_T,G,G,PER_100000_POP,WHO Global Tuberculosis Report 2025 (https://www.who.int/teams/global-tuberculosis-programme/data),True
SH_TBS_INCD,BRA,Brazil,2000,49.0,40.0,59.0,_T,_T,G,G,PER_100000_POP,WHO Global Tuberculosis Report 2025 (https://www.who.int/teams/global-tuberculosis-programme/data),True
SH_TBS_INCD,BRA,Brazil,2001,46.0,37.0,55.0,_T,_T,G,G,PER_100000_POP,WHO Global Tuberculosis Report 2025 (https://www.who.int/teams/global-tuberculosis-programme/data),True
SH_TBS_INCD,BRA,Brazil,2002,50.0,40.0,60.0,_T,_T,G,G,PER_100000_POP,WHO Global Tuberculosis Report 2025 (https://www.who.int/teams/global-tuberculosis-programme/data),True
SH_TBS_INCD,BRA,Brazil,2003,51.0,41.0,61.0,_T,_T,G,G,PER_100000_POP,WHO Global Tuberculosis Report 2025 (https://www.who.int/teams/global-tuberculosis-programme/data),True
SH_TBS_INCD,BRA,Brazil,2004,52.0,42.0,62.0,_T,_T,G,G,PER_100000_POP,WHO Global Tuberculosis Report 2025 (https://www.who.int/teams/global-tuberculosis-programme/data),True
SH_TBS_INCD,BRA,Brazil,2005,48.0,39.0,57.0,_T,_T,G,G,PER_100000_POP,WHO Global Tuberculosis Report 2025 (https://www.who.int/teams/global-tuberculosis-programme/data),True
SH_TBS_INCD,BRA,Brazil,2006,44.0,36.0,53.0,_T,_T,G,G,PER_100000_POP,WHO Global Tuberculosis Report 2025 (https://www.who.int/teams/global-tuberculosis-programme/data),True
SH_TBS_INCD,BRA,Brazil,2007,44.0,35.0,52.0,_T,_T,G,G,PER_100000_POP,WHO Global Tuberculosis Report 2025 (https://www.who.int/teams/global-tuberculosis-programme/data),True
SH_TBS_INCD,BRA,Brazil,2008,44.0,36.0,53.0,_T,_T,G,G,PER_100000_POP,WHO Global Tuberculosis Report 2025 (https://www.who.int/teams/global-tuberculosis-programme/data),True
SH_TBS_INCD,BRA,Brazil,2009,43.0,35.0,52.0,_T,_T,G,G,PER_100000_POP,WHO Global Tuberculosis Report 2025 (https://www.who.int/teams/global-tuberculosis-programme/data),True
SH_TBS_INCD,BRA,Brazil,2010,42.0,34.0,51.0,_T,_T,G,G,PER_100000_POP,WHO Global Tuberculosis Report 2025 (https://www.who.int/teams/global-tuberculosis-programme/data),True
SH_TBS_INCD,BRA,Brazil,2011,42.0,35.0,51.0,_T,_T,G,G,PER_100000_POP,WHO Global Tuberculosis Report 2025 (https://www.who.int/teams/global-tuberculosis-programme/data),True
SH_TBS_INCD,BRA,Brazil,2012,42.0,34.0,51.0,_T,_T,G,G,PER_100000_POP,WHO Global Tuberculosis Report 2025 (https://www.who.int/teams/global-tuberculosis-programme/data),True
SH_TBS_INCD,BRA,Brazil,2013,42.0,35.0,51.0,_T,_T,G,G,PER_100000_POP,WHO Global Tuberculosis Report 2025 (https://www.who.int/teams/global-tuberculosis-programme/data),True
SH_TBS_INCD,BRA,Brazil,2014,41.0,34.0,50.0,_T,_T,G,G,PER_100000_POP,WHO Global Tuberculosis Report 2025 (https://www.who.int/teams/global-tuberculosis-programme/data),True
SH_TBS_INCD,BRA,Brazil,2015,41.0,33.0,50.0,_T,_T,G,G,PER_100000_POP,WHO Global Tuberculosis Report 2025 (https://www.who.int/teams/global-tuberculosis-programme/data),True
SH_TBS_INCD,BRA,Brazil,2016,41.0,34.0,50.0,_T,_T,G,G,PER_100000_POP,WHO Global Tuberculosis Report 2025 (https://www.who.int/teams/global-tuberculosis-programme/data),True
SH_TBS_INCD,BRA,Brazil,2017,43.0,35.0,52.0,_T,_T,G,G,PER_100000_POP,WHO Global Tuberculosis Report 2025 (https://www.who.int/teams/global-tuberculosis-programme/data),True
SH_TBS_INCD,BRA,Brazil,2018,45.0,37.0,54.0,_T,_T,G,G,PER_100000_POP,WHO Global Tuberculosis Report 2025 (https://www.who.int/teams/global-tuberculosis-programme/data),True
SH_TBS_INCD,BRA,Brazil,2019,45.0,37.0,55.0,_T,_T,G,G,PER_100000_POP,WHO Global Tuberculosis Report 2025 (https://www.who.int/teams/global-tuberculosis-programme/data),True
SH_TBS_INCD,BRA,Brazil,2020,45.0,37.0,54.0,_T,_T,G,G,PER_100000_POP,WHO Global Tuberculosis Report 2025 (https://www.who.int/teams/global-tuberculosis-programme/data),True
SH_TBS_INCD,BRA,Brazil,2021,47.0,38.0,56.0,_T,_T,G,G,PER_100000_POP,WHO Global Tuberculosis Report 2025 (https://www.who.int/teams/global-tuberculosis-programme/data),True
SH_TBS_INCD,BRA,Brazil,2022,49.0,40.0,60.0,_T,_T,G,G,PER_100000_POP,WHO Global Tuberculosis Report 2025 (https://www.who.int/teams/global-tuberculosis-programme/data),True
SH_TBS_INCD,BRA,Brazil,2023,49.0,40.0,61.0,_T,_T,G,G,PER_100000_POP,WHO Global Tuberculosis Report 2025 (https://www.who.int/teams/global-tuberculosis-programme/data),True
SH_TBS_INCD,BRA,Brazil,2024,49.0,40.0,61.0,_T,_T,G,G,PER_100000_POP,WHO Global Tuberculosis Report 2025 (https://www.who.int/teams/global-tuberculosis-programme/data),True
SH_TBS_INCD,CHL,Chile,2000,33.0,27.0,39.0,_T,_T,G,G,PER_100000_POP,WHO Global Tuberculosis Report 2025 (https://www.who.int/teams/global-tuberculosis-programme/data),True
SH_TBS_INCD,CHL,Chile,2001,31.0,25.0,37.0,_T,_T,G,G,PER_100000_POP,WHO Global Tuberculosis Report 2025 (https://www.who.int/teams/global-tuberculosis-programme/data),True
SH_TBS_INCD,CHL,Chile,2002,24.0,20.0,29.0,_T,_T,G,G,PER_100000_POP,WHO Global Tuberculosis Report 2025 (https://www.who.int/teams/global-tuberculosis-programme/data),True
SH_TBS_INCD,CHL,Chile,2003,21.0,17.0,25.0,_T,_T,G,G,PER_100000_POP,WHO Global Tuberculosis Report 2025 (https://www.who.int/teams/global-tuberculosis-programme/data),True
SH_TBS_INCD,CHL,Chile,2004,24.0,20.0,29.0,_T,_T,G,G,PER_100000_POP,WHO Global Tuberculosis Report 2025 (https://www.who.int/teams/global-tuberculosis-programme/data),True
SH_TBS_INCD,CHL,Chile,2005,22.0,18.0,26.0,_T,_T,G,G,PER_100000_POP,WHO Global Tuberculosis Report 2025 (https://www.who.int/teams/global-tuberculosis-programme/data),True
SH_TBS_INCD,CHL,Chile,2006,21.0,17.0,26.0,_T,_T,G,G,PER_100000_POP,WHO Global Tuberculosis Report 2025 (https://www.who.int/teams/global-tuberculosis-programme/data),True
SH_TBS_INCD,CHL,Chile,2007,20.0,16.0,24.0,_T,_T,G,G,PER_100000_POP,WHO Global Tuberculosis Report 2025 (https://www.who.int/teams/global-tuberculosis-programme/data),True
SH_TBS_INCD,CHL,Chile,2008,20.0,16.0,24.0,_T,_T,G,G,PER_100000_POP,WHO Global Tuberculosis Report 2025 (https://www.who.int/teams/global-tuberculosis-programme/data),True
SH_TBS_INCD,CHL,Chile,2009,19.0,16.0,23.0,_T,_T,G,G,PER_100000_POP,WHO Global Tuberculosis Report 2025 (https://www.who.int/teams/global-tuberculosis-programme/data),True
SH_TBS_INCD,CHL,Chile,2010,19.0,15.0,22.0,_T,_T,G,G,PER_100000_POP,WHO Global Tuberculosis Report 2025 (https://www.who.int/teams/global-tuberculosis-programme/data),True
SH_TBS_INCD,CHL,Chile,2011,19.0,15.0,23.0,_T,_T,G,G,PER_100000_POP,WHO Global Tuberculosis Report 2025 (https://www.who.int/teams/global-tuberculosis-programme/data),True
SH_TBS_INCD,CHL,Chile,2012,18.0,15.0,22.0,_T,_T,G,G,PER_100000_POP,WHO Global Tuberculosis Report 2025 (https://www.who.int/teams/global-tuberculosis-programme/data),True
SH_TBS_INCD,CHL,Chile,2013,18.0,14.0,21.0,_T,_T,G,G,PER_100000_POP,WHO Global Tuberculosis Report 2025 (https://www.who.int/teams/global-tuberculosis-programme/data),True
SH_TBS_INCD,CHL,Chile,2014,17.0,14.0,21.0,_T,_T,G,G,PER_100000_POP,WHO Global Tuberculosis Report 2025 (https://www.who.int/teams/global-tuberculosis-programme/data),True
SH_TBS_INCD,CHL,Chile,2015,18.0,15.0,22.0,_T,_T,G,G,PER_100000_POP,WHO Global Tuberculosis Report 2025 (https://www.who.int/teams/global-tuberculosis-programme/data),True
SH_TBS_INCD,CHL,Chile,2016,17.0,14.0,21.0,_T,_T,G,G,PER_100000_POP,WHO Global Tuberculosis Report 2025 (https://www.who.int/teams/global-tuberculosis-programme/data),True
SH_TBS_INCD,CHL,Chile,2017,18.0,15.0,22.0,_T,_T,G,G,PER_100000_POP,WHO Global Tuberculosis Report 2025 (https://www.who.int/teams/global-tuberculosis-programme/data),True
SH_TBS_INCD,CHL,Chile,2018,19.0,16.0,23.0,_T,_T,G,G,PER_100000_POP,WHO Global Tuberculosis Report 2025 (https://www.who.int/teams/global-tuberculosis-programme/data),True
SH_TBS_INCD,CHL,Chile,2019,19.0,15.0,22.0,_T,_T,G,G,PER_100000_POP,WHO Global Tuberculosis Report 2025 (https://www.who.int/teams/global-tuberculosis-programme/data),True
SH_TBS_INCD,CHL,Chile,2020,15.0,12.0,18.0,_T,_T,G,G,PER_100000_POP,WHO Global Tuberculosis Report 2025 (https://www.who.int/teams/global-tuberculosis-programme/data),True
SH_TBS_INCD,CHL,Chile,2021,17.0,13.0,20.0,_T,_T,G,G,PER_100000_POP,WHO Global Tuberculosis Report 2025 (https://www.who.int/teams/global-tuberculosis-programme/data),True
SH_TBS_INCD,CHL,Chile,2022,18.0,15.0,22.0,_T,_T,G,G,PER_100000_POP,WHO Global Tuberculosis Report 2025 (https://www.who.int/teams/global-tuberculosis-programme/data),True
SH_TBS_INCD,CHL,Chile,2023,20.0,16.0,24.0,_T,_T,G,G,PER_100000_POP,WHO Global Tuberculosis Report 2025 (https://www.who.int/teams/global-tuberculosis-programme/data),True
SH_TBS_INCD,CHL,Chile,2024,19.0,16.0,23.0,_T,_T,G,G,PER_100000_POP,WHO Global Tuberculosis Report 2025 (https://www.who.int/teams/global-tuberculosis-programme/data),True
SH_TBS_INCD,COL,Colombia,2000,70.0,57.0,84.0,_T,_T,G,G,PER_100000_POP,WHO Global Tuberculosis Report 2025 (https://www.who.int/teams/global-tuberculosis-programme/data),True
SH_TBS_INCD,COL,Colombia,2001,64.0,52.0,77.0,_T,_T,G,G,PER_100000_POP,WHO Global Tuberculosis Report 2025 (https://www.who.int/teams/global-tuberculosis-programme/data),True
SH_TBS_INCD,COL,Colombia,2002,59.0,48.0,71.0,_T,_T,G,G,PER_100000_POP,WHO Global Tuberculosis Report 2025 (https://www.who.int/teams/global-tuberculosis-programme/data),True
SH_TBS_INCD,COL,Colombia,2003,56.0,46.0,67.0,_T,_T,G,G,PER_100000_POP,WHO Global Tuberculosis Report 2025 (https://www.who.int/teams/global-tuberculosis-programme/data),True
SH_TBS_INCD,COL,Colombia,2004,51.0,41.0,61.0,_T,_T,G,G,PER_100000_POP,WHO Global Tuberculosis Report 2025 (https://www.who.int/teams/global-tuberculosis-programme/data),True
SH_TBS_INCD,COL,Colombia,2005,44.0,36.0,53.0,_T,_T,G,G,PER_100000_POP,WHO Global Tuberculosis Report 2025 (https://www.who.int/teams/global-tuberculosis-programme/data),True
SH_TBS_INCD,COL,Colombia,2006,45.0,37.0,54.0,_T,_T,G,G,PER_100000_POP,WHO Global Tuberculosis Report 2025 (https://www.who.int/teams/global-tuberculosis-programme/data),True
SH_TBS_INCD,COL,Colombia,2007,43.0,35.0,52.0,_T,_T,G,G,PER_100000_POP,WHO Global Tuberculosis Report 2025 (https://www.who.int/teams/global-tuberculosis-programme/data),True
SH_TBS_INCD,COL,Colombia,2008,43.0,35.0,52.0,_T,_T,G,G,PER_100000_POP,WHO Global Tuberculosis Report 2025 (https://www.who.int/teams/global-tuberculosis-programme/data),True
SH_TBS_INCD,COL,Colombia,2009,41.0,34.0,50.0,_T,_T,G,G,PER_100000_POP,WHO Global Tuberculosis Report 2025 (https://www.who.int/teams/global-tuberculosis-programme/data),True
SH_TBS_INCD,COL,Colombia,2010,40.0,33.0,48.0,_T,_T,G,G,PER_100000_POP,WHO Global Tuberculosis Report 2025 (https://www.who.int/teams/global-tuberculosis-programme/data),True
SH_TBS_INCD,COL,Colombia,2011,40.0,32.0,48.0,_T,_T,G,G,PER_100000_POP,WHO Global Tuberculosis Report 2025 (https://www.who.int/teams/global-tuberculosis-programme/data),True
SH_TBS_INCD,COL,Colombia,2012,39.0,31.0,47.0,_T,_T,G,G,PER_100000_POP,WHO Global Tuberculosis Report 2025 (https://www.who.int/teams/global-tuberculosis-programme/data),True
SH_TBS_INCD,COL,Colombia,2013,36.0,29.0,43.0,_T,_T,G,G,PER_100000_POP,WHO Global Tuberculosis Report 2025 (https://www.who.int/teams/global-tuberculosis-programme/data),True
SH_TBS_INCD,COL,Colombia,2014,34.0,28.0,41.0,_T,_T,G,G,PER_100000_POP,WHO Global Tuberculosis Report 2025 (https://www.who.int/teams/global-tuberculosis-programme/data),True
SH_TBS_INCD,COL,Colombia,2015,33.0,27.0,40.0,_T,_T,G,G,PER_100000_POP,WHO Global Tuberculosis Report 2025 (https://www.who.int/teams/global-tuberculosis-programme/data),True
SH_TBS_INCD,COL,Colombia,2016,34.0,28.0,41.0,_T,_T,G,G,PER_100000_POP,WHO Global Tuberculosis Report 2025 (https://www.who.int/teams/global-tuberculosis-programme/data),True
SH_TBS_INCD,COL,Colombia,2017,34.0,28.0,41.0,_T,_T,G,G,PER_100000_POP,WHO Global Tuberculosis Report 2025 (https://www.who.int/teams/global-tuberculosis-programme/data),True
SH_TBS_INCD,COL,Colombia,2018,34.0,28.0,41.0,_T,_T,G,G,PER_100000_POP,WHO Global Tuberculosis Report 2025 (https://www.who.int/teams/global-tuberculosis-programme/data),True
SH_TBS_INCD,COL,Colombia,2019,36.0,29.0,44.0,_T,_T,G,G,PER_100000_POP,WHO Global Tuberculosis Report 2025 (https://www.who.int/teams/global-tuberculosis-programme/data),True
SH_TBS_INCD,COL,Colombia,2020,39.0,32.0,47.0,_T,_T,G,G,PER_100000_POP,WHO Global Tuberculosis Report 2025 (https://www.who.int/teams/global-tuberculosis-programme/data),True
SH_TBS_INCD,COL,Colombia,2021,41.0,34.0,50.0,_T,_T,G,G,PER_100000_POP,WHO Global Tuberculosis Report 2025 (https://www.who.int/teams/global-tuberculosis-programme/data),True
SH_TBS_INCD,COL,Colombia,2022,44.0,36.0,53.0,_T,_T,G,G,PER_100000_POP,WHO Global Tuberculosis Report 2025 (https://www.who.int/teams/global-tuberculosis-programme/data),True
SH_TBS_INCD,COL,Colombia,2023,46.0,38.0,56.0,_T,_T,G,G,PER_100000_POP,WHO Global Tuberculosis Report 2025 (https://www.who.int/teams/global-tuberculosis-programme/data),True
SH_TBS_INCD,COL,Colombia,2024,49.0,40.0,59.0,_T,_T,G,G,PER_100000_POP,WHO Global Tuberculosis Report 2025 (https://www.who.int/teams/global-tuberculosis-programme/data),True
SH_TBS_INCD,CRI,Costa Rica,2000,25.0,20.0,30.0,_T,_T,G,G,PER_100000_POP,WHO Global Tuberculosis Report 2025 (https://www.who.int/teams/global-tuberculosis-programme/data),True
SH_TBS_INCD,CRI,Costa Rica,2001,26.0,21.0,31.0,_T,_T,G,G,PER_100000_POP,WHO Global Tuberculosis Report 2025 (https://www.who.int/teams/global-tuberculosis-programme/data),True
SH_TBS_INCD,CRI,Costa Rica,2002,21.0,17.0,26.0,_T,_T,G,G,PER_100000_POP,WHO Global Tuberculosis Report 2025 (https://www.who.int/teams/global-tuberculosis-programme/data),True
SH_TBS_INCD,CRI,Costa Rica,2003,21.0,17.0,25.0,_T,_T,G,G,PER_100000_POP,WHO Global Tuberculosis Report 2025 (https://www.who.int/teams/global-tuberculosis-programme/data),True
SH_TBS_INCD,CRI,Costa Rica,2004,26.0,21.0,31.0,_T,_T,G,G,PER_100000_POP,WHO Global Tuberculosis Report 2025 (https://www.who.int/teams/global-tuberculosis-programme/data),True
SH_TBS_INCD,CRI,Costa Rica,2005,19.0,15.0,23.0,_T,_T,G,G,PER_100000_POP,WHO Global Tuberculosis Report 2025 (https://www.who.int/teams/global-tuberculosis-programme/data),True
SH_TBS_INCD,CRI,Costa Rica,2006,17.0,13.0,20.0,_T,_T,G,G,PER_100000_POP,WHO Global Tuberculosis Report 2025 (https://www.who.int/teams/global-tuberculosis-programme/data),True
SH_TBS_INCD,CRI,Costa Rica,2007,18.0,15.0,22.0,_T,_T,G,G,PER_100000_POP,WHO Global Tuberculosis Report 2025 (https://www.who.int/teams/global-tuberculosis-programme/data),True
SH_TBS_INCD,CRI,Costa Rica,2008,16.0,13.0,19.0,_T,_T,G,G,PER_100000_POP,WHO Global Tuberculosis Report 2025 (https://www.who.int/teams/global-tuberculosis-programme/data),True
SH_TBS_INCD,CRI,Costa Rica,2009,14.0,11.0,16.0,_T,_T,G,G,PER_100000_POP,WHO Global Tuberculosis Report 2025 (https://www.who.int/teams/global-tuberculosis-programme/data),True
SH_TBS_INCD,CRI,Costa Rica,2010,15.0,12.0,18.0,_T,_T,G,G,PER_100000_POP,WHO Global Tuberculosis Report 2025 (https://www.who.int/teams/global-tuberculosis-programme/data),True
SH_TBS_INCD,CRI,Costa Rica,2011,15.0,12.0,18.0,_T,_T,G,G,PER_100000_POP,WHO Global Tuberculosis Report 2025 (https://www.who.int/teams/global-tuberculosis-programme/data),True
SH_TBS_INCD,CRI,Costa Rica,2012,14.0,11.0,16.0,_T,_T,G,G,PER_100000_POP,WHO Global Tuberculosis Report 2025 (https://www.who.int/teams/global-tuberculosis-programme/data),True
SH_TBS_INCD,CRI,Costa Rica,2013,12.0,9.4,14.0,_T,_T,G,G,PER_100000_POP,WHO Global Tuberculosis Report 2025 (https://www.who.int/teams/global-tuberculosis-programme/data),True
SH_TBS_INCD,CRI,Costa Rica,2014,13.0,10.0,15.0,_T,_T,G,G,PER_100000_POP,WHO Global Tuberculosis Report 2025 (https://www.who.int/teams/global-tuberculosis-programme/data),True
SH_TBS_INCD,CRI,Costa Rica,2015,12.0,9.4,14.0,_T,_T,G,G,PER_100000_POP,WHO Global Tuberculosis Report 2025 (https://www.who.int/teams/global-tuberculosis-programme/data),True
SH_TBS_INCD,CRI,Costa Rica,2016,9.6,7.8,12.0,_T,_T,G,G,PER_100000_POP,WHO Global Tuberculosis Report 2025 (https://www.who.int/teams/global-tuberculosis-programme/data),True
SH_TBS_INCD,CRI,Costa Rica,2017,9.6,7.8,12.0,_T,_T,G,G,PER_100000_POP,WHO Global Tuberculosis Report 2025 (https://www.who.int/teams/global-tuberculosis-programme/data),True
SH_TBS_INCD,CRI,Costa Rica,2018,10.0,8.1,12.0,_T,_T,G,G,PER_100000_POP,WHO Global Tuberculosis Report 2025 (https://www.who.int/teams/global-tuberculosis-programme/data),True
SH_TBS_INCD,CRI,Costa Rica,2019,9.9,8.1,12.0,_T,_T,G,G,PER_100000_POP,WHO Global Tuberculosis Report 2025 (https://www.who.int/teams/global-tuberculosis-programme/data),True
SH_TBS_INCD,CRI,Costa Rica,2020,9.7,7.8,12.0,_T,_T,G,G,PER_100000_POP,WHO Global Tuberculosis Report 2025 (https://www.who.int/teams/global-tuberculosis-programme/data),True
SH_TBS_INCD,CRI,Costa Rica,2021,9.8,7.8,12.0,_T,_T,G,G,PER_100000_POP,WHO Global Tuberculosis Report 2025 (https://www.who.int/teams/global-tuberculosis-programme/data),True
SH_TBS_INCD,CRI,Costa Rica,2022,9.8,7.8,12.0,_T,_T,G,G,PER_100000_POP,WHO Global Tuberculosis Report 2025 (https://www.who.int/teams/global-tuberculosis-programme/data),True
SH_TBS_INCD,CRI,Costa Rica,2023,9.5,7.6,12.0,_T,_T,G,G,PER_100000_POP,WHO Global Tuberculosis Report 2025 (https://www.who.int/teams/global-tuberculosis-programme/data),True
SH_TBS_INCD,CRI,Costa Rica,2024,9.3,7.5,11.0,_T,_T,G,G,PER_100000_POP,WHO Global Tuberculosis Report 2025 (https://www.who.int/teams/global-tuberculosis-programme/data),True
SH_TBS_INCD,CUB,Cuba,2000,23.0,19.0,27.0,_T,_T,G,G,PER_100000_POP,WHO Global Tuberculosis Report 2025 (https://www.who.int/teams/global-tuberculosis-programme/data),True
SH_TBS_INCD,CUB,Cuba,2001,16.0,13.0,20.0,_T,_T,G,G,PER_100000_POP,WHO Global Tuberculosis Report 2025 (https://www.who.int/teams/global-tuberculosis-programme/data),True
SH_TBS_INCD,CUB,Cuba,2002,15.0,12.0,18.0,_T,_T,G,G,PER_100000_POP,WHO Global Tuberculosis Report 2025 (https://www.who.int/teams/global-tuberculosis-programme/data),True
SH_TBS_INCD,CUB,Cuba,2003,13.0,11.0,16.0,_T,_T,G,G,PER_100000_POP,WHO Global Tuberculosis Report 2025 (https://www.who.int/teams/global-tuberculosis-programme/data),True
SH_TBS_INCD,CUB,Cuba,2004,11.0,9.2,14.0,_T,_T,G,G,PER_100000_POP,WHO Global Tuberculosis Report 2025 (https://www.who.int/teams/global-tuberculosis-programme/data),True
SH_TBS_INCD,CUB,Cuba,2005,10.0,8.5,13.0,_T,_T,G,G,PER_100000_POP,WHO Global Tuberculosis Report 2025 (https://www.who.int/teams/global-tuberculosis-programme/data),True
SH_TBS_INCD,CUB,Cuba,2006,10.0,8.2,12.0,_T,_T,G,G,PER_100000_POP,WHO Global Tuberculosis Report 2025 (https://www.who.int/teams/global-tuberculosis-programme/data),True
SH_TBS_INCD,CUB,Cuba,2007,9.8,7.9,12.0,_T,_T,G,G,PER_100000_POP,WHO Global Tuberculosis Report 2025 (https://www.who.int/teams/global-tuberculosis-programme/data),True
SH_TBS_INCD,CUB,Cuba,2008,10.0,8.3,12.0,_T,_T,G,G,PER_100000_POP,WHO Global Tuberculosis Report 2025 (https://www.who.int/teams/global-tuberculosis-programme/data),True
SH_TBS_INCD,CUB,Cuba,2009,8.6,7.0,10.0,_T,_T,G,G,PER_100000_POP,WHO Global Tuberculosis Report 2025 (https://www.who.int/teams/global-tuberculosis-programme/data),True
SH_TBS_INCD,CUB,Cuba,2010,9.8,7.9,12.0,_T,_T,G,G,PER_100000_POP,WHO Global Tuberculosis Report 2025 (https://www.who.int/teams/global-tuberculosis-programme/data),True
SH_TBS_INCD,CUB,Cuba,2011,9.3,7.6,11.0,_T,_T,G,G,PER_100000_POP,WHO Global Tuberculosis Report 2025 (https://www.who.int/teams/global-tuberculosis-programme/data),True
SH_TBS_INCD,CUB,Cuba,2012,8.3,6.8,10.0,_T,_T,G,G,PER_100000_POP,WHO Global Tuberculosis Report 2025 (https://www.who.int/teams/global-tuberculosis-programme/data),True
SH_TBS_INCD,CUB,Cuba,2013,8.4,6.9,10.0,_T,_T,G,G,PER_100000_POP,WHO Global Tuberculosis Report 2025 (https://www.who.int/teams/global-tuberculosis-programme/data),True
SH_TBS_INCD,CUB,Cuba,2014,8.0,6.5,9.6,_T,_T,G,G,PER_100000_POP,WHO Global Tuberculosis Report 2025 (https://www.who.int/teams/global-tuberculosis-programme/data),True
SH_TBS_INCD,CUB,Cuba,2015,7.5,6.1,9.1,_T,_T,G,G,PER_100000_POP,WHO Global Tuberculosis Report 2025 (https://www.who.int/teams/global-tuberculosis-programme/data),True
SH_TBS_INCD,CUB,Cuba,2016,7.3,5.9,8.8,_T,_T,G,G,PER_100000_POP,WHO Global Tuberculosis Report 2025 (https://www.who.int/teams/global-tuberculosis-programme/data),True
SH_TBS_INCD,CUB,Cuba,2017,7.6,6.2,9.1,_T,_T,G,G,PER_100000_POP,WHO Global Tuberculosis Report 2025 (https://www.who.int/teams/global-tuberculosis-programme/data),True
SH_TBS_INCD,CUB,Cuba,2018,7.6,6.2,9.2,_T,_T,G,G,PER_100000_POP,WHO Global Tuberculosis Report 2025 (https://www.who.int/teams/global-tuberculosis-programme/data),True
SH_TBS_INCD,CUB,Cuba,2019,6.8,5.6,8.2,_T,_T,G,G,PER_100000_POP,WHO Global Tuberculosis Report 2025 (https://www.who.int/teams/global-tuberculosis-programme/data),True
SH_TBS_INCD,CUB,Cuba,2020,6.2,5.0,7.5,_T,_T,G,G,PER_100000_POP,WHO Global Tuberculosis Report 2025 (https://www.who.int/teams/global-tuberculosis-programme/data),True
SH_TBS_INCD,CUB,Cuba,2021,5.4,4.4,6.5,_T,_T,G,G,PER_100000_POP,WHO Global Tuberculosis Report 2025 (https://www.who.int/teams/global-tuberculosis-programme/data),True
SH_TBS_INCD,CUB,Cuba,2022,7.7,6.3,9.3,_T,_T,G,G,PER_100000_POP,WHO Global Tuberculosis Report 2025 (https://www.who.int/teams/global-tuberculosis-programme/data),True
SH_TBS_INCD,CUB,Cuba,2023,8.1,6.6,9.8,_T,_T,G,G,PER_100000_POP,WHO Global Tuberculosis Report 2025 (https://www.who.int/teams/global-tuberculosis-programme/data),True
SH_TBS_INCD,CUB,Cuba,2024,11.0,9.3,14.0,_T,_T,G,G,PER_100000_POP,WHO Global Tuberculosis Report 2025 (https://www.who.int/teams/global-tuberculosis-programme/data),True
SH_TBS_INCD,DOM,Dominican Republic,2000,145.0,118.0,175.0,_T,_T,G,G,PER_100000_POP,WHO Global Tuberculosis Report 2025 (https://www.who.int/teams/global-tuberculosis-programme/data),True
SH_TBS_INCD,DOM,Dominican Republic,2001,124.0,101.0,150.0,_T,_T,G,G,PER_100000_POP,WHO Global Tuberculosis Report 2025 (https://www.who.int/teams/global-tuberculosis-programme/data),True
SH_TBS_INCD,DOM,Dominican Republic,2002,100.0,82.0,121.0,_T,_T,G,G,PER_100000_POP,WHO Global Tuberculosis Report 2025 (https://www.who.int/teams/global-tuberculosis-programme/data),True
SH_TBS_INCD,DOM,Dominican Republic,2003,113.0,92.0,137.0,_T,_T,G,G,PER_100000_POP,WHO Global Tuberculosis Report 2025 (https://www.who.int/teams/global-tuberculosis-programme/data),True
SH_TBS_INCD,DOM,Dominican Republic,2004,103.0,84.0,124.0,_T,_T,G,G,PER_100000_POP,WHO Global Tuberculosis Report 2025 (https://www.who.int/teams/global-tuberculosis-programme/data),True
SH_TBS_INCD,DOM,Dominican Republic,2005,108.0,88.0,130.0,_T,_T,G,G,PER_100000_POP,WHO Global Tuberculosis Report 2025 (https://www.who.int/teams/global-tuberculosis-programme/data),True
SH_TBS_INCD,DOM,Dominican Republic,2006,92.0,74.0,110.0,_T,_T,G,G,PER_100000_POP,WHO Global Tuberculosis Report 2025 (https://www.who.int/teams/global-tuberculosis-programme/data),True
SH_TBS_INCD,DOM,Dominican Republic,2007,78.0,63.0,94.0,_T,_T,G,G,PER_100000_POP,WHO Global Tuberculosis Report 2025 (https://www.who.int/teams/global-tuberculosis-programme/data),True
SH_TBS_INCD,DOM,Dominican Republic,2008,75.0,61.0,90.0,_T,_T,G,G,PER_100000_POP,WHO Global Tuberculosis Report 2025 (https://www.who.int/teams/global-tuberculosis-programme/data),True
SH_TBS_INCD,DOM,Dominican Republic,2009,70.0,57.0,84.0,_T,_T,G,G,PER_100000_POP,WHO Global Tuberculosis Report 2025 (https://www.who.int/teams/global-tuberculosis-programme/data),True
SH_TBS_INCD,DOM,Dominican Republic,2010,61.0,50.0,73.0,_T,_T,G,G,PER_100000_POP,WHO Global Tuberculosis Report 2025 (https://www.who.int/teams/global-tuberculosis-programme/data),True
SH_TBS_INCD,DOM,Dominican Republic,2011,64.0,52.0,77.0,_T,_T,G,G,PER_100000_POP,WHO Global Tuberculosis Report 2025 (https://www.who.int/teams/global-tuberculosis-programme/data),True
SH_TBS_INCD,DOM,Dominican Republic,2012,61.0,50.0,74.0,_T,_T,G,G,PER_100000_POP,WHO Global Tuberculosis Report 2025 (https://www.who.int/teams/global-tuberculosis-programme/data),True
SH_TBS_INCD,DOM,Dominican Republic,2013,62.0,51.0,75.0,_T,_T,G,G,PER_100000_POP,WHO Global Tuberculosis Report 2025 (https://www.who.int/teams/global-tuberculosis-programme/data),True
SH_TBS_INCD,DOM,Dominican Republic,2014,60.0,49.0,72.0,_T,_T,G,G,PER_100000_POP,WHO Global Tuberculosis Report 2025 (https://www.who.int/teams/global-tuberculosis-programme/data),True
SH_TBS_INCD,DOM,Dominican Republic,2015,59.0,48.0,71.0,_T,_T,G,G,PER_100000_POP,WHO Global Tuberculosis Report 2025 (https://www.who.int/teams/global-tuberculosis-programme/data),True
SH_TBS_INCD,DOM,Dominican Republic,2016,55.0,45.0,66.0,_T,_T,G,G,PER_100000_POP,WHO Global Tuberculosis Report 2025 (https://www.who.int/teams/global-tuberculosis-programme/data),True
SH_TBS_INCD,DOM,Dominican Republic,2017,50.0,40.0,60.0,_T,_T,G,G,PER_100000_POP,WHO Global Tuberculosis Report 2025 (https://www.who.int/teams/global-tuberculosis-programme/data),True
SH_TBS_INCD,DOM,Dominican Republic,2018,49.0,40.0,59.0,_T,_T,G,G,PER_100000_POP,WHO Global Tuberculosis Report 2025 (https://www.who.int/teams/global-tuberculosis-programme/data),True
SH_TBS_INCD,DOM,Dominican Republic,2019,45.0,36.0,54.0,_T,_T,G,G,PER_100000_POP,WHO Global Tuberculosis Report 2025 (https://www.who.int/teams/global-tuberculosis-programme/data),True
SH_TBS_INCD,DOM,Dominican Republic,2020,46.0,37.0,55.0,_T,_T,G,G,PER_100000_POP,WHO Global Tuberculosis Report 2025 (https://www.who.int/teams/global-tuberculosis-programme/data),True
SH_TBS_INCD,DOM,Dominican Republic,2021,47.0,38.0,57.0,_T,_T,G,G,PER_100000_POP,WHO Global Tuberculosis Report 2025 (https://www.who.int/teams/global-tuberculosis-programme/data),True
SH_TBS_INCD,DOM,Dominican Republic,2022,49.0,39.0,59.0,_T,_T,G,G,PER_100000_POP,WHO Global Tuberculosis Report 2025 (https://www.who.int/teams/global-tuberculosis-programme/data),True
SH_TBS_INCD,DOM,Dominican Republic,2023,50.0,41.0,60.0,_T,_T,G,G,PER_100000_POP,WHO Global Tuberculosis Report 2025 (https://www.who.int/teams/global-tuberculosis-programme/data),True
SH_TBS_INCD,DOM,Dominican Republic,2024,51.0,42.0,62.0,_T,_T,G,G,PER_100000_POP,WHO Global Tuberculosis Report 2025 (https://www.who.int/teams/global-tuberculosis-programme/data),True
SH_TBS_INCD,ECU,Ecuador,2000,124.0,101.0,150.0,_T,_T,G,G,PER_100000_POP,WHO Global Tuberculosis Report 2025 (https://www.who.int/teams/global-tuberculosis-programme/data),True
SH_TBS_INCD,ECU,Ecuador,2001,103.0,84.0,124.0,_T,_T,G,G,PER_100000_POP,WHO Global Tuberculosis Report 2025 (https://www.who.int/teams/global-tuberculosis-programme/data),True
SH_TBS_INCD,ECU,Ecuador,2002,95.0,77.0,114.0,_T,_T,G,G,PER_100000_POP,WHO Global Tuberculosis Report 2025 (https://www.who.int/teams/global-tuberculosis-programme/data),True
SH_TBS_INCD,ECU,Ecuador,2003,105.0,86.0,127.0,_T,_T,G,G,PER_100000_POP,WHO Global Tuberculosis Report 2025 (https://www.who.int/teams/global-tuberculosis-programme/data),True
SH_TBS_INCD,ECU,Ecuador,2004,93.0,76.0,112.0,_T,_T,G,G,PER_100000_POP,WHO Global Tuberculosis Report 2025 (https://www.who.int/teams/global-tuberculosis-programme/data),True
SH_TBS_INCD,ECU,Ecuador,2005,62.0,51.0,75.0,_T,_T,G,G,PER_100000_POP,WHO Global Tuberculosis Report 2025 (https://www.who.int/teams/global-tuberculosis-programme/data),True
SH_TBS_INCD,ECU,Ecuador,2006,60.0,49.0,73.0,_T,_T,G,G,PER_100000_POP,WHO Global Tuberculosis Report 2025 (https://www.who.int/teams/global-tuberculosis-programme/data),True
SH_TBS_INCD,ECU,Ecuador,2007,60.0,49.0,72.0,_T,_T,G,G,PER_100000_POP,WHO Global Tuberculosis Report 2025 (https://www.who.int/teams/global-tuberculosis-programme/data),True
SH_TBS_INCD,ECU,Ecuador,2008,56.0,45.0,67.0,_T,_T,G,G,PER_100000_POP,WHO Global Tuberculosis Report 2025 (https://www.who.int/teams/global-tuberculosis-programme/data),True
SH_TBS_INCD,ECU,Ecuador,2009,51.0,42.0,62.0,_T,_T,G,G,PER_100000_POP,WHO Global Tuberculosis Report 2025 (https://www.who.int/teams/global-tuberculosis-programme/data),True
SH_TBS_INCD,ECU,Ecuador,2010,49.0,40.0,60.0,_T,_T,G,G,PER_100000_POP,WHO Global Tuberculosis Report 2025 (https://www.who.int/teams/global-tuberculosis-programme/data),True
SH_TBS_INCD,ECU,Ecuador,2011,50.0,41.0,60.0,_T,_T,G,G,PER_100000_POP,WHO Global Tuberculosis Report 2025 (https://www.who.int/teams/global-tuberculosis-programme/data),True
SH_TBS_INCD,ECU,Ecuador,2012,51.0,41.0,61.0,_T,_T,G,G,PER_100000_POP,WHO Global Tuberculosis Report 2025 (https://www.who.int/teams/global-tuberculosis-programme/data),True
SH_TBS_INCD,ECU,Ecuador,2013,47.0,38.0,57.0,_T,_T,G,G,PER_100000_POP,WHO Global Tuberculosis Report 2025 (https://www.who.int/teams/global-tuberculosis-programme/data),True
SH_TBS_INCD,ECU,Ecuador,2014,44.0,36.0,53.0,_T,_T,G,G,PER_100000_POP,WHO Global Tuberculosis Report 2025 (https://www.who.int/teams/global-tuberculosis-programme/data),True
SH_TBS_INCD,ECU,Ecuador,2015,42.0,34.0,50.0,_T,_T,G,G,PER_100000_POP,WHO Global Tuberculosis Report 2025 (https://www.who.int/teams/global-tuberculosis-programme/data),True
SH_TBS_INCD,ECU,Ecuador,2016,42.0,34.0,51.0,_T,_T,G,G,PER_100000_POP,WHO Global Tuberculosis Report 2025 (https://www.who.int/teams/global-tuberculosis-programme/data),True
SH_TBS_INCD,ECU,Ecuador,2017,44.0,36.0,54.0,_T,_T,G,G,PER_100000_POP,WHO Global Tuberculosis Report 2025 (https://www.who.int/teams/global-tuberculosis-programme/data),True
SH_TBS_INCD,ECU,Ecuador,2018,45.0,36.0,54.0,_T,_T,G,G,PER_100000_POP,WHO Global Tuberculosis Report 2025 (https://www.who.int/teams/global-tuberculosis-programme/data),True
SH_TBS_INCD,ECU,Ecuador,2019,46.0,37.0,56.0,_T,_T,G,G,PER_100000_POP,WHO Global Tuberculosis Report 2025 (https://www.who.int/teams/global-tuberculosis-programme/data),True
SH_TBS_INCD,ECU,Ecuador,2020,38.0,31.0,46.0,_T,_T,G,G,PER_100000_POP,WHO Global Tuberculosis Report 2025 (https://www.who.int/teams/global-tuberculosis-programme/data),True
SH_TBS_INCD,ECU,Ecuador,2021,41.0,33.0,49.0,_T,_T,G,G,PER_100000_POP,WHO Global Tuberculosis Report 2025 (https://www.who.int/teams/global-tuberculosis-programme/data),True
SH_TBS_INCD,ECU,Ecuador,2022,50.0,40.0,60.0,_T,_T,G,G,PER_100000_POP,WHO Global Tuberculosis Report 2025 (https://www.who.int/teams/global-tuberculosis-programme/data),True
SH_TBS_INCD,ECU,Ecuador,2023,59.0,48.0,71.0,_T,_T,G,G,PER_100000_POP,WHO Global Tuberculosis Report 2025 (https://www.who.int/teams/global-tuberculosis-programme/data),True
SH_TBS_INCD,ECU,Ecuador,2024,66.0,54.0,80.0,_T,_T,G,G,PER_100000_POP,WHO Global Tuberculosis Report 2025 (https://www.who.int/teams/global-tuberculosis-programme/data),True
SH_TBS_INCD,SLV,El Salvador,2000,58.0,47.0,70.0,_T,_T,G,G,PER_100000_POP,WHO Global Tuberculosis Report 2025 (https://www.who.int/teams/global-tuberculosis-programme/data),True
SH_TBS_INCD,SLV,El Salvador,2001,53.0,43.0,63.0,_T,_T,G,G,PER_100000_POP,WHO Global Tuberculosis Report 2025 (https://www.who.int/teams/global-tuberculosis-programme/data),True
SH_TBS_INCD,SLV,El Salvador,2002,52.0,42.0,63.0,_T,_T,G,G,PER_100000_POP,WHO Global Tuberculosis Report 2025 (https://www.who.int/teams/global-tuberculosis-programme/data),True
SH_TBS_INCD,SLV,El Salvador,2003,43.0,35.0,52.0,_T,_T,G,G,PER_100000_POP,WHO Global Tuberculosis Report 2025 (https://www.who.int/teams/global-tuberculosis-programme/data),True
SH_TBS_INCD,SLV,El Salvador,2004,41.0,34.0,50.0,_T,_T,G,G,PER_100000_POP,WHO Global Tuberculosis Report 2025 (https://www.who.int/teams/global-tuberculosis-programme/data),True
SH_TBS_INCD,SLV,El Salvador,2005,50.0,40.0,60.0,_T,_T,G,G,PER_100000_POP,WHO Global Tuberculosis Report 2025 (https://www.who.int/teams/global-tuberculosis-programme/data),True
SH_TBS_INCD,SLV,El Salvador,2006,44.0,36.0,53.0,_T,_T,G,G,PER_100000_POP,WHO Global Tuberculosis Report 2025 (https://www.who.int/teams/global-tuberculosis-programme/data),True
SH_TBS_INCD,SLV,El Salvador,2007,43.0,35.0,52.0,_T,_T,G,G,PER_100000_POP,WHO Global Tuberculosis Report 2025 (https://www.who.int/teams/global-tuberculosis-programme/data),True
SH_TBS_INCD,SLV,El Salvador,2008,43.0,35.0,51.0,_T,_T,G,G,PER_100000_POP,WHO Global Tuberculosis Report 2025 (https://www.who.int/teams/global-tuberculosis-programme/data),True
SH_TBS_INCD,SLV,El Salvador,2009,40.0,33.0,49.0,_T,_T,G,G,PER_100000_POP,WHO Global Tuberculosis Report 2025 (https://www.who.int/teams/global-tuberculosis-programme/data),True
SH_TBS_INCD,SLV,El Salvador,2010,39.0,32.0,47.0,_T,_T,G,G,PER_100000_POP,WHO Global Tuberculosis Report 2025 (https://www.who.int/teams/global-tuberculosis-programme/data),True
SH_TBS_INCD,SLV,El Salvador,2011,43.0,35.0,52.0,_T,_T,G,G,PER_100000_POP,WHO Global Tuberculosis Report 2025 (https://www.who.int/teams/global-tuberculosis-programme/data),True
SH_TBS_INCD,SLV,El Salvador,2012,46.0,38.0,56.0,_T,_T,G,G,PER_100000_POP,WHO Global Tuberculosis Report 2025 (https://www.who.int/teams/global-tuberculosis-programme/data),True
SH_TBS_INCD,SLV,El Salvador,2013,48.0,39.0,58.0,_T,_T,G,G,PER_100000_POP,WHO Global Tuberculosis Report 2025 (https://www.who.int/teams/global-tuberculosis-programme/data),True
SH_TBS_INCD,SLV,El Salvador,2014,48.0,39.0,58.0,_T,_T,G,G,PER_100000_POP,WHO Global Tuberculosis Report 2025 (https://www.who.int/teams/global-tuberculosis-programme/data),True
SH_TBS_INCD,SLV,El Salvador,2015,53.0,43.0,64.0,_T,_T,G,G,PER_100000_POP,WHO Global Tuberculosis Report 2025 (https://www.who.int/teams/global-tuberculosis-programme/data),True
SH_TBS_INCD,SLV,El Salvador,2016,65.0,53.0,78.0,_T,_T,G,G,PER_100000_POP,WHO Global Tuberculosis Report 2025 (https://www.who.int/teams/global-tuberculosis-programme/data),True
SH_TBS_INCD,SLV,El Salvador,2017,77.0,63.0,93.0,_T,_T,G,G,PER_100000_POP,WHO Global Tuberculosis Report 2025 (https://www.who.int/teams/global-tuberculosis-programme/data),True
SH_TBS_INCD,SLV,El Salvador,2018,76.0,62.0,91.0,_T,_T,G,G,PER_100000_POP,WHO Global Tuberculosis Report 2025 (https://www.who.int/teams/global-tuberculosis-programme/data),True
SH_TBS_INCD,SLV,El Salvador,2019,63.0,51.0,76.0,_T,_T,G,G,PER_100000_POP,WHO Global Tuberculosis Report 2025 (https://www.who.int/teams/global-tuberculosis-programme/data),True
SH_TBS_INCD,SLV,El Salvador,2020,42.0,34.0,51.0,_T,_T,G,G,PER_100000_POP,WHO Global Tuberculosis Report 2025 (https://www.who.int/teams/global-tuberculosis-programme/data),True
SH_TBS_INCD,SLV,El Salvador,2021,39.0,32.0,47.0,_T,_T,G,G,PER_100000_POP,WHO Global Tuberculosis Report 2025 (https://www.who.int/teams/global-tuberculosis-programme/data),True
SH_TBS_INCD,SLV,El Salvador,2022,51.0,41.0,61.0,_T,_T,G,G,PER_100000_POP,WHO Global Tuberculosis Report 2025 (https://www.who.int/teams/global-tuberculosis-programme/data),True
SH_TBS_INCD,SLV,El Salvador,2023,86.0,70.0,103.0,_T,_T,G,G,PER_100000_POP,WHO Global Tuberculosis Report 2025 (https://www.who.int/teams/global-tuberculosis-programme/data),True
SH_TBS_INCD,SLV,El Salvador,2024,116.0,94.0,139.0,_T,_T,G,G,PER_100000_POP,WHO Global Tuberculosis Report 2025 (https://www.who.int/teams/global-tuberculosis-programme/data),True
SH_TBS_INCD,GTM,Guatemala,2000,28.0,23.0,34.0,_T,_T,G,G,PER_100000_POP,WHO Global Tuberculosis Report 2025 (https://www.who.int/teams/global-tuberculosis-programme/data),True
SH_TBS_INCD,GTM,Guatemala,2001,23.0,18.0,27.0,_T,_T,G,G,PER_100000_POP,WHO Global Tuberculosis Report 2025 (https://www.who.int/teams/global-tuberculosis-programme/data),True
SH_TBS_INCD,GTM,Guatemala,2002,27.0,22.0,32.0,_T,_T,G,G,PER_100000_POP,WHO Global Tuberculosis Report 2025 (https://www.who.int/teams/global-tuberculosis-programme/data),True
SH_TBS_INCD,GTM,Guatemala,2003,24.0,19.0,29.0,_T,_T,G,G,PER_100000_POP,WHO Global Tuberculosis Report 2025 (https://www.who.int/teams/global-tuberculosis-programme/data),True
SH_TBS_INCD,GTM,Guatemala,2004,29.0,24.0,35.0,_T,_T,G,G,PER_100000_POP,WHO Global Tuberculosis Report 2025 (https://www.who.int/teams/global-tuberculosis-programme/data),True
SH_TBS_INCD,GTM,Guatemala,2005,33.0,27.0,39.0,_T,_T,G,G,PER_100000_POP,WHO Global Tuberculosis Report 2025 (https://www.who.int/teams/global-tuberculosis-programme/data),True
SH_TBS_INCD,GTM,Guatemala,2006,31.0,25.0,37.0,_T,_T,G,G,PER_100000_POP,WHO Global Tuberculosis Report 2025 (https://www.who.int/teams/global-tuberculosis-programme/data),True
SH_TBS_INCD,GTM,Guatemala,2007,26.0,21.0,31.0,_T,_T,G,G,PER_100000_POP,WHO Global Tuberculosis Report 2025 (https://www.who.int/teams/global-tuberculosis-programme/data),True
SH_TBS_INCD,GTM,Guatemala,2008,26.0,21.0,32.0,_T,_T,G,G,PER_100000_POP,WHO Global Tuberculosis Report 2025 (https://www.who.int/teams/global-tuberculosis-programme/data),True
SH_TBS_INCD,GTM,Guatemala,2009,23.0,19.0,28.0,_T,_T,G,G,PER_100000_POP,WHO Global Tuberculosis Report 2025 (https://www.who.int/teams/global-tuberculosis-programme/data),True
SH_TBS_INCD,GTM,Guatemala,2010,26.0,21.0,31.0,_T,_T,G,G,PER_100000_POP,WHO Global Tuberculosis Report 2025 (https://www.who.int/teams/global-tuberculosis-programme/data),True
SH_TBS_INCD,GTM,Guatemala,2011,23.0,19.0,28.0,_T,_T,G,G,PER_100000_POP,WHO Global Tuberculosis Report 2025 (https://www.who.int/teams/global-tuberculosis-programme/data),True
SH_TBS_INCD,GTM,Guatemala,2012,26.0,21.0,31.0,_T,_T,G,G,PER_100000_POP,WHO Global Tuberculosis Report 2025 (https://www.who.int/teams/global-tuberculosis-programme/data),True
SH_TBS_INCD,GTM,Guatemala,2013,24.0,20.0,29.0,_T,_T,G,G,PER_100000_POP,WHO Global Tuberculosis Report 2025 (https://www.who.int/teams/global-tuberculosis-programme/data),True
SH_TBS_INCD,GTM,Guatemala,2014,23.0,18.0,27.0,_T,_T,G,G,PER_100000_POP,WHO Global Tuberculosis Report 2025 (https://www.who.int/teams/global-tuberculosis-programme/data),True
SH_TBS_INCD,GTM,Guatemala,2015,23.0,19.0,28.0,_T,_T,G,G,PER_100000_POP,WHO Global Tuberculosis Report 2025 (https://www.who.int/teams/global-tuberculosis-programme/data),True
SH_TBS_INCD,GTM,Guatemala,2016,22.0,18.0,27.0,_T,_T,G,G,PER_100000_POP,WHO Global Tuberculosis Report 2025 (https://www.who.int/teams/global-tuberculosis-programme/data),True
SH_TBS_INCD,GTM,Guatemala,2017,23.0,19.0,28.0,_T,_T,G,G,PER_100000_POP,WHO Global Tuberculosis Report 2025 (https://www.who.int/teams/global-tuberculosis-programme/data),True
SH_TBS_INCD,GTM,Guatemala,2018,24.0,19.0,29.0,_T,_T,G,G,PER_100000_POP,WHO Global Tuberculosis Report 2025 (https://www.who.int/teams/global-tuberculosis-programme/data),True
SH_TBS_INCD,GTM,Guatemala,2019,24.0,20.0,29.0,_T,_T,G,G,PER_100000_POP,WHO Global Tuberculosis Report 2025 (https://www.who.int/teams/global-tuberculosis-programme/data),True
SH_TBS_INCD,GTM,Guatemala,2020,18.0,15.0,21.0,_T,_T,G,G,PER_100000_POP,WHO Global Tuberculosis Report 2025 (https://www.who.int/teams/global-tuberculosis-programme/data),True
SH_TBS_INCD,GTM,Guatemala,2021,20.0,16.0,24.0,_T,_T,G,G,PER_100000_POP,WHO Global Tuberculosis Report 2025 (https://www.who.int/teams/global-tuberculosis-programme/data),True
SH_TBS_INCD,GTM,Guatemala,2022,26.0,21.0,31.0,_T,_T,G,G,PER_100000_POP,WHO Global Tuberculosis Report 2025 (https://www.who.int/teams/global-tuberculosis-programme/data),True
SH_TBS_INCD,GTM,Guatemala,2023,29.0,24.0,35.0,_T,_T,G,G,PER_100000_POP,WHO Global Tuberculosis Report 2025 (https://www.who.int/teams/global-tuberculosis-programme/data),True
SH_TBS_INCD,GTM,Guatemala,2024,28.0,23.0,34.0,_T,_T,G,G,PER_100000_POP,WHO Global Tuberculosis Report 2025 (https://www.who.int/teams/global-tuberculosis-programme/data),True
SH_TBS_INCD,HND,Honduras,2000,280.0,228.0,338.0,_T,_T,G,G,PER_100000_POP,WHO Global Tuberculosis Report 2025 (https://www.who.int/teams/global-tuberculosis-programme/data),True
SH_TBS_INCD,HND,Honduras,2001,200.0,162.0,240.0,_T,_T,G,G,PER_100000_POP,WHO Global Tuberculosis Report 2025 (https://www.who.int/teams/global-tuberculosis-programme/data),True
SH_TBS_INCD,HND,Honduras,2002,161.0,131.0,194.0,_T,_T,G,G,PER_100000_POP,WHO Global Tuberculosis Report 2025 (https://www.who.int/teams/global-tuberculosis-programme/data),True
SH_TBS_INCD,HND,Honduras,2003,133.0,108.0,160.0,_T,_T,G,G,PER_100000_POP,WHO Global Tuberculosis Report 2025 (https://www.who.int/teams/global-tuberculosis-programme/data),True
SH_TBS_INCD,HND,Honduras,2004,108.0,88.0,130.0,_T,_T,G,G,PER_100000_POP,WHO Global Tuberculosis Report 2025 (https://www.who.int/teams/global-tuberculosis-programme/data),True
SH_TBS_INCD,HND,Honduras,2005,92.0,75.0,111.0,_T,_T,G,G,PER_100000_POP,WHO Global Tuberculosis Report 2025 (https://www.who.int/teams/global-tuberculosis-programme/data),True
SH_TBS_INCD,HND,Honduras,2006,84.0,68.0,101.0,_T,_T,G,G,PER_100000_POP,WHO Global Tuberculosis Report 2025 (https://www.who.int/teams/global-tuberculosis-programme/data),True
SH_TBS_INCD,HND,Honduras,2007,69.0,56.0,83.0,_T,_T,G,G,PER_100000_POP,WHO Global Tuberculosis Report 2025 (https://www.who.int/teams/global-tuberculosis-programme/data),True
SH_TBS_INCD,HND,Honduras,2008,67.0,55.0,81.0,_T,_T,G,G,PER_100000_POP,WHO Global Tuberculosis Report 2025 (https://www.who.int/teams/global-tuberculosis-programme/data),True
SH_TBS_INCD,HND,Honduras,2009,66.0,54.0,79.0,_T,_T,G,G,PER_100000_POP,WHO Global Tuberculosis Report 2025 (https://www.who.int/teams/global-tuberculosis-programme/data),True
SH_TBS_INCD,HND,Honduras,2010,62.0,50.0,74.0,_T,_T,G,G,PER_100000_POP,WHO Global Tuberculosis Report 2025 (https://www.who.int/teams/global-tuberculosis-programme/data),True
SH_TBS_INCD,HND,Honduras,2011,66.0,54.0,80.0,_T,_T,G,G,PER_100000_POP,WHO Global Tuberculosis Report 2025 (https://www.who.int/teams/global-tuberculosis-programme/data),True
SH_TBS_INCD,HND,Honduras,2012,59.0,48.0,71.0,_T,_T,G,G,PER_100000_POP,WHO Global Tuberculosis Report 2025 (https://www.who.int/teams/global-tuberculosis-programme/data),True
SH_TBS_INCD,HND,Honduras,2013,55.0,45.0,67.0,_T,_T,G,G,PER_100000_POP,WHO Global Tuberculosis Report 2025 (https://www.who.int/teams/global-tuberculosis-programme/data),True
SH_TBS_INCD,HND,Honduras,2014,49.0,40.0,60.0,_T,_T,G,G,PER_100000_POP,WHO Global Tuberculosis Report 2025 (https://www.who.int/teams/global-tuberculosis-programme/data),True
SH_TBS_INCD,HND,Honduras,2015,49.0,40.0,59.0,_T,_T,G,G,PER_100000_POP,WHO Global Tuberculosis Report 2025 (https://www.who.int/teams/global-tuberculosis-programme/data),True
SH_TBS_INCD,HND,Honduras,2016,48.0,39.0,58.0,_T,_T,G,G,PER_100000_POP,WHO Global Tuberculosis Report 2025 (https://www.who.int/teams/global-tuberculosis-programme/data),True
SH_TBS_INCD,HND,Honduras,2017,46.0,37.0,55.0,_T,_T,G,G,PER_100000_POP,WHO Global Tuberculosis Report 2025 (https://www.who.int/teams/global-tuberculosis-programme/data),True
SH_TBS_INCD,HND,Honduras,2018,45.0,37.0,54.0,_T,_T,G,G,PER_100000_POP,WHO Global Tuberculosis Report 2025 (https://www.who.int/teams/global-tuberculosis-programme/data),True
SH_TBS_INCD,HND,Honduras,2019,38.0,31.0,45.0,_T,_T,G,G,PER_100000_POP,WHO Global Tuberculosis Report 2025 (https://www.who.int/teams/global-tuberculosis-programme/data),True
SH_TBS_INCD,HND,Honduras,2020,38.0,31.0,45.0,_T,_T,G,G,PER_100000_POP,WHO Global Tuberculosis Report 2025 (https://www.who.int/teams/global-tuberculosis-programme/data),True
SH_TBS_INCD,HND,Honduras,2021,38.0,31.0,45.0,_T,_T,G,G,PER_100000_POP,WHO Global Tuberculosis Report 2025 (https://www.who.int/teams/global-tuberculosis-programme/data),True
SH_TBS_INCD,HND,Honduras,2022,38.0,31.0,45.0,_T,_T,G,G,PER_100000_POP,WHO Global Tuberculosis Report 2025 (https://www.who.int/teams/global-tuberculosis-programme/data),True
SH_TBS_INCD,HND,Honduras,2023,38.0,31.0,45.0,_T,_T,G,G,PER_100000_POP,WHO Global Tuberculosis Report 2025 (https://www.who.int/teams/global-tuberculosis-programme/data),True
SH_TBS_INCD,HND,Honduras,2024,38.0,31.0,45.0,_T,_T,G,G,PER_100000_POP,WHO Global Tuberculosis Report 2025 (https://www.who.int/teams/global-tuberculosis-programme/data),True
SH_TBS_INCD,MEX,Mexico,2000,37.0,30.0,44.0,_T,_T,G,G,PER_100000_POP,WHO Global Tuberculosis Report 2025 (https://www.who.int/teams/global-tuberculosis-programme/data),True
SH_TBS_INCD,MEX,Mexico,2001,36.0,29.0,44.0,_T,_T,G,G,PER_100000_POP,WHO Global Tuberculosis Report 2025 (https://www.who.int/teams/global-tuberculosis-programme/data),True
SH_TBS_INCD,MEX,Mexico,2002,33.0,27.0,40.0,_T,_T,G,G,PER_100000_POP,WHO Global Tuberculosis Report 2025 (https://www.who.int/teams/global-tuberculosis-programme/data),True
SH_TBS_INCD,MEX,Mexico,2003,34.0,28.0,41.0,_T,_T,G,G,PER_100000_POP,WHO Global Tuberculosis Report 2025 (https://www.who.int/teams/global-tuberculosis-programme/data),True
SH_TBS_INCD,MEX,Mexico,2004,26.0,21.0,31.0,_T,_T,G,G,PER_100000_POP,WHO Global Tuberculosis Report 2025 (https://www.who.int/teams/global-tuberculosis-programme/data),True
SH_TBS_INCD,MEX,Mexico,2005,31.0,25.0,37.0,_T,_T,G,G,PER_100000_POP,WHO Global Tuberculosis Report 2025 (https://www.who.int/teams/global-tuberculosis-programme/data),True
SH_TBS_INCD,MEX,Mexico,2006,29.0,23.0,35.0,_T,_T,G,G,PER_100000_POP,WHO Global Tuberculosis Report 2025 (https://www.who.int/teams/global-tuberculosis-programme/data),True
SH_TBS_INCD,MEX,Mexico,2007,28.0,23.0,34.0,_T,_T,G,G,PER_100000_POP,WHO Global Tuberculosis Report 2025 (https://www.who.int/teams/global-tuberculosis-programme/data),True
SH_TBS_INCD,MEX,Mexico,2008,28.0,23.0,34.0,_T,_T,G,G,PER_100000_POP,WHO Global Tuberculosis Report 2025 (https://www.who.int/teams/global-tuberculosis-programme/data),True
SH_TBS_INCD,MEX,Mexico,2009,27.0,22.0,33.0,_T,_T,G,G,PER_100000_POP,WHO Global Tuberculosis Report 2025 (https://www.who.int/teams/global-tuberculosis-programme/data),True
SH_TBS_INCD,MEX,Mexico,2010,28.0,23.0,34.0,_T,_T,G,G,PER_100000_POP,WHO Global Tuberculosis Report 2025 (https://www.who.int/teams/global-tuberculosis-programme/data),True
SH_TBS_INCD,MEX,Mexico,2011,27.0,22.0,32.0,_T,_T,G,G,PER_100000_POP,WHO Global Tuberculosis Report 2025 (https://www.who.int/teams/global-tuberculosis-programme/data),True
SH_TBS_INCD,MEX,Mexico,2012,26.0,21.0,32.0,_T,_T,G,G,PER_100000_POP,WHO Global Tuberculosis Report 2025 (https://www.who.int/teams/global-tuberculosis-programme/data),True
SH_TBS_INCD,MEX,Mexico,2013,26.0,21.0,31.0,_T,_T,G,G,PER_100000_POP,WHO Global Tuberculosis Report 2025 (https://www.who.int/teams/global-tuberculosis-programme/data),True
SH_TBS_INCD,MEX,Mexico,2014,25.0,21.0,30.0,_T,_T,G,G,PER_100000_POP,WHO Global Tuberculosis Report 2025 (https://www.who.int/teams/global-tuberculosis-programme/data),True
SH_TBS_INCD,MEX,Mexico,2015,25.0,20.0,30.0,_T,_T,G,G,PER_100000_POP,WHO Global Tuberculosis Report 2025 (https://www.who.int/teams/global-tuberculosis-programme/data),True
SH_TBS_INCD,MEX,Mexico,2016,25.0,20.0,30.0,_T,_T,G,G,PER_100000_POP,WHO Global Tuberculosis Report 2025 (https://www.who.int/teams/global-tuberculosis-programme/data),True
SH_TBS_INCD,MEX,Mexico,2017,25.0,21.0,31.0,_T,_T,G,G,PER_100000_POP,WHO Global Tuberculosis Report 2025 (https://www.who.int/teams/global-tuberculosis-programme/data),True
SH_TBS_INCD,MEX,Mexico,2018,26.0,21.0,31.0,_T,_T,G,G,PER_100000_POP,WHO Global Tuberculosis Report 2025 (https://www.who.int/teams/global-tuberculosis-programme/data),True
SH_TBS_INCD,MEX,Mexico,2019,26.0,21.0,31.0,_T,_T,G,G,PER_100000_POP,WHO Global Tuberculosis Report 2025 (https://www.who.int/teams/global-tuberculosis-programme/data),True
SH_TBS_INCD,MEX,Mexico,2020,26.0,21.0,32.0,_T,_T,G,G,PER_100000_POP,WHO Global Tuberculosis Report 2025 (https://www.who.int/teams/global-tuberculosis-programme/data),True
SH_TBS_INCD,MEX,Mexico,2021,27.0,22.0,32.0,_T,_T,G,G,PER_100000_POP,WHO Global Tuberculosis Report 2025 (https://www.who.int/teams/global-tuberculosis-programme/data),True
SH_TBS_INCD,MEX,Mexico,2022,27.0,22.0,33.0,_T,_T,G,G,PER_100000_POP,WHO Global Tuberculosis Report 2025 (https://www.who.int/teams/global-tuberculosis-programme/data),True
SH_TBS_INCD,MEX,Mexico,2023,28.0,22.0,33.0,_T,_T,G,G,PER_100000_POP,WHO Global Tuberculosis Report 2025 (https://www.who.int/teams/global-tuberculosis-programme/data),True
SH_TBS_INCD,MEX,Mexico,2024,28.0,23.0,34.0,_T,_T,G,G,PER_100000_POP,WHO Global Tuberculosis Report 2025 (https://www.who.int/teams/global-tuberculosis-programme/data),True
SH_TBS_INCD,NIC,Nicaragua,2000,125.0,101.0,150.0,_T,_T,G,G,PER_100000_POP,WHO Global Tuberculosis Report 2025 (https://www.who.int/teams/global-tuberculosis-programme/data),True
SH_TBS_INCD,NIC,Nicaragua,2001,120.0,98.0,145.0,_T,_T,G,G,PER_100000_POP,WHO Global Tuberculosis Report 2025 (https://www.who.int/teams/global-tuberculosis-programme/data),True
SH_TBS_INCD,NIC,Nicaragua,2002,98.0,80.0,118.0,_T,_T,G,G,PER_100000_POP,WHO Global Tuberculosis Report 2025 (https://www.who.int/teams/global-tuberculosis-programme/data),True
SH_TBS_INCD,NIC,Nicaragua,2003,102.0,83.0,123.0,_T,_T,G,G,PER_100000_POP,WHO Global Tuberculosis Report 2025 (https://www.who.int/teams/global-tuberculosis-programme/data),True
SH_TBS_INCD,NIC,Nicaragua,2004,94.0,77.0,114.0,_T,_T,G,G,PER_100000_POP,WHO Global Tuberculosis Report 2025 (https://www.who.int/teams/global-tuberculosis-programme/data),True
SH_TBS_INCD,NIC,Nicaragua,2005,77.0,63.0,93.0,_T,_T,G,G,PER_100000_POP,WHO Global Tuberculosis Report 2025 (https://www.who.int/teams/global-tuberculosis-programme/data),True
SH_TBS_INCD,NIC,Nicaragua,2006,75.0,61.0,90.0,_T,_T,G,G,PER_100000_POP,WHO Global Tuberculosis Report 2025 (https://www.who.int/teams/global-tuberculosis-programme/data),True
SH_TBS_INCD,NIC,Nicaragua,2007,80.0,65.0,97.0,_T,_T,G,G,PER_100000_POP,WHO Global Tuberculosis Report 2025 (https://www.who.int/teams/global-tuberculosis-programme/data),True
SH_TBS_INCD,NIC,Nicaragua,2008,76.0,62.0,92.0,_T,_T,G,G,PER_100000_POP,WHO Global Tuberculosis Report 2025 (https://www.who.int/teams/global-tuberculosis-programme/data),True
SH_TBS_INCD,NIC,Nicaragua,2009,69.0,56.0,84.0,_T,_T,G,G,PER_100000_POP,WHO Global Tuberculosis Report 2025 (https://www.who.int/teams/global-tuberculosis-programme/data),True
SH_TBS_INCD,NIC,Nicaragua,2010,70.0,57.0,84.0,_T,_T,G,G,PER_100000_POP,WHO Global Tuberculosis Report 2025 (https://www.who.int/teams/global-tuberculosis-programme/data),True
SH_TBS_INCD,NIC,Nicaragua,2011,74.0,60.0,89.0,_T,_T,G,G,PER_100000_POP,WHO Global Tuberculosis Report 2025 (https://www.who.int/teams/global-tuberculosis-programme/data),True
SH_TBS_INCD,NIC,Nicaragua,2012,74.0,60.0,89.0,_T,_T,G,G,PER_100000_POP,WHO Global Tuberculosis Report 2025 (https://www.who.int/teams/global-tuberculosis-programme/data),True
SH_TBS_INCD,NIC,Nicaragua,2013,70.0,57.0,84.0,_T,_T,G,G,PER_100000_POP,WHO Global Tuberculosis Report 2025 (https://www.who.int/teams/global-tuberculosis-programme/data),True
SH_TBS_INCD,NIC,Nicaragua,2014,65.0,53.0,78.0,_T,_T,G,G,PER_100000_POP,WHO Global Tuberculosis Report 2025 (https://www.who.int/teams/global-tuberculosis-programme/data),True
SH_TBS_INCD,NIC,Nicaragua,2015,59.0,48.0,71.0,_T,_T,G,G,PER_100000_POP,WHO Global Tuberculosis Report 2025 (https://www.who.int/teams/global-tuberculosis-programme/data),True
SH_TBS_INCD,NIC,Nicaragua,2016,54.0,44.0,65.0,_T,_T,G,G,PER_100000_POP,WHO Global Tuberculosis Report 2025 (https://www.who.int/teams/global-tuberculosis-programme/data),True
SH_TBS_INCD,NIC,Nicaragua,2017,51.0,41.0,61.0,_T,_T,G,G,PER_100000_POP,WHO Global Tuberculosis Report 2025 (https://www.who.int/teams/global-tuberculosis-programme/data),True
SH_TBS_INCD,NIC,Nicaragua,2018,46.0,38.0,56.0,_T,_T,G,G,PER_100000_POP,WHO Global Tuberculosis Report 2025 (https://www.who.int/teams/global-tuberculosis-programme/data),True
SH_TBS_INCD,NIC,Nicaragua,2019,49.0,40.0,59.0,_T,_T,G,G,PER_100000_POP,WHO Global Tuberculosis Report 2025 (https://www.who.int/teams/global-tuberculosis-programme/data),True
SH_TBS_INCD,NIC,Nicaragua,2020,47.0,39.0,57.0,_T,_T,G,G,PER_100000_POP,WHO Global Tuberculosis Report 2025 (https://www.who.int/teams/global-tuberculosis-programme/data),True
SH_TBS_INCD,NIC,Nicaragua,2021,46.0,38.0,56.0,_T,_T,G,G,PER_100000_POP,WHO Global Tuberculosis Report 2025 (https://www.who.int/teams/global-tuberculosis-programme/data),True
SH_TBS_INCD,NIC,Nicaragua,2022,45.0,37.0,55.0,_T,_T,G,G,PER_100000_POP,WHO Global Tuberculosis Report 2025 (https://www.who.int/teams/global-tuberculosis-programme/data),True
SH_TBS_INCD,NIC,Nicaragua,2023,44.0,36.0,53.0,_T,_T,G,G,PER_100000_POP,WHO Global Tuberculosis Report 2025 (https://www.who.int/teams/global-tuberculosis-programme/data),True
SH_TBS_INCD,NIC,Nicaragua,2024,43.0,35.0,52.0,_T,_T,G,G,PER_100000_POP,WHO Global Tuberculosis Report 2025 (https://www.who.int/teams/global-tuberculosis-programme/data),True
SH_TBS_INCD,PAN,Panama,2000,71.0,57.0,85.0,_T,_T,G,G,PER_100000_POP,WHO Global Tuberculosis Report 2025 (https://www.who.int/teams/global-tuberculosis-programme/data),True
SH_TBS_INCD,PAN,Panama,2001,99.0,81.0,119.0,_T,_T,G,G,PER_100000_POP,WHO Global Tuberculosis Report 2025 (https://www.who.int/teams/global-tuberculosis-programme/data),True
SH_TBS_INCD,PAN,Panama,2002,87.0,71.0,105.0,_T,_T,G,G,PER_100000_POP,WHO Global Tuberculosis Report 2025 (https://www.who.int/teams/global-tuberculosis-programme/data),True
SH_TBS_INCD,PAN,Panama,2003,85.0,69.0,103.0,_T,_T,G,G,PER_100000_POP,WHO Global Tuberculosis Report 2025 (https://www.who.int/teams/global-tuberculosis-programme/data),True
SH_TBS_INCD,PAN,Panama,2004,86.0,70.0,103.0,_T,_T,G,G,PER_100000_POP,WHO Global Tuberculosis Report 2025 (https://www.who.int/teams/global-tuberculosis-programme/data),True
SH_TBS_INCD,PAN,Panama,2005,79.0,64.0,95.0,_T,_T,G,G,PER_100000_POP,WHO Global Tuberculosis Report 2025 (https://www.who.int/teams/global-tuberculosis-programme/data),True
SH_TBS_INCD,PAN,Panama,2006,76.0,62.0,92.0,_T,_T,G,G,PER_100000_POP,WHO Global Tuberculosis Report 2025 (https://www.who.int/teams/global-tuberculosis-programme/data),True
SH_TBS_INCD,PAN,Panama,2007,72.0,58.0,86.0,_T,_T,G,G,PER_100000_POP,WHO Global Tuberculosis Report 2025 (https://www.who.int/teams/global-tuberculosis-programme/data),True
SH_TBS_INCD,PAN,Panama,2008,71.0,57.0,85.0,_T,_T,G,G,PER_100000_POP,WHO Global Tuberculosis Report 2025 (https://www.who.int/teams/global-tuberculosis-programme/data),True
SH_TBS_INCD,PAN,Panama,2009,64.0,52.0,77.0,_T,_T,G,G,PER_100000_POP,WHO Global Tuberculosis Report 2025 (https://www.who.int/teams/global-tuberculosis-programme/data),True
SH_TBS_INCD,PAN,Panama,2010,62.0,51.0,75.0,_T,_T,G,G,PER_100000_POP,WHO Global Tuberculosis Report 2025 (https://www.who.int/teams/global-tuberculosis-programme/data),True
SH_TBS_INCD,PAN,Panama,2011,64.0,52.0,77.0,_T,_T,G,G,PER_100000_POP,WHO Global Tuberculosis Report 2025 (https://www.who.int/teams/global-tuberculosis-programme/data),True
SH_TBS_INCD,PAN,Panama,2012,58.0,47.0,70.0,_T,_T,G,G,PER_100000_POP,WHO Global Tuberculosis Report 2025 (https://www.who.int/teams/global-tuberculosis-programme/data),True
SH_TBS_INCD,PAN,Panama,2013,54.0,44.0,65.0,_T,_T,G,G,PER_100000_POP,WHO Global Tuberculosis Report 2025 (https://www.who.int/teams/global-tuberculosis-programme/data),True
SH_TBS_INCD,PAN,Panama,2014,52.0,43.0,63.0,_T,_T,G,G,PER_100000_POP,WHO Global Tuberculosis Report 2025 (https://www.who.int/teams/global-tuberculosis-programme/data),True
SH_TBS_INCD,PAN,Panama,2015,58.0,47.0,69.0,_T,_T,G,G,PER_100000_POP,WHO Global Tuberculosis Report 2025 (https://www.who.int/teams/global-tuberculosis-programme/data),True
SH_TBS_INCD,PAN,Panama,2016,61.0,50.0,73.0,_T,_T,G,G,PER_100000_POP,WHO Global Tuberculosis Report 2025 (https://www.who.int/teams/global-tuberculosis-programme/data),True
SH_TBS_INCD,PAN,Panama,2017,61.0,49.0,73.0,_T,_T,G,G,PER_100000_POP,WHO Global Tuberculosis Report 2025 (https://www.who.int/teams/global-tuberculosis-programme/data),True
SH_TBS_INCD,PAN,Panama,2018,54.0,44.0,65.0,_T,_T,G,G,PER_100000_POP,WHO Global Tuberculosis Report 2025 (https://www.who.int/teams/global-tuberculosis-programme/data),True
SH_TBS_INCD,PAN,Panama,2019,39.0,31.0,47.0,_T,_T,G,G,PER_100000_POP,WHO Global Tuberculosis Report 2025 (https://www.who.int/teams/global-tuberculosis-programme/data),True
SH_TBS_INCD,PAN,Panama,2020,34.0,28.0,41.0,_T,_T,G,G,PER_100000_POP,WHO Global Tuberculosis Report 2025 (https://www.who.int/teams/global-tuberculosis-programme/data),True
SH_TBS_INCD,PAN,Panama,2021,43.0,35.0,52.0,_T,_T,G,G,PER_100000_POP,WHO Global Tuberculosis Report 2025 (https://www.who.int/teams/global-tuberculosis-programme/data),True
SH_TBS_INCD,PAN,Panama,2022,49.0,40.0,59.0,_T,_T,G,G,PER_100000_POP,WHO Global Tuberculosis Report 2025 (https://www.who.int/teams/global-tuberculosis-programme/data),True
SH_TBS_INCD,PAN,Panama,2023,61.0,49.0,73.0,_T,_T,G,G,PER_100000_POP,WHO Global Tuberculosis Report 2025 (https://www.who.int/teams/global-tuberculosis-programme/data),True
SH_TBS_INCD,PAN,Panama,2024,63.0,51.0,76.0,_T,_T,G,G,PER_100000_POP,WHO Global Tuberculosis Report 2025 (https://www.who.int/teams/global-tuberculosis-programme/data),True
SH_TBS_INCD,PRY,Paraguay,2000,98.0,80.0,118.0,_T,_T,G,G,PER_100000_POP,WHO Global Tuberculosis Report 2025 (https://www.who.int/teams/global-tuberculosis-programme/data),True
SH_TBS_INCD,PRY,Paraguay,2001,96.0,78.0,116.0,_T,_T,G,G,PER_100000_POP,WHO Global Tuberculosis Report 2025 (https://www.who.int/teams/global-tuberculosis-programme/data),True
SH_TBS_INCD,PRY,Paraguay,2002,91.0,74.0,109.0,_T,_T,G,G,PER_100000_POP,WHO Global Tuberculosis Report 2025 (https://www.who.int/teams/global-tuberculosis-programme/data),True
SH_TBS_INCD,PRY,Paraguay,2003,92.0,75.0,111.0,_T,_T,G,G,PER_100000_POP,WHO Global Tuberculosis Report 2025 (https://www.who.int/teams/global-tuberculosis-programme/data),True
SH_TBS_INCD,PRY,Paraguay,2004,88.0,71.0,106.0,_T,_T,G,G,PER_100000_POP,WHO Global Tuberculosis Report 2025 (https://www.who.int/teams/global-tuberculosis-programme/data),True
SH_TBS_INCD,PRY,Paraguay,2005,77.0,62.0,92.0,_T,_T,G,G,PER_100000_POP,WHO Global Tuberculosis Report 2025 (https://www.who.int/teams/global-tuberculosis-programme/data),True
SH_TBS_INCD,PRY,Paraguay,2006,82.0,67.0,99.0,_T,_T,G,G,PER_100000_POP,WHO Global Tuberculosis Report 2025 (https://www.who.int/teams/global-tuberculosis-programme/data),True
SH_TBS_INCD,PRY,Paraguay,2007,72.0,58.0,87.0,_T,_T,G,G,PER_100000_POP,WHO Global Tuberculosis Report 2025 (https://www.who.int/teams/global-tuberculosis-programme/data),True
SH_TBS_INCD,PRY,Paraguay,2008,67.0,55.0,81.0,_T,_T,G,G,PER_100000_POP,WHO Global Tuberculosis Report 2025 (https://www.who.int/teams/global-tuberculosis-programme/data),True
SH_TBS_INCD,PRY,Paraguay,2009,67.0,55.0,81.0,_T,_T,G,G,PER_100000_POP,WHO Global Tuberculosis Report 2025 (https://www.who.int/teams/global-tuberculosis-programme/data),True
SH_TBS_INCD,PRY,Paraguay,2010,62.0,50.0,75.0,_T,_T,G,G,PER_100000_POP,WHO Global Tuberculosis Report 2025 (https://www.who.int/teams/global-tuberculosis-programme/data),True
SH_TBS_INCD,PRY,Paraguay,2011,62.0,51.0,75.0,_T,_T,G,G,PER_100000_POP,WHO Global Tuberculosis Report 2025 (https://www.who.int/teams/global-tuberculosis-programme/data),True
SH_TBS_INCD,PRY,Paraguay,2012,62.0,50.0,75.0,_T,_T,G,G,PER_100000_POP,WHO Global Tuberculosis Report 2025 (https://www.who.int/teams/global-tuberculosis-programme/data),True
SH_TBS_INCD,PRY,Paraguay,2013,56.0,46.0,68.0,_T,_T,G,G,PER_100000_POP,WHO Global Tuberculosis Report 2025 (https://www.who.int/teams/global-tuberculosis-programme/data),True
SH_TBS_INCD,PRY,Paraguay,2014,54.0,44.0,65.0,_T,_T,G,G,PER_100000_POP,WHO Global Tuberculosis Report 2025 (https://www.who.int/teams/global-tuberculosis-programme/data),True
SH_TBS_INCD,PRY,Paraguay,2015,55.0,45.0,66.0,_T,_T,G,G,PER_100000_POP,WHO Global Tuberculosis Report 2025 (https://www.who.int/teams/global-tuberculosis-programme/data),True
SH_TBS_INCD,PRY,Paraguay,2016,55.0,45.0,67.0,_T,_T,G,G,PER_100000_POP,WHO Global Tuberculosis Report 2025 (https://www.who.int/teams/global-tuberculosis-programme/data),True
SH_TBS_INCD,PRY,Paraguay,2017,57.0,46.0,68.0,_T,_T,G,G,PER_100000_POP,WHO Global Tuberculosis Report 2025 (https://www.who.int/teams/global-tuberculosis-programme/data),True
SH_TBS_INCD,PRY,Paraguay,2018,56.0,45.0,67.0,_T,_T,G,G,PER_100000_POP,WHO Global Tuberculosis Report 2025 (https://www.who.int/teams/global-tuberculosis-programme/data),True
SH_TBS_INCD,PRY,Paraguay,2019,60.0,49.0,72.0,_T,_T,G,G,PER_100000_POP,WHO Global Tuberculosis Report 2025 (https://www.who.int/teams/global-tuberculosis-programme/data),True
SH_TBS_INCD,PRY,Paraguay,2020,50.0,40.0,60.0,_T,_T,G,G,PER_100000_POP,WHO Global Tuberculosis Report 2025 (https://www.who.int/teams/global-tuberculosis-programme/data),True
SH_TBS_INCD,PRY,Paraguay,2021,57.0,46.0,69.0,_T,_T,G,G,PER_100000_POP,WHO Global Tuberculosis Report 2025 (https://www.who.int/teams/global-tuberculosis-programme/data),True
SH_TBS_INCD,PRY,Paraguay,2022,67.0,54.0,81.0,_T,_T,G,G,PER_100000_POP,WHO Global Tuberculosis Report 2025 (https://www.who.int/teams/global-tuberculosis-programme/data),True
SH_TBS_INCD,PRY,Paraguay,2023,76.0,62.0,91.0,_T,_T,G,G,PER_100000_POP,WHO Global Tuberculosis Report 2025 (https://www.who.int/teams/global-tuberculosis-programme/data),True
SH_TBS_INCD,PRY,Paraguay,2024,81.0,66.0,98.0,_T,_T,G,G,PER_100000_POP,WHO Global Tuberculosis Report 2025 (https://www.who.int/teams/global-tuberculosis-programme/data),True
SH_TBS_INCD,PER,Peru,2000,367.0,299.0,443.0,_T,_T,G,G,PER_100000_POP,WHO Global Tuberculosis Report 2025 (https://www.who.int/teams/global-tuberculosis-programme/data),True
SH_TBS_INCD,PER,Peru,2001,327.0,266.0,394.0,_T,_T,G,G,PER_100000_POP,WHO Global Tuberculosis Report 2025 (https://www.who.int/teams/global-tuberculosis-programme/data),True
SH_TBS_INCD,PER,Peru,2002,295.0,240.0,356.0,_T,_T,G,G,PER_100000_POP,WHO Global Tuberculosis Report 2025 (https://www.who.int/teams/global-tuberculosis-programme/data),True
SH_TBS_INCD,PER,Peru,2003,245.0,200.0,296.0,_T,_T,G,G,PER_100000_POP,WHO Global Tuberculosis Report 2025 (https://www.who.int/teams/global-tuberculosis-programme/data),True
SH_TBS_INCD,PER,Peru,2004,240.0,195.0,289.0,_T,_T,G,G,PER_100000_POP,WHO Global Tuberculosis Report 2025 (https://www.who.int/teams/global-tuberculosis-programme/data),True
SH_TBS_INCD,PER,Peru,2005,228.0,186.0,275.0,_T,_T,G,G,PER_100000_POP,WHO Global Tuberculosis Report 2025 (https://www.who.int/teams/global-tuberculosis-programme/data),True
SH_TBS_INCD,PER,Peru,2006,218.0,177.0,263.0,_T,_T,G,G,PER_100000_POP,WHO Global Tuberculosis Report 2025 (https://www.who.int/teams/global-tuberculosis-programme/data),True
SH_TBS_INCD,PER,Peru,2007,194.0,158.0,234.0,_T,_T,G,G,PER_100000_POP,WHO Global Tuberculosis Report 2025 (https://www.who.int/teams/global-tuberculosis-programme/data),True
SH_TBS_INCD,PER,Peru,2008,182.0,148.0,220.0,_T,_T,G,G,PER_100000_POP,WHO Global Tuberculosis Report 2025 (https://www.who.int/teams/global-tuberculosis-programme/data),True
SH_TBS_INCD,PER,Peru,2009,171.0,139.0,206.0,_T,_T,G,G,PER_100000_POP,WHO Global Tuberculosis Report 2025 (https://www.who.int/teams/global-tuberculosis-programme/data),True
SH_TBS_INCD,PER,Peru,2010,159.0,129.0,191.0,_T,_T,G,G,PER_100000_POP,WHO Global Tuberculosis Report 2025 (https://www.who.int/teams/global-tuberculosis-programme/data),True
SH_TBS_INCD,PER,Peru,2011,155.0,126.0,187.0,_T,_T,G,G,PER_100000_POP,WHO Global Tuberculosis Report 2025 (https://www.who.int/teams/global-tuberculosis-programme/data),True
SH_TBS_INCD,PER,Peru,2012,143.0,117.0,173.0,_T,_T,G,G,PER_100000_POP,WHO Global Tuberculosis Report 2025 (https://www.who.int/teams/global-tuberculosis-programme/data),True
SH_TBS_INCD,PER,Peru,2013,139.0,113.0,168.0,_T,_T,G,G,PER_100000_POP,WHO Global Tuberculosis Report 2025 (https://www.who.int/teams/global-tuberculosis-programme/data),True
SH_TBS_INCD,PER,Peru,2014,136.0,111.0,164.0,_T,_T,G,G,PER_100000_POP,WHO Global Tuberculosis Report 2025 (https://www.who.int/teams/global-tuberculosis-programme/data),True
SH_TBS_INCD,PER,Peru,2015,131.0,107.0,158.0,_T,_T,G,G,PER_100000_POP,WHO Global Tuberculosis Report 2025 (https://www.who.int/teams/global-tuberculosis-programme/data),True
SH_TBS_INCD,PER,Peru,2016,129.0,105.0,156.0,_T,_T,G,G,PER_100000_POP,WHO Global Tuberculosis Report 2025 (https://www.who.int/teams/global-tuberculosis-programme/data),True
SH_TBS_INCD,PER,Peru,2017,128.0,104.0,154.0,_T,_T,G,G,PER_100000_POP,WHO Global Tuberculosis Report 2025 (https://www.who.int/teams/global-tuberculosis-programme/data),True
SH_TBS_INCD,PER,Peru,2018,132.0,108.0,159.0,_T,_T,G,G,PER_100000_POP,WHO Global Tuberculosis Report 2025 (https://www.who.int/teams/global-tuberculosis-programme/data),True
SH_TBS_INCD,PER,Peru,2019,131.0,107.0,158.0,_T,_T,G,G,PER_100000_POP,WHO Global Tuberculosis Report 2025 (https://www.who.int/teams/global-tuberculosis-programme/data),True
SH_TBS_INCD,PER,Peru,2020,128.0,103.0,153.0,_T,_T,G,G,PER_100000_POP,WHO Global Tuberculosis Report 2025 (https://www.who.int/teams/global-tuberculosis-programme/data),True
SH_TBS_INCD,PER,Peru,2021,137.0,109.0,176.0,_T,_T,G,G,PER_100000_POP,WHO Global Tuberculosis Report 2025 (https://www.who.int/teams/global-tuberculosis-programme/data),True
SH_TBS_INCD,PER,Peru,2022,149.0,114.0,215.0,_T,_T,G,G,PER_100000_POP,WHO Global Tuberculosis Report 2025 (https://www.who.int/teams/global-tuberculosis-programme/data),True
SH_TBS_INCD,PER,Peru,2023,149.0,114.0,238.0,_T,_T,G,G,PER_100000_POP,WHO Global Tuberculosis Report 2025 (https://www.who.int/teams/global-tuberculosis-programme/data),True
SH_TBS_INCD,PER,Peru,2024,139.0,107.0,220.0,_T,_T,G,G,PER_100000_POP,WHO Global Tuberculosis Report 2025 (https://www.who.int/teams/global-tuberculosis-programme/data),True
SH_TBS_INCD,URY,Uruguay,2000,33.0,27.0,39.0,_T,_T,G,G,PER_100000_POP,WHO Global Tuberculosis Report 2025 (https://www.who.int/teams/global-tuberculosis-programme/data),True
SH_TBS_INCD,URY,Uruguay,2001,34.0,28.0,41.0,_T,_T,G,G,PER_100000_POP,WHO Global Tuberculosis Report 2025 (https://www.who.int/teams/global-tuberculosis-programme/data),True
SH_TBS_INCD,URY,Uruguay,2002,26.0,21.0,31.0,_T,_T,G,G,PER_100000_POP,WHO Global Tuberculosis Report 2025 (https://www.who.int/teams/global-tuberculosis-programme/data),True
SH_TBS_INCD,URY,Uruguay,2003,31.0,25.0,37.0,_T,_T,G,G,PER_100000_POP,WHO Global Tuberculosis Report 2025 (https://www.who.int/teams/global-tuberculosis-programme/data),True
SH_TBS_INCD,URY,Uruguay,2004,34.0,28.0,41.0,_T,_T,G,G,PER_100000_POP,WHO Global Tuberculosis Report 2025 (https://www.who.int/teams/global-tuberculosis-programme/data),True
SH_TBS_INCD,URY,Uruguay,2005,28.0,23.0,34.0,_T,_T,G,G,PER_100000_POP,WHO Global Tuberculosis Report 2025 (https://www.who.int/teams/global-tuberculosis-programme/data),True
SH_TBS_INCD,URY,Uruguay,2006,25.0,20.0,30.0,_T,_T,G,G,PER_100000_POP,WHO Global Tuberculosis Report 2025 (https://www.who.int/teams/global-tuberculosis-programme/data),True
SH_TBS_INCD,URY,Uruguay,2007,26.0,21.0,32.0,_T,_T,G,G,PER_100000_POP,WHO Global Tuberculosis Report 2025 (https://www.who.int/teams/global-tuberculosis-programme/data),True
SH_TBS_INCD,URY,Uruguay,2008,29.0,24.0,35.0,_T,_T,G,G,PER_100000_POP,WHO Global Tuberculosis Report 2025 (https://www.who.int/teams/global-tuberculosis-programme/data),True
SH_TBS_INCD,URY,Uruguay,2009,29.0,24.0,35.0,_T,_T,G,G,PER_100000_POP,WHO Global Tuberculosis Report 2025 (https://www.who.int/teams/global-tuberculosis-programme/data),True
SH_TBS_INCD,URY,Uruguay,2010,28.0,23.0,34.0,_T,_T,G,G,PER_100000_POP,WHO Global Tuberculosis Report 2025 (https://www.who.int/teams/global-tuberculosis-programme/data),True
SH_TBS_INCD,URY,Uruguay,2011,32.0,26.0,39.0,_T,_T,G,G,PER_100000_POP,WHO Global Tuberculosis Report 2025 (https://www.who.int/teams/global-tuberculosis-programme/data),True
SH_TBS_INCD,URY,Uruguay,2012,31.0,26.0,38.0,_T,_T,G,G,PER_100000_POP,WHO Global Tuberculosis Report 2025 (https://www.who.int/teams/global-tuberculosis-programme/data),True
SH_TBS_INCD,URY,Uruguay,2013,34.0,28.0,41.0,_T,_T,G,G,PER_100000_POP,WHO Global Tuberculosis Report 2025 (https://www.who.int/teams/global-tuberculosis-programme/data),True
SH_TBS_INCD,URY,Uruguay,2014,33.0,27.0,39.0,_T,_T,G,G,PER_100000_POP,WHO Global Tuberculosis Report 2025 (https://www.who.int/teams/global-tuberculosis-programme/data),True
SH_TBS_INCD,URY,Uruguay,2015,33.0,27.0,40.0,_T,_T,G,G,PER_100000_POP,WHO Global Tuberculosis Report 2025 (https://www.who.int/teams/global-tuberculosis-programme/data),True
SH_TBS_INCD,URY,Uruguay,2016,32.0,26.0,39.0,_T,_T,G,G,PER_100000_POP,WHO Global Tuberculosis Report 2025 (https://www.who.int/teams/global-tuberculosis-programme/data),True
SH_TBS_INCD,URY,Uruguay,2017,34.0,28.0,41.0,_T,_T,G,G,PER_100000_POP,WHO Global Tuberculosis Report 2025 (https://www.who.int/teams/global-tuberculosis-programme/data),True
SH_TBS_INCD,URY,Uruguay,2018,36.0,29.0,44.0,_T,_T,G,G,PER_100000_POP,WHO Global Tuberculosis Report 2025 (https://www.who.int/teams/global-tuberculosis-programme/data),True
SH_TBS_INCD,URY,Uruguay,2019,38.0,31.0,46.0,_T,_T,G,G,PER_100000_POP,WHO Global Tuberculosis Report 2025 (https://www.who.int/teams/global-tuberculosis-programme/data),True
SH_TBS_INCD,URY,Uruguay,2020,35.0,28.0,42.0,_T,_T,G,G,PER_100000_POP,WHO Global Tuberculosis Report 2025 (https://www.who.int/teams/global-tuberculosis-programme/data),True
SH_TBS_INCD,URY,Uruguay,2021,34.0,28.0,42.0,_T,_T,G,G,PER_100000_POP,WHO Global Tuberculosis Report 2025 (https://www.who.int/teams/global-tuberculosis-programme/data),True
SH_TBS_INCD,URY,Uruguay,2022,41.0,33.0,49.0,_T,_T,G,G,PER_100000_POP,WHO Global Tuberculosis Report 2025 (https://www.who.int/teams/global-tuberculosis-programme/data),True
SH_TBS_INCD,URY,Uruguay,2023,45.0,37.0,54.0,_T,_T,G,G,PER_100000_POP,WHO Global Tuberculosis Report 2025 (https://www.who.int/teams/global-tuberculosis-programme/data),True
SH_TBS_INCD,URY,Uruguay,2024,47.0,38.0,57.0,_T,_T,G,G,PER_100000_POP,WHO Global Tuberculosis Report 2025 (https://www.who.int/teams/global-tuberculosis-programme/data),True
SH_TBS_INCD,VEN,Venezuela,2000,62.0,51.0,75.0,_T,_T,G,G,PER_100000_POP,WHO Global Tuberculosis Report 2025 (https://www.who.int/teams/global-tuberculosis-programme/data),True
SH_TBS_INCD,VEN,Venezuela,2001,56.0,45.0,67.0,_T,_T,G,G,PER_100000_POP,WHO Global Tuberculosis Report 2025 (https://www.who.int/teams/global-tuberculosis-programme/data),True
SH_TBS_INCD,VEN,Venezuela,2002,51.0,42.0,62.0,_T,_T,G,G,PER_100000_POP,WHO Global Tuberculosis Report 2025 (https://www.who.int/teams/global-tuberculosis-programme/data),True
SH_TBS_INCD,VEN,Venezuela,2003,52.0,42.0,63.0,_T,_T,G,G,PER_100000_POP,WHO Global Tuberculosis Report 2025 (https://www.who.int/teams/global-tuberculosis-programme/data),True
SH_TBS_INCD,VEN,Venezuela,2004,49.0,40.0,59.0,_T,_T,G,G,PER_100000_POP,WHO Global Tuberculosis Report 2025 (https://www.who.int/teams/global-tuberculosis-programme/data),True
SH_TBS_INCD,VEN,Venezuela,2005,46.0,38.0,56.0,_T,_T,G,G,PER_100000_POP,WHO Global Tuberculosis Report 2025 (https://www.who.int/teams/global-tuberculosis-programme/data),True
SH_TBS_INCD,VEN,Venezuela,2006,43.0,35.0,52.0,_T,_T,G,G,PER_100000_POP,WHO Global Tuberculosis Report 2025 (https://www.who.int/teams/global-tuberculosis-programme/data),True
SH_TBS_INCD,VEN,Venezuela,2007,39.0,32.0,47.0,_T,_T,G,G,PER_100000_POP,WHO Global Tuberculosis Report 2025 (https://www.who.int/teams/global-tuberculosis-programme/data),True
SH_TBS_INCD,VEN,Venezuela,2008,37.0,30.0,45.0,_T,_T,G,G,PER_100000_POP,WHO Global Tuberculosis Report 2025 (https://www.who.int/teams/global-tuberculosis-programme/data),True
SH_TBS_INCD,VEN,Venezuela,2009,36.0,29.0,43.0,_T,_T,G,G,PER_100000_POP,WHO Global Tuberculosis Report 2025 (https://www.who.int/teams/global-tuberculosis-programme/data),True
SH_TBS_INCD,VEN,Venezuela,2010,34.0,28.0,41.0,_T,_T,G,G,PER_100000_POP,WHO Global Tuberculosis Report 2025 (https://www.who.int/teams/global-tuberculosis-programme/data),True
SH_TBS_INCD,VEN,Venezuela,2011,32.0,26.0,38.0,_T,_T,G,G,PER_100000_POP,WHO Global Tuberculosis Report 2025 (https://www.who.int/teams/global-tuberculosis-programme/data),True
SH_TBS_INCD,VEN,Venezuela,2012,32.0,26.0,38.0,_T,_T,G,G,PER_100000_POP,WHO Global Tuberculosis Report 2025 (https://www.who.int/teams/global-tuberculosis-programme/data),True
SH_TBS_INCD,VEN,Venezuela,2013,30.0,25.0,37.0,_T,_T,G,G,PER_100000_POP,WHO Global Tuberculosis Report 2025 (https://www.who.int/teams/global-tuberculosis-programme/data),True
SH_TBS_INCD,VEN,Venezuela,2014,29.0,23.0,34.0,_T,_T,G,G,PER_100000_POP,WHO Global Tuberculosis Report 2025 (https://www.who.int/teams/global-tuberculosis-programme/data),True
SH_TBS_INCD,VEN,Venezuela,2015,31.0,25.0,37.0,_T,_T,G,G,PER_100000_POP,WHO Global Tuberculosis Report 2025 (https://www.who.int/teams/global-tuberculosis-programme/data),True
SH_TBS_INCD,VEN,Venezuela,2016,36.0,29.0,43.0,_T,_T,G,G,PER_100000_POP,WHO Global Tuberculosis Report 2025 (https://www.who.int/teams/global-tuberculosis-programme/data),True
SH_TBS_INCD,VEN,Venezuela,2017,47.0,38.0,57.0,_T,_T,G,G,PER_100000_POP,WHO Global Tuberculosis Report 2025 (https://www.who.int/teams/global-tuberculosis-programme/data),True
SH_TBS_INCD,VEN,Venezuela,2018,50.0,41.0,61.0,_T,_T,G,G,PER_100000_POP,WHO Global Tuberculosis Report 2025 (https://www.who.int/teams/global-tuberculosis-programme/data),True
SH_TBS_INCD,VEN,Venezuela,2019,48.0,39.0,58.0,_T,_T,G,G,PER_100000_POP,WHO Global Tuberculosis Report 2025 (https://www.who.int/teams/global-tuberculosis-programme/data),True
SH_TBS_INCD,VEN,Venezuela,2020,47.0,38.0,57.0,_T,_T,G,G,PER_100000_POP,WHO Global Tuberculosis Report 2025 (https://www.who.int/teams/global-tuberculosis-programme/data),True
SH_TBS_INCD,VEN,Venezuela,2021,48.0,38.0,58.0,_T,_T,G,G,PER_100000_POP,WHO Global Tuberculosis Report 2025 (https://www.who.int/teams/global-tuberculosis-programme/data),True
SH_TBS_INCD,VEN,Venezuela,2022,48.0,39.0,58.0,_T,_T,G,G,PER_100000_POP,WHO Global Tuberculosis Report 2025 (https://www.who.int/teams/global-tuberculosis-programme/data),True
SH_TBS_INCD,VEN,Venezuela,2023,47.0,38.0,57.0,_T,_T,G,G,PER_100000_POP,WHO Global Tuberculosis Report 2025 (https://www.who.int/teams/global-tuberculosis-programme/data),True
SH_TBS_INCD,VEN,Venezuela,2024,46.0,37.0,56.0,_T,_T,G,G,PER_100000_POP,WHO Global Tuberculosis Report 2025 (https://www.who.int/teams/global-tuberculosis-programme/data),True
SH_DTH_NCOM,ARG,Argentina,2000,14.3,12.2,16.6,FEMALE,30-69,G,CA,PERCENT,"Global Health Estimates 2021: Deaths by Cause, Age, Sex, by Country and by Region, 2000-2021. Geneva, World Health Organization, 2024",False
SH_DTH_NCOM,ARG,Argentina,2000,20.0,17.3,22.9,BOTHSEX,30-69,G,CA,PERCENT,"Global Health Estimates 2021: Deaths by Cause, Age, Sex, by Country and by Region, 2000-2021. Geneva, World Health Organization, 2024",True
SH_DTH_NCOM,ARG,Argentina,2000,26.0,22.9,29.6,MALE,30-69,G,CA,PERCENT,"Global Health Estimates 2021: Deaths by Cause, Age, Sex, by Country and by Region, 2000-2021. Geneva, World Health Organization, 2024",False
SH_DTH_NCOM,ARG,Argentina,2005,13.3,11.2,15.4,FEMALE,30-69,G,CA,PERCENT,"Global Health Estimates 2021: Deaths by Cause, Age, Sex, by Country and by Region, 2000-2021. Geneva, World Health Organization, 2024",False
SH_DTH_NCOM,ARG,Argentina,2005,23.7,20.6,26.8,MALE,30-69,G,CA,PERCENT,"Global Health Estimates 2021: Deaths by Cause, Age, Sex, by Country and by Region, 2000-2021. Geneva, World Health Organization, 2024",False
SH_DTH_NCOM,ARG,Argentina,2005,18.3,15.7,20.9,BOTHSEX,30-69,G,CA,PERCENT,"Global Health Estimates 2021: Deaths by Cause, Age, Sex, by Country and by Region, 2000-2021. Geneva, World Health Organization, 2024",True
SH_DTH_NCOM,ARG,Argentina,2010,13.0,10.9,15.0,FEMALE,30-69,G,CA,PERCENT,"Global Health Estimates 2021: Deaths by Cause, Age, Sex, by Country and by Region, 2000-2021. Geneva, World Health Organization, 2024",False
SH_DTH_NCOM,ARG,Argentina,2010,17.3,14.8,19.7,BOTHSEX,30-69,G,CA,PERCENT,"Global Health Estimates 2021: Deaths by Cause, Age, Sex, by Country and by Region, 2000-2021. Geneva, World Health Organization, 2024",True
SH_DTH_NCOM,ARG,Argentina,2010,21.9,18.9,24.7,MALE,30-69,G,CA,PERCENT,"Global Health Estimates 2021: Deaths by Cause, Age, Sex, by Country and by Region, 2000-2021. Geneva, World Health Organization, 2024",False
SH_DTH_NCOM,ARG,Argentina,2015,20.1,17.1,22.7,MALE,30-69,G,CA,PERCENT,"Global Health Estimates 2021: Deaths by Cause, Age, Sex, by Country and by Region, 2000-2021. Geneva, World Health Organization, 2024",False
SH_DTH_NCOM,ARG,Argentina,2015,12.5,10.5,14.5,FEMALE,30-69,G,CA,PERCENT,"Global Health Estimates 2021: Deaths by Cause, Age, Sex, by Country and by Region, 2000-2021. Geneva, World Health Organization, 2024",False
SH_DTH_NCOM,ARG,Argentina,2015,16.2,13.7,18.5,BOTHSEX,30-69,G,CA,PERCENT,"Global Health Estimates 2021: Deaths by Cause, Age, Sex, by Country and by Region, 2000-2021. Geneva, World Health Organization, 2024",True
SH_DTH_NCOM,ARG,Argentina,2019,12.3,10.2,14.5,FEMALE,30-69,G,CA,PERCENT,"Global Health Estimates 2021: Deaths by Cause, Age, Sex, by Country and by Region, 2000-2021. Geneva, World Health Organization, 2024",False
SH_DTH_NCOM,ARG,Argentina,2019,19.1,16.0,21.7,MALE,30-69,G,CA,PERCENT,"Global Health Estimates 2021: Deaths by Cause, Age, Sex, by Country and by Region, 2000-2021. Geneva, World Health Organization, 2024",False
SH_DTH_NCOM,ARG,Argentina,2019,15.6,13.0,18.0,BOTHSEX,30-69,G,CA,PERCENT,"Global Health Estimates 2021: Deaths by Cause, Age, Sex, by Country and by Region, 2000-2021. Geneva, World Health Organization, 2024",True
SH_DTH_NCOM,ARG,Argentina,2020,14.7,12.2,17.0,BOTHSEX,30-69,G,CA,PERCENT,"Global Health Estimates 2021: Deaths by Cause, Age, Sex, by Country and by Region, 2000-2021. Geneva, World Health Organization, 2024",True
SH_DTH_NCOM,ARG,Argentina,2020,17.8,14.9,20.3,MALE,30-69,G,CA,PERCENT,"Global Health Estimates 2021: Deaths by Cause, Age, Sex, by Country and by Region, 2000-2021. Geneva, World Health Organization, 2024",False
SH_DTH_NCOM,ARG,Argentina,2020,11.7,9.6,13.8,FEMALE,30-69,G,CA,PERCENT,"Global Health Estimates 2021: Deaths by Cause, Age, Sex, by Country and by Region, 2000-2021. Geneva, World Health Organization, 2024",False
SH_DTH_NCOM,ARG,Argentina,2021,13.4,11.1,15.6,BOTHSEX,30-69,G,CA,PERCENT,"Global Health Estimates 2021: Deaths by Cause, Age, Sex, by Country and by Region, 2000-2021. Geneva, World Health Organization, 2024",True
SH_DTH_NCOM,ARG,Argentina,2021,10.9,8.9,12.9,FEMALE,30-69,G,CA,PERCENT,"Global Health Estimates 2021: Deaths by Cause, Age, Sex, by Country and by Region, 2000-2021. Geneva, World Health Organization, 2024",False
SH_DTH_NCOM,ARG,Argentina,2021,16.1,13.4,18.5,MALE,30-69,G,CA,PERCENT,"Global Health Estimates 2021: Deaths by Cause, Age, Sex, by Country and by Region, 2000-2021. Geneva, World Health Organization, 2024",False
SH_DTH_NCOM,BOL,Bolivia,2000,19.9,12.1,28.5,MALE,30-69,G,E,PERCENT,"Global Health Estimates 2021: Deaths by Cause, Age, Sex, by Country and by Region, 2000-2021. Geneva, World Health Organization, 2024",False
SH_DTH_NCOM,BOL,Bolivia,2000,20.6,12.4,30.1,BOTHSEX,30-69,G,E,PERCENT,"Global Health Estimates 2021: Deaths by Cause, Age, Sex, by Country and by Region, 2000-2021. Geneva, World Health Organization, 2024",True
SH_DTH_NCOM,BOL,Bolivia,2000,21.3,12.8,31.6,FEMALE,30-69,G,E,PERCENT,"Global Health Estimates 2021: Deaths by Cause, Age, Sex, by Country and by Region, 2000-2021. Geneva, World Health Organization, 2024",False
SH_DTH_NCOM,BOL,Bolivia,2005,17.7,10.4,25.4,MALE,30-69,G,E,PERCENT,"Global Health Estimates 2021: Deaths by Cause, Age, Sex, by Country and by Region, 2000-2021. Geneva, World Health Organization, 2024",False
SH_DTH_NCOM,BOL,Bolivia,2005,18.6,11.0,27.2,BOTHSEX,30-69,G,E,PERCENT,"Global Health Estimates 2021: Deaths by Cause, Age, Sex, by Country and by Region, 2000-2021. Geneva, World Health Organization, 2024",True
SH_DTH_NCOM,BOL,Bolivia,2005,19.4,11.5,28.9,FEMALE,30-69,G,E,PERCENT,"Global Health Estimates 2021: Deaths by Cause, Age, Sex, by Country and by Region, 2000-2021. Geneva, World Health Organization, 2024",False
SH_DTH_NCOM,BOL,Bolivia,2010,17.8,10.3,26.5,BOTHSEX,30-69,G,E,PERCENT,"Global Health Estimates 2021: Deaths by Cause, Age, Sex, by Country and by Region, 2000-2021. Geneva, World Health Organization, 2024",True
SH_DTH_NCOM,BOL,Bolivia,2010,18.7,10.9,28.3,FEMALE,30-69,G,E,PERCENT,"Global Health Estimates 2021: Deaths by Cause, Age, Sex, by Country and by Region, 2000-2021. Geneva, World Health Organization, 2024",False
SH_DTH_NCOM,BOL,Bolivia,2010,17.0,9.7,24.7,MALE,30-69,G,E,PERCENT,"Global Health Estimates 2021: Deaths by Cause, Age, Sex, by Country and by Region, 2000-2021. Geneva, World Health Organization, 2024",False
SH_DTH_NCOM,BOL,Bolivia,2015,16.6,9.4,24.4,MALE,30-69,G,E,PERCENT,"Global Health Estimates 2021: Deaths by Cause, Age, Sex, by Country and by Region, 2000-2021. Geneva, World Health Organization, 2024",False
SH_DTH_NCOM,BOL,Bolivia,2015,17.7,10.3,27.3,FEMALE,30-69,G,E,PERCENT,"Global Health Estimates 2021: Deaths by Cause, Age, Sex, by Country and by Region, 2000-2021. Geneva, World Health Organization, 2024",False
SH_DTH_NCOM,BOL,Bolivia,2015,17.1,9.8,25.9,BOTHSEX,30-69,G,E,PERCENT,"Global Health Estimates 2021: Deaths by Cause, Age, Sex, by Country and by Region, 2000-2021. Geneva, World Health Organization, 2024",True
SH_DTH_NCOM,BOL,Bolivia,2019,16.6,9.5,25.3,BOTHSEX,30-69,G,E,PERCENT,"Global Health Estimates 2021: Deaths by Cause, Age, Sex, by Country and by Region, 2000-2021. Geneva, World Health Organization, 2024",True
SH_DTH_NCOM,BOL,Bolivia,2019,17.0,10.0,26.5,FEMALE,30-69,G,E,PERCENT,"Global Health Estimates 2021: Deaths by Cause, Age, Sex, by Country and by Region, 2000-2021. Geneva, World Health Organization, 2024",False
SH_DTH_NCOM,BOL,Bolivia,2019,16.1,9.1,24.1,MALE,30-69,G,E,PERCENT,"Global Health Estimates 2021: Deaths by Cause, Age, Sex, by Country and by Region, 2000-2021. Geneva, World Health Organization, 2024",False
SH_DTH_NCOM,BOL,Bolivia,2020,16.7,9.8,26.1,FEMALE,30-69,G,E,PERCENT,"Global Health Estimates 2021: Deaths by Cause, Age, Sex, by Country and by Region, 2000-2021. Geneva, World Health Organization, 2024",False
SH_DTH_NCOM,BOL,Bolivia,2020,23.0,13.3,33.8,MALE,30-69,G,E,PERCENT,"Global Health Estimates 2021: Deaths by Cause, Age, Sex, by Country and by Region, 2000-2021. Geneva, World Health Organization, 2024",False
SH_DTH_NCOM,BOL,Bolivia,2020,19.8,11.5,30.0,BOTHSEX,30-69,G,E,PERCENT,"Global Health Estimates 2021: Deaths by Cause, Age, Sex, by Country and by Region, 2000-2021. Geneva, World Health Organization, 2024",True
SH_DTH_NCOM,BOL,Bolivia,2021,21.0,12.1,31.3,MALE,30-69,G,E,PERCENT,"Global Health Estimates 2021: Deaths by Cause, Age, Sex, by Country and by Region, 2000-2021. Geneva, World Health Organization, 2024",False
SH_DTH_NCOM,BOL,Bolivia,2021,18.9,11.1,29.4,FEMALE,30-69,G,E,PERCENT,"Global Health Estimates 2021: Deaths by Cause, Age, Sex, by Country and by Region, 2000-2021. Geneva, World Health Organization, 2024",False
SH_DTH_NCOM,BOL,Bolivia,2021,19.9,11.6,30.3,BOTHSEX,30-69,G,E,PERCENT,"Global Health Estimates 2021: Deaths by Cause, Age, Sex, by Country and by Region, 2000-2021. Geneva, World Health Organization, 2024",True
SH_DTH_NCOM,BRA,Brazil,2000,17.2,16.7,18.9,FEMALE,30-69,G,CA,PERCENT,"Global Health Estimates 2021: Deaths by Cause, Age, Sex, by Country and by Region, 2000-2021. Geneva, World Health Organization, 2024",False
SH_DTH_NCOM,BRA,Brazil,2000,20.8,20.3,22.7,BOTHSEX,30-69,G,CA,PERCENT,"Global Health Estimates 2021: Deaths by Cause, Age, Sex, by Country and by Region, 2000-2021. Geneva, World Health Organization, 2024",True
SH_DTH_NCOM,BRA,Brazil,2000,24.8,24.3,27.0,MALE,30-69,G,CA,PERCENT,"Global Health Estimates 2021: Deaths by Cause, Age, Sex, by Country and by Region, 2000-2021. Geneva, World Health Organization, 2024",False
SH_DTH_NCOM,BRA,Brazil,2005,22.2,21.6,24.0,MALE,30-69,G,CA,PERCENT,"Global Health Estimates 2021: Deaths by Cause, Age, Sex, by Country and by Region, 2000-2021. Geneva, World Health Organization, 2024",False
SH_DTH_NCOM,BRA,Brazil,2005,15.3,14.9,16.9,FEMALE,30-69,G,CA,PERCENT,"Global Health Estimates 2021: Deaths by Cause, Age, Sex, by Country and by Region, 2000-2021. Geneva, World Health Organization, 2024",False
SH_DTH_NCOM,BRA,Brazil,2005,18.7,18.2,20.4,BOTHSEX,30-69,G,CA,PERCENT,"Global Health Estimates 2021: Deaths by Cause, Age, Sex, by Country and by Region, 2000-2021. Geneva, World Health Organization, 2024",True
SH_DTH_NCOM,BRA,Brazil,2010,17.4,16.7,18.8,BOTHSEX,30-69,G,CA,PERCENT,"Global Health Estimates 2021: Deaths by Cause, Age, Sex, by Country and by Region, 2000-2021. Geneva, World Health Organization, 2024",True
SH_DTH_NCOM,BRA,Brazil,2010,20.8,19.8,22.1,MALE,30-69,G,CA,PERCENT,"Global Health Estimates 2021: Deaths by Cause, Age, Sex, by Country and by Region, 2000-2021. Geneva, World Health Organization, 2024",False
SH_DTH_NCOM,BRA,Brazil,2010,14.2,13.7,15.6,FEMALE,30-69,G,CA,PERCENT,"Global Health Estimates 2021: Deaths by Cause, Age, Sex, by Country and by Region, 2000-2021. Geneva, World Health Organization, 2024",False
SH_DTH_NCOM,BRA,Brazil,2015,16.1,15.2,17.2,BOTHSEX,30-69,G,CA,PERCENT,"Global Health Estimates 2021: Deaths by Cause, Age, Sex, by Country and by Region, 2000-2021. Geneva, World Health Organization, 2024",True
SH_DTH_NCOM,BRA,Brazil,2015,13.1,12.4,14.3,FEMALE,30-69,G,CA,PERCENT,"Global Health Estimates 2021: Deaths by Cause, Age, Sex, by Country and by Region, 2000-2021. Geneva, World Health Organization, 2024",False
SH_DTH_NCOM,BRA,Brazil,2015,19.3,18.1,20.3,MALE,30-69,G,CA,PERCENT,"Global Health Estimates 2021: Deaths by Cause, Age, Sex, by Country and by Region, 2000-2021. Geneva, World Health Organization, 2024",False
SH_DTH_NCOM,BRA,Brazil,2019,15.1,14.2,16.2,BOTHSEX,30-69,G,CA,PERCENT,"Global Health Estimates 2021: Deaths by Cause, Age, Sex, by Country and by Region, 2000-2021. Geneva, World Health Organization, 2024",True
SH_DTH_NCOM,BRA,Brazil,2019,12.4,11.7,13.5,FEMALE,30-69,G,CA,PERCENT,"Global Health Estimates 2021: Deaths by Cause, Age, Sex, by Country and by Region, 2000-2021. Geneva, World Health Organization, 2024",False
SH_DTH_NCOM,BRA,Brazil,2019,18.0,16.8,19.0,MALE,30-69,G,CA,PERCENT,"Global Health Estimates 2021: Deaths by Cause, Age, Sex, by Country and by Region, 2000-2021. Geneva, World Health Organization, 2024",False
SH_DTH_NCOM,BRA,Brazil,2020,17.6,16.3,18.6,MALE,30-69,G,CA,PERCENT,"Global Health Estimates 2021: Deaths by Cause, Age, Sex, by Country and by Region, 2000-2021. Geneva, World Health Organization, 2024",False
SH_DTH_NCOM,BRA,Brazil,2020,14.7,13.7,15.8,BOTHSEX,30-69,G,CA,PERCENT,"Global Health Estimates 2021: Deaths by Cause, Age, Sex, by Country and by Region, 2000-2021. Geneva, World Health Organization, 2024",True
SH_DTH_NCOM,BRA,Brazil,2020,12.0,11.3,13.2,FEMALE,30-69,G,CA,PERCENT,"Global Health Estimates 2021: Deaths by Cause, Age, Sex, by Country and by Region, 2000-2021. Geneva, World Health Organization, 2024",False
SH_DTH_NCOM,BRA,Brazil,2021,14.5,13.4,15.8,BOTHSEX,30-69,G,CA,PERCENT,"Global Health Estimates 2021: Deaths by Cause, Age, Sex, by Country and by Region, 2000-2021. Geneva, World Health Organization, 2024",True
SH_DTH_NCOM,BRA,Brazil,2021,12.0,11.2,13.2,FEMALE,30-69,G,CA,PERCENT,"Global Health Estimates 2021: Deaths by Cause, Age, Sex, by Country and by Region, 2000-2021. Geneva, World Health Organization, 2024",False
SH_DTH_NCOM,BRA,Brazil,2021,17.3,15.9,18.5,MALE,30-69,G,CA,PERCENT,"Global Health Estimates 2021: Deaths by Cause, Age, Sex, by Country and by Region, 2000-2021. Geneva, World Health Organization, 2024",False
SH_DTH_NCOM,CHL,Chile,2000,16.4,13.8,18.5,MALE,30-69,G,CA,PERCENT,"Global Health Estimates 2021: Deaths by Cause, Age, Sex, by Country and by Region, 2000-2021. Geneva, World Health Organization, 2024",False
SH_DTH_NCOM,CHL,Chile,2000,14.0,11.8,16.1,BOTHSEX,30-69,G,CA,PERCENT,"Global Health Estimates 2021: Deaths by Cause, Age, Sex, by Country and by Region, 2000-2021. Geneva, World Health Organization, 2024",True
SH_DTH_NCOM,CHL,Chile,2000,11.8,9.9,13.7,FEMALE,30-69,G,CA,PERCENT,"Global Health Estimates 2021: Deaths by Cause, Age, Sex, by Country and by Region, 2000-2021. Geneva, World Health Organization, 2024",False
SH_DTH_NCOM,CHL,Chile,2005,11.2,9.5,13.1,FEMALE,30-69,G,CA,PERCENT,"Global Health Estimates 2021: Deaths by Cause, Age, Sex, by Country and by Region, 2000-2021. Geneva, World Health Organization, 2024",False
SH_DTH_NCOM,CHL,Chile,2005,13.5,11.4,15.5,BOTHSEX,30-69,G,CA,PERCENT,"Global Health Estimates 2021: Deaths by Cause, Age, Sex, by Country and by Region, 2000-2021. Geneva, World Health Organization, 2024",True
SH_DTH_NCOM,CHL,Chile,2005,15.9,13.5,18.1,MALE,30-69,G,CA,PERCENT,"Global Health Estimates 2021: Deaths by Cause, Age, Sex, by Country and by Region, 2000-2021. Geneva, World Health Organization, 2024",False
SH_DTH_NCOM,CHL,Chile,2010,15.2,12.8,17.3,MALE,30-69,G,CA,PERCENT,"Global Health Estimates 2021: Deaths by Cause, Age, Sex, by Country and by Region, 2000-2021. Geneva, World Health Organization, 2024",False
SH_DTH_NCOM,CHL,Chile,2010,12.9,10.8,14.8,BOTHSEX,30-69,G,CA,PERCENT,"Global Health Estimates 2021: Deaths by Cause, Age, Sex, by Country and by Region, 2000-2021. Geneva, World Health Organization, 2024",True
SH_DTH_NCOM,CHL,Chile,2010,10.6,8.9,12.4,FEMALE,30-69,G,CA,PERCENT,"Global Health Estimates 2021: Deaths by Cause, Age, Sex, by Country and by Region, 2000-2021. Geneva, World Health Organization, 2024",False
SH_DTH_NCOM,CHL,Chile,2015,9.5,7.9,11.1,FEMALE,30-69,G,CA,PERCENT,"Global Health Estimates 2021: Deaths by Cause, Age, Sex, by Country and by Region, 2000-2021. Geneva, World Health Organization, 2024",False
SH_DTH_NCOM,CHL,Chile,2015,13.7,11.5,15.7,MALE,30-69,G,CA,PERCENT,"Global Health Estimates 2021: Deaths by Cause, Age, Sex, by Country and by Region, 2000-2021. Geneva, World Health Organization, 2024",False
SH_DTH_NCOM,CHL,Chile,2015,11.5,9.6,13.4,BOTHSEX,30-69,G,CA,PERCENT,"Global Health Estimates 2021: Deaths by Cause, Age, Sex, by Country and by Region, 2000-2021. Geneva, World Health Organization, 2024",True
SH_DTH_NCOM,CHL,Chile,2019,12.1,10.1,14.0,MALE,30-69,G,CA,PERCENT,"Global Health Estimates 2021: Deaths by Cause, Age, Sex, by Country and by Region, 2000-2021. Geneva, World Health Organization, 2024",False
SH_DTH_NCOM,CHL,Chile,2019,8.5,6.9,10.0,FEMALE,30-69,G,CA,PERCENT,"Global Health Estimates 2021: Deaths by Cause, Age, Sex, by Country and by Region, 2000-2021. Geneva, World Health Organization, 2024",False
SH_DTH_NCOM,CHL,Chile,2019,10.2,8.4,12.0,BOTHSEX,30-69,G,CA,PERCENT,"Global Health Estimates 2021: Deaths by Cause, Age, Sex, by Country and by Region, 2000-2021. Geneva, World Health Organization, 2024",True
SH_DTH_NCOM,CHL,Chile,2020,8.2,6.7,9.9,FEMALE,30-69,G,CA,PERCENT,"Global Health Estimates 2021: Deaths by Cause, Age, Sex, by Country and by Region, 2000-2021. Geneva, World Health Organization, 2024",False
SH_DTH_NCOM,CHL,Chile,2020,9.9,8.1,11.7,BOTHSEX,30-69,G,CA,PERCENT,"Global Health Estimates 2021: Deaths by Cause, Age, Sex, by Country and by Region, 2000-2021. Geneva, World Health Organization, 2024",True
SH_DTH_NCOM,CHL,Chile,2020,11.6,9.7,13.6,MALE,30-69,G,CA,PERCENT,"Global Health Estimates 2021: Deaths by Cause, Age, Sex, by Country and by Region, 2000-2021. Geneva, World Health Organization, 2024",False
SH_DTH_NCOM,CHL,Chile,2021,11.2,9.3,13.2,MALE,30-69,G,CA,PERCENT,"Global Health Estimates 2021: Deaths by Cause, Age, Sex, by Country and by Region, 2000-2021. Geneva, World Health Organization, 2024",False
SH_DTH_NCOM,CHL,Chile,2021,7.6,6.1,9.2,FEMALE,30-69,G,CA,PERCENT,"Global Health Estimates 2021: Deaths by Cause, Age, Sex, by Country and by Region, 2000-2021. Geneva, World Health Organization, 2024",False
SH_DTH_NCOM,CHL,Chile,2021,9.4,7.7,11.2,BOTHSEX,30-69,G,CA,PERCENT,"Global Health Estimates 2021: Deaths by Cause, Age, Sex, by Country and by Region, 2000-2021. Geneva, World Health Organization, 2024",True
SH_DTH_NCOM,COL,Colombia,2000,16.6,14.6,19.2,BOTHSEX,30-69,G,CA,PERCENT,"Global Health Estimates 2021: Deaths by Cause, Age, Sex, by Country and by Region, 2000-2021. Geneva, World Health Organization, 2024",True
SH_DTH_NCOM,COL,Colombia,2000,15.9,13.9,18.6,FEMALE,30-69,G,CA,PERCENT,"Global Health Estimates 2021: Deaths by Cause, Age, Sex, by Country and by Region, 2000-2021. Geneva, World Health Organization, 2024",False
SH_DTH_NCOM,COL,Colombia,2000,17.5,15.4,19.9,MALE,30-69,G,CA,PERCENT,"Global Health Estimates 2021: Deaths by Cause, Age, Sex, by Country and by Region, 2000-2021. Geneva, World Health Organization, 2024",False
SH_DTH_NCOM,COL,Colombia,2005,13.3,11.5,15.5,FEMALE,30-69,G,CA,PERCENT,"Global Health Estimates 2021: Deaths by Cause, Age, Sex, by Country and by Region, 2000-2021. Geneva, World Health Organization, 2024",False
SH_DTH_NCOM,COL,Colombia,2005,14.4,12.6,16.7,BOTHSEX,30-69,G,CA,PERCENT,"Global Health Estimates 2021: Deaths by Cause, Age, Sex, by Country and by Region, 2000-2021. Geneva, World Health Organization, 2024",True
SH_DTH_NCOM,COL,Colombia,2005,15.7,13.8,18.0,MALE,30-69,G,CA,PERCENT,"Global Health Estimates 2021: Deaths by Cause, Age, Sex, by Country and by Region, 2000-2021. Geneva, World Health Organization, 2024",False
SH_DTH_NCOM,COL,Colombia,2010,10.9,9.3,12.7,FEMALE,30-69,G,CA,PERCENT,"Global Health Estimates 2021: Deaths by Cause, Age, Sex, by Country and by Region, 2000-2021. Geneva, World Health Organization, 2024",False
SH_DTH_NCOM,COL,Colombia,2010,11.5,9.9,13.3,BOTHSEX,30-69,G,CA,PERCENT,"Global Health Estimates 2021: Deaths by Cause, Age, Sex, by Country and by Region, 2000-2021. Geneva, World Health Organization, 2024",True
SH_DTH_NCOM,COL,Colombia,2010,12.3,10.6,14.0,MALE,30-69,G,CA,PERCENT,"Global Health Estimates 2021: Deaths by Cause, Age, Sex, by Country and by Region, 2000-2021. Geneva, World Health Organization, 2024",False
SH_DTH_NCOM,COL,Colombia,2015,10.5,9.0,12.1,BOTHSEX,30-69,G,CA,PERCENT,"Global Health Estimates 2021: Deaths by Cause, Age, Sex, by Country and by Region, 2000-2021. Geneva, World Health Organization, 2024",True
SH_DTH_NCOM,COL,Colombia,2015,9.8,8.3,11.4,FEMALE,30-69,G,CA,PERCENT,"Global Health Estimates 2021: Deaths by Cause, Age, Sex, by Country and by Region, 2000-2021. Geneva, World Health Organization, 2024",False
SH_DTH_NCOM,COL,Colombia,2015,11.3,9.7,13.0,MALE,30-69,G,CA,PERCENT,"Global Health Estimates 2021: Deaths by Cause, Age, Sex, by Country and by Region, 2000-2021. Geneva, World Health Organization, 2024",False
SH_DTH_NCOM,COL,Colombia,2019,10.3,8.7,11.9,BOTHSEX,30-69,G,CA,PERCENT,"Global Health Estimates 2021: Deaths by Cause, Age, Sex, by Country and by Region, 2000-2021. Geneva, World Health Organization, 2024",True
SH_DTH_NCOM,COL,Colombia,2019,11.4,9.8,13.1,MALE,30-69,G,CA,PERCENT,"Global Health Estimates 2021: Deaths by Cause, Age, Sex, by Country and by Region, 2000-2021. Geneva, World Health Organization, 2024",False
SH_DTH_NCOM,COL,Colombia,2019,9.2,7.7,10.8,FEMALE,30-69,G,CA,PERCENT,"Global Health Estimates 2021: Deaths by Cause, Age, Sex, by Country and by Region, 2000-2021. Geneva, World Health Organization, 2024",False
SH_DTH_NCOM,COL,Colombia,2020,9.4,7.7,11.2,FEMALE,30-69,G,CA,PERCENT,"Global Health Estimates 2021: Deaths by Cause, Age, Sex, by Country and by Region, 2000-2021. Geneva, World Health Organization, 2024",False
SH_DTH_NCOM,COL,Colombia,2020,11.6,9.6,13.7,MALE,30-69,G,CA,PERCENT,"Global Health Estimates 2021: Deaths by Cause, Age, Sex, by Country and by Region, 2000-2021. Geneva, World Health Organization, 2024",False
SH_DTH_NCOM,COL,Colombia,2020,10.4,8.6,12.4,BOTHSEX,30-69,G,CA,PERCENT,"Global Health Estimates 2021: Deaths by Cause, Age, Sex, by Country and by Region, 2000-2021. Geneva, World Health Organization, 2024",True
SH_DTH_NCOM,COL,Colombia,2021,10.3,7.9,12.9,BOTHSEX,30-69,G,CA,PERCENT,"Global Health Estimates 2021: Deaths by Cause, Age, Sex, by Country and by Region, 2000-2021. Geneva, World Health Organization, 2024",True
SH_DTH_NCOM,COL,Colombia,2021,9.1,7.1,11.4,FEMALE,30-69,G,CA,PERCENT,"Global Health Estimates 2021: Deaths by Cause, Age, Sex, by Country and by Region, 2000-2021. Geneva, World Health Organization, 2024",False
SH_DTH_NCOM,COL,Colombia,2021,11.5,8.8,14.5,MALE,30-69,G,CA,PERCENT,"Global Health Estimates 2021: Deaths by Cause, Age, Sex, by Country and by Region, 2000-2021. Geneva, World Health Organization, 2024",False
SH_DTH_NCOM,CRI,Costa Rica,2000,10.7,9.0,12.7,FEMALE,30-69,G,CA,PERCENT,"Global Health Estimates 2021: Deaths by Cause, Age, Sex, by Country and by Region, 2000-2021. Geneva, World Health Organization, 2024",False
SH_DTH_NCOM,CRI,Costa Rica,2000,14.5,13.2,17.7,MALE,30-69,G,CA,PERCENT,"Global Health Estimates 2021: Deaths by Cause, Age, Sex, by Country and by Region, 2000-2021. Geneva, World Health Organization, 2024",False
SH_DTH_NCOM,CRI,Costa Rica,2000,12.5,11.0,15.1,BOTHSEX,30-69,G,CA,PERCENT,"Global Health Estimates 2021: Deaths by Cause, Age, Sex, by Country and by Region, 2000-2021. Geneva, World Health Organization, 2024",True
SH_DTH_NCOM,CRI,Costa Rica,2005,12.3,11.1,15.1,MALE,30-69,G,CA,PERCENT,"Global Health Estimates 2021: Deaths by Cause, Age, Sex, by Country and by Region, 2000-2021. Geneva, World Health Organization, 2024",False
SH_DTH_NCOM,CRI,Costa Rica,2005,9.4,7.8,11.3,FEMALE,30-69,G,CA,PERCENT,"Global Health Estimates 2021: Deaths by Cause, Age, Sex, by Country and by Region, 2000-2021. Geneva, World Health Organization, 2024",False
SH_DTH_NCOM,CRI,Costa Rica,2005,10.8,9.4,13.1,BOTHSEX,30-69,G,CA,PERCENT,"Global Health Estimates 2021: Deaths by Cause, Age, Sex, by Country and by Region, 2000-2021. Geneva, World Health Organization, 2024",True
SH_DTH_NCOM,CRI,Costa Rica,2010,10.9,9.4,13.3,BOTHSEX,30-69,G,CA,PERCENT,"Global Health Estimates 2021: Deaths by Cause, Age, Sex, by Country and by Region, 2000-2021. Geneva, World Health Organization, 2024",True
SH_DTH_NCOM,CRI,Costa Rica,2010,12.8,11.4,15.8,MALE,30-69,G,CA,PERCENT,"Global Health Estimates 2021: Deaths by Cause, Age, Sex, by Country and by Region, 2000-2021. Geneva, World Health Organization, 2024",False
SH_DTH_NCOM,CRI,Costa Rica,2010,9.2,7.6,11.0,FEMALE,30-69,G,CA,PERCENT,"Global Health Estimates 2021: Deaths by Cause, Age, Sex, by Country and by Region, 2000-2021. Geneva, World Health Organization, 2024",False
SH_DTH_NCOM,CRI,Costa Rica,2015,7.7,6.3,9.3,FEMALE,30-69,G,CA,PERCENT,"Global Health Estimates 2021: Deaths by Cause, Age, Sex, by Country and by Region, 2000-2021. Geneva, World Health Organization, 2024",False
SH_DTH_NCOM,CRI,Costa Rica,2015,9.6,8.2,11.7,BOTHSEX,30-69,G,CA,PERCENT,"Global Health Estimates 2021: Deaths by Cause, Age, Sex, by Country and by Region, 2000-2021. Geneva, World Health Organization, 2024",True
SH_DTH_NCOM,CRI,Costa Rica,2015,11.7,10.2,14.3,MALE,30-69,G,CA,PERCENT,"Global Health Estimates 2021: Deaths by Cause, Age, Sex, by Country and by Region, 2000-2021. Geneva, World Health Organization, 2024",False
SH_DTH_NCOM,CRI,Costa Rica,2019,11.4,9.7,14.0,MALE,30-69,G,CA,PERCENT,"Global Health Estimates 2021: Deaths by Cause, Age, Sex, by Country and by Region, 2000-2021. Geneva, World Health Organization, 2024",False
SH_DTH_NCOM,CRI,Costa Rica,2019,9.9,8.2,12.0,BOTHSEX,30-69,G,CA,PERCENT,"Global Health Estimates 2021: Deaths by Cause, Age, Sex, by Country and by Region, 2000-2021. Geneva, World Health Organization, 2024",True
SH_DTH_NCOM,CRI,Costa Rica,2019,8.5,6.8,10.3,FEMALE,30-69,G,CA,PERCENT,"Global Health Estimates 2021: Deaths by Cause, Age, Sex, by Country and by Region, 2000-2021. Geneva, World Health Organization, 2024",False
SH_DTH_NCOM,CRI,Costa Rica,2020,8.4,6.7,10.2,FEMALE,30-69,G,CA,PERCENT,"Global Health Estimates 2021: Deaths by Cause, Age, Sex, by Country and by Region, 2000-2021. Geneva, World Health Organization, 2024",False
SH_DTH_NCOM,CRI,Costa Rica,2020,11.9,10.0,14.8,MALE,30-69,G,CA,PERCENT,"Global Health Estimates 2021: Deaths by Cause, Age, Sex, by Country and by Region, 2000-2021. Geneva, World Health Organization, 2024",False
SH_DTH_NCOM,CRI,Costa Rica,2020,10.1,8.2,12.4,BOTHSEX,30-69,G,CA,PERCENT,"Global Health Estimates 2021: Deaths by Cause, Age, Sex, by Country and by Region, 2000-2021. Geneva, World Health Organization, 2024",True
SH_DTH_NCOM,CRI,Costa Rica,2021,9.9,7.9,12.5,BOTHSEX,30-69,G,CA,PERCENT,"Global Health Estimates 2021: Deaths by Cause, Age, Sex, by Country and by Region, 2000-2021. Geneva, World Health Organization, 2024",True
SH_DTH_NCOM,CRI,Costa Rica,2021,8.6,6.7,10.6,FEMALE,30-69,G,CA,PERCENT,"Global Health Estimates 2021: Deaths by Cause, Age, Sex, by Country and by Region, 2000-2021. Geneva, World Health Organization, 2024",False
SH_DTH_NCOM,CRI,Costa Rica,2021,11.4,9.2,14.5,MALE,30-69,G,CA,PERCENT,"Global Health Estimates 2021: Deaths by Cause, Age, Sex, by Country and by Region, 2000-2021. Geneva, World Health Organization, 2024",False
SH_DTH_NCOM,CUB,Cuba,2000,20.1,17.6,22.7,MALE,30-69,G,CA,PERCENT,"Global Health Estimates 2021: Deaths by Cause, Age, Sex, by Country and by Region, 2000-2021. Geneva, World Health Organization, 2024",False
SH_DTH_NCOM,CUB,Cuba,2000,15.6,13.4,18.0,FEMALE,30-69,G,CA,PERCENT,"Global Health Estimates 2021: Deaths by Cause, Age, Sex, by Country and by Region, 2000-2021. Geneva, World Health Organization, 2024",False
SH_DTH_NCOM,CUB,Cuba,2000,17.9,15.5,20.3,BOTHSEX,30-69,G,CA,PERCENT,"Global Health Estimates 2021: Deaths by Cause, Age, Sex, by Country and by Region, 2000-2021. Geneva, World Health Organization, 2024",True
SH_DTH_NCOM,CUB,Cuba,2005,14.8,12.7,17.1,FEMALE,30-69,G,CA,PERCENT,"Global Health Estimates 2021: Deaths by Cause, Age, Sex, by Country and by Region, 2000-2021. Geneva, World Health Organization, 2024",False
SH_DTH_NCOM,CUB,Cuba,2005,17.3,15.0,19.8,BOTHSEX,30-69,G,CA,PERCENT,"Global Health Estimates 2021: Deaths by Cause, Age, Sex, by Country and by Region, 2000-2021. Geneva, World Health Organization, 2024",True
SH_DTH_NCOM,CUB,Cuba,2005,19.8,17.3,22.4,MALE,30-69,G,CA,PERCENT,"Global Health Estimates 2021: Deaths by Cause, Age, Sex, by Country and by Region, 2000-2021. Geneva, World Health Organization, 2024",False
SH_DTH_NCOM,CUB,Cuba,2010,14.6,12.4,16.9,FEMALE,30-69,G,CA,PERCENT,"Global Health Estimates 2021: Deaths by Cause, Age, Sex, by Country and by Region, 2000-2021. Geneva, World Health Organization, 2024",False
SH_DTH_NCOM,CUB,Cuba,2010,19.9,17.5,22.7,MALE,30-69,G,CA,PERCENT,"Global Health Estimates 2021: Deaths by Cause, Age, Sex, by Country and by Region, 2000-2021. Geneva, World Health Organization, 2024",False
SH_DTH_NCOM,CUB,Cuba,2010,17.2,14.9,19.7,BOTHSEX,30-69,G,CA,PERCENT,"Global Health Estimates 2021: Deaths by Cause, Age, Sex, by Country and by Region, 2000-2021. Geneva, World Health Organization, 2024",True
SH_DTH_NCOM,CUB,Cuba,2015,16.6,14.3,19.1,BOTHSEX,30-69,G,CA,PERCENT,"Global Health Estimates 2021: Deaths by Cause, Age, Sex, by Country and by Region, 2000-2021. Geneva, World Health Organization, 2024",True
SH_DTH_NCOM,CUB,Cuba,2015,19.5,17.1,22.5,MALE,30-69,G,CA,PERCENT,"Global Health Estimates 2021: Deaths by Cause, Age, Sex, by Country and by Region, 2000-2021. Geneva, World Health Organization, 2024",False
SH_DTH_NCOM,CUB,Cuba,2015,13.7,11.7,15.9,FEMALE,30-69,G,CA,PERCENT,"Global Health Estimates 2021: Deaths by Cause, Age, Sex, by Country and by Region, 2000-2021. Geneva, World Health Organization, 2024",False
SH_DTH_NCOM,CUB,Cuba,2019,20.1,17.5,23.5,MALE,30-69,G,CA,PERCENT,"Global Health Estimates 2021: Deaths by Cause, Age, Sex, by Country and by Region, 2000-2021. Geneva, World Health Organization, 2024",False
SH_DTH_NCOM,CUB,Cuba,2019,13.7,11.5,16.1,FEMALE,30-69,G,CA,PERCENT,"Global Health Estimates 2021: Deaths by Cause, Age, Sex, by Country and by Region, 2000-2021. Geneva, World Health Organization, 2024",False
SH_DTH_NCOM,CUB,Cuba,2019,16.8,14.4,19.7,BOTHSEX,30-69,G,CA,PERCENT,"Global Health Estimates 2021: Deaths by Cause, Age, Sex, by Country and by Region, 2000-2021. Geneva, World Health Organization, 2024",True
SH_DTH_NCOM,CUB,Cuba,2020,20.3,17.5,23.8,MALE,30-69,G,CA,PERCENT,"Global Health Estimates 2021: Deaths by Cause, Age, Sex, by Country and by Region, 2000-2021. Geneva, World Health Organization, 2024",False
SH_DTH_NCOM,CUB,Cuba,2020,16.9,14.3,19.9,BOTHSEX,30-69,G,CA,PERCENT,"Global Health Estimates 2021: Deaths by Cause, Age, Sex, by Country and by Region, 2000-2021. Geneva, World Health Organization, 2024",True
SH_DTH_NCOM,CUB,Cuba,2020,13.7,11.5,16.3,FEMALE,30-69,G,CA,PERCENT,"Global Health Estimates 2021: Deaths by Cause, Age, Sex, by Country and by Region, 2000-2021. Geneva, World Health Organization, 2024",False
SH_DTH_NCOM,CUB,Cuba,2021,13.9,11.1,17.1,FEMALE,30-69,G,CA,PERCENT,"Global Health Estimates 2021: Deaths by Cause, Age, Sex, by Country and by Region, 2000-2021. Geneva, World Health Organization, 2024",False
SH_DTH_NCOM,CUB,Cuba,2021,17.6,14.2,21.6,BOTHSEX,30-69,G,CA,PERCENT,"Global Health Estimates 2021: Deaths by Cause, Age, Sex, by Country and by Region, 2000-2021. Geneva, World Health Organization, 2024",True
SH_DTH_NCOM,CUB,Cuba,2021,21.5,17.6,26.4,MALE,30-69,G,CA,PERCENT,"Global Health Estimates 2021: Deaths by Cause, Age, Sex, by Country and by Region, 2000-2021. Geneva, World Health Organization, 2024",False
SH_DTH_NCOM,DOM,Dominican Republic,2000,13.2,10.0,18.5,FEMALE,30-69,G,E,PERCENT,"Global Health Estimates 2021: Deaths by Cause, Age, Sex, by Country and by Region, 2000-2021. Geneva, World Health Organization, 2024",False
SH_DTH_NCOM,DOM,Dominican Republic,2000,18.5,15.1,27.6,MALE,30-69,G,E,PERCENT,"Global Health Estimates 2021: Deaths by Cause, Age, Sex, by Country and by Region, 2000-2021. Geneva, World Health Organization, 2024",False
SH_DTH_NCOM,DOM,Dominican Republic,2000,15.8,12.4,22.8,BOTHSEX,30-69,G,E,PERCENT,"Global Health Estimates 2021: Deaths by Cause, Age, Sex, by Country and by Region, 2000-2021. Geneva, World Health Organization, 2024",True
SH_DTH_NCOM,DOM,Dominican Republic,2005,19.5,15.5,29.2,MALE,30-69,G,E,PERCENT,"Global Health Estimates 2021: Deaths by Cause, Age, Sex, by Country and by Region, 2000-2021. Geneva, World Health Organization, 2024",False
SH_DTH_NCOM,DOM,Dominican Republic,2005,13.8,10.0,19.0,FEMALE,30-69,G,E,PERCENT,"Global Health Estimates 2021: Deaths by Cause, Age, Sex, by Country and by Region, 2000-2021. Geneva, World Health Organization, 2024",False
SH_DTH_NCOM,DOM,Dominican Republic,2005,16.6,12.6,23.8,BOTHSEX,30-69,G,E,PERCENT,"Global Health Estimates 2021: Deaths by Cause, Age, Sex, by Country and by Region, 2000-2021. Geneva, World Health Organization, 2024",True
SH_DTH_NCOM,DOM,Dominican Republic,2010,14.1,9.6,19.1,FEMALE,30-69,G,E,PERCENT,"Global Health Estimates 2021: Deaths by Cause, Age, Sex, by Country and by Region, 2000-2021. Geneva, World Health Organization, 2024",False
SH_DTH_NCOM,DOM,Dominican Republic,2010,18.7,13.8,27.4,MALE,30-69,G,E,PERCENT,"Global Health Estimates 2021: Deaths by Cause, Age, Sex, by Country and by Region, 2000-2021. Geneva, World Health Organization, 2024",False
SH_DTH_NCOM,DOM,Dominican Republic,2010,16.3,11.5,23.0,BOTHSEX,30-69,G,E,PERCENT,"Global Health Estimates 2021: Deaths by Cause, Age, Sex, by Country and by Region, 2000-2021. Geneva, World Health Organization, 2024",True
SH_DTH_NCOM,DOM,Dominican Republic,2015,19.2,13.3,26.0,BOTHSEX,30-69,G,E,PERCENT,"Global Health Estimates 2021: Deaths by Cause, Age, Sex, by Country and by Region, 2000-2021. Geneva, World Health Organization, 2024",True
SH_DTH_NCOM,DOM,Dominican Republic,2015,15.6,10.4,20.4,FEMALE,30-69,G,E,PERCENT,"Global Health Estimates 2021: Deaths by Cause, Age, Sex, by Country and by Region, 2000-2021. Geneva, World Health Organization, 2024",False
SH_DTH_NCOM,DOM,Dominican Republic,2015,23.0,16.6,32.1,MALE,30-69,G,E,PERCENT,"Global Health Estimates 2021: Deaths by Cause, Age, Sex, by Country and by Region, 2000-2021. Geneva, World Health Organization, 2024",False
SH_DTH_NCOM,DOM,Dominican Republic,2019,15.7,10.1,21.1,FEMALE,30-69,G,E,PERCENT,"Global Health Estimates 2021: Deaths by Cause, Age, Sex, by Country and by Region, 2000-2021. Geneva, World Health Organization, 2024",False
SH_DTH_NCOM,DOM,Dominican Republic,2019,21.8,14.9,30.6,MALE,30-69,G,E,PERCENT,"Global Health Estimates 2021: Deaths by Cause, Age, Sex, by Country and by Region, 2000-2021. Geneva, World Health Organization, 2024",False
SH_DTH_NCOM,DOM,Dominican Republic,2019,18.6,12.4,25.6,BOTHSEX,30-69,G,E,PERCENT,"Global Health Estimates 2021: Deaths by Cause, Age, Sex, by Country and by Region, 2000-2021. Geneva, World Health Organization, 2024",True
SH_DTH_NCOM,DOM,Dominican Republic,2020,24.1,16.5,33.5,MALE,30-69,G,E,PERCENT,"Global Health Estimates 2021: Deaths by Cause, Age, Sex, by Country and by Region, 2000-2021. Geneva, World Health Organization, 2024",False
SH_DTH_NCOM,DOM,Dominican Republic,2020,19.1,12.7,26.2,BOTHSEX,30-69,G,E,PERCENT,"Global Health Estimates 2021: Deaths by Cause, Age, Sex, by Country and by Region, 2000-2021. Geneva, World Health Organization, 2024",True
SH_DTH_NCOM,DOM,Dominican Republic,2020,14.3,9.2,19.4,FEMALE,30-69,G,E,PERCENT,"Global Health Estimates 2021: Deaths by Cause, Age, Sex, by Country and by Region, 2000-2021. Geneva, World Health Organization, 2024",False
SH_DTH_NCOM,DOM,Dominican Republic,2021,14.4,9.2,19.8,FEMALE,30-69,G,E,PERCENT,"Global Health Estimates 2021: Deaths by Cause, Age, Sex, by Country and by Region, 2000-2021. Geneva, World Health Organization, 2024",False
SH_DTH_NCOM,DOM,Dominican Republic,2021,17.4,11.3,24.5,BOTHSEX,30-69,G,E,PERCENT,"Global Health Estimates 2021: Deaths by Cause, Age, Sex, by Country and by Region, 2000-2021. Geneva, World Health Organization, 2024",True
SH_DTH_NCOM,DOM,Dominican Republic,2021,20.6,13.7,29.6,MALE,30-69,G,E,PERCENT,"Global Health Estimates 2021: Deaths by Cause, Age, Sex, by Country and by Region, 2000-2021. Geneva, World Health Organization, 2024",False
SH_DTH_NCOM,ECU,Ecuador,2000,16.6,13.6,19.6,MALE,30-69,G,CA,PERCENT,"Global Health Estimates 2021: Deaths by Cause, Age, Sex, by Country and by Region, 2000-2021. Geneva, World Health Organization, 2024",False
SH_DTH_NCOM,ECU,Ecuador,2000,15.4,12.5,18.2,BOTHSEX,30-69,G,CA,PERCENT,"Global Health Estimates 2021: Deaths by Cause, Age, Sex, by Country and by Region, 2000-2021. Geneva, World Health Organization, 2024",True
SH_DTH_NCOM,ECU,Ecuador,2000,14.4,11.5,16.9,FEMALE,30-69,G,CA,PERCENT,"Global Health Estimates 2021: Deaths by Cause, Age, Sex, by Country and by Region, 2000-2021. Geneva, World Health Organization, 2024",False
SH_DTH_NCOM,ECU,Ecuador,2005,14.5,11.6,17.3,BOTHSEX,30-69,G,CA,PERCENT,"Global Health Estimates 2021: Deaths by Cause, Age, Sex, by Country and by Region, 2000-2021. Geneva, World Health Organization, 2024",True
SH_DTH_NCOM,ECU,Ecuador,2005,13.3,10.6,15.9,FEMALE,30-69,G,CA,PERCENT,"Global Health Estimates 2021: Deaths by Cause, Age, Sex, by Country and by Region, 2000-2021. Geneva, World Health Organization, 2024",False
SH_DTH_NCOM,ECU,Ecuador,2005,15.7,12.6,18.7,MALE,30-69,G,CA,PERCENT,"Global Health Estimates 2021: Deaths by Cause, Age, Sex, by Country and by Region, 2000-2021. Geneva, World Health Organization, 2024",False
SH_DTH_NCOM,ECU,Ecuador,2010,13.1,10.4,15.7,BOTHSEX,30-69,G,CA,PERCENT,"Global Health Estimates 2021: Deaths by Cause, Age, Sex, by Country and by Region, 2000-2021. Geneva, World Health Organization, 2024",True
SH_DTH_NCOM,ECU,Ecuador,2010,12.2,9.6,14.6,FEMALE,30-69,G,CA,PERCENT,"Global Health Estimates 2021: Deaths by Cause, Age, Sex, by Country and by Region, 2000-2021. Geneva, World Health Organization, 2024",False
SH_DTH_NCOM,ECU,Ecuador,2010,14.0,11.2,16.9,MALE,30-69,G,CA,PERCENT,"Global Health Estimates 2021: Deaths by Cause, Age, Sex, by Country and by Region, 2000-2021. Geneva, World Health Organization, 2024",False
SH_DTH_NCOM,ECU,Ecuador,2015,13.0,10.4,15.6,MALE,30-69,G,CA,PERCENT,"Global Health Estimates 2021: Deaths by Cause, Age, Sex, by Country and by Region, 2000-2021. Geneva, World Health Organization, 2024",False
SH_DTH_NCOM,ECU,Ecuador,2015,10.8,8.6,13.2,FEMALE,30-69,G,CA,PERCENT,"Global Health Estimates 2021: Deaths by Cause, Age, Sex, by Country and by Region, 2000-2021. Geneva, World Health Organization, 2024",False
SH_DTH_NCOM,ECU,Ecuador,2015,11.9,9.5,14.4,BOTHSEX,30-69,G,CA,PERCENT,"Global Health Estimates 2021: Deaths by Cause, Age, Sex, by Country and by Region, 2000-2021. Geneva, World Health Organization, 2024",True
SH_DTH_NCOM,ECU,Ecuador,2019,10.6,8.3,13.1,FEMALE,30-69,G,CA,PERCENT,"Global Health Estimates 2021: Deaths by Cause, Age, Sex, by Country and by Region, 2000-2021. Geneva, World Health Organization, 2024",False
SH_DTH_NCOM,ECU,Ecuador,2019,11.5,9.2,14.3,BOTHSEX,30-69,G,CA,PERCENT,"Global Health Estimates 2021: Deaths by Cause, Age, Sex, by Country and by Region, 2000-2021. Geneva, World Health Organization, 2024",True
SH_DTH_NCOM,ECU,Ecuador,2019,12.6,10.0,15.5,MALE,30-69,G,CA,PERCENT,"Global Health Estimates 2021: Deaths by Cause, Age, Sex, by Country and by Region, 2000-2021. Geneva, World Health Organization, 2024",False
SH_DTH_NCOM,ECU,Ecuador,2020,14.0,10.3,18.5,BOTHSEX,30-69,G,CA,PERCENT,"Global Health Estimates 2021: Deaths by Cause, Age, Sex, by Country and by Region, 2000-2021. Geneva, World Health Organization, 2024",True
SH_DTH_NCOM,ECU,Ecuador,2020,12.1,8.8,16.2,FEMALE,30-69,G,CA,PERCENT,"Global Health Estimates 2021: Deaths by Cause, Age, Sex, by Country and by Region, 2000-2021. Geneva, World Health Organization, 2024",False
SH_DTH_NCOM,ECU,Ecuador,2020,16.0,11.9,21.0,MALE,30-69,G,CA,PERCENT,"Global Health Estimates 2021: Deaths by Cause, Age, Sex, by Country and by Region, 2000-2021. Geneva, World Health Organization, 2024",False
SH_DTH_NCOM,ECU,Ecuador,2021,11.7,8.4,16.0,FEMALE,30-69,G,CA,PERCENT,"Global Health Estimates 2021: Deaths by Cause, Age, Sex, by Country and by Region, 2000-2021. Geneva, World Health Organization, 2024",False
SH_DTH_NCOM,ECU,Ecuador,2021,13.2,9.5,18.0,BOTHSEX,30-69,G,CA,PERCENT,"Global Health Estimates 2021: Deaths by Cause, Age, Sex, by Country and by Region, 2000-2021. Geneva, World Health Organization, 2024",True
SH_DTH_NCOM,ECU,Ecuador,2021,14.7,10.6,20.1,MALE,30-69,G,CA,PERCENT,"Global Health Estimates 2021: Deaths by Cause, Age, Sex, by Country and by Region, 2000-2021. Geneva, World Health Organization, 2024",False
SH_DTH_NCOM,SLV,El Salvador,2000,12.7,9.7,16.3,BOTHSEX,30-69,G,E,PERCENT,"Global Health Estimates 2021: Deaths by Cause, Age, Sex, by Country and by Region, 2000-2021. Geneva, World Health Organization, 2024",True
SH_DTH_NCOM,SLV,El Salvador,2000,10.9,8.3,13.9,FEMALE,30-69,G,E,PERCENT,"Global Health Estimates 2021: Deaths by Cause, Age, Sex, by Country and by Region, 2000-2021. Geneva, World Health Organization, 2024",False
SH_DTH_NCOM,SLV,El Salvador,2000,15.0,11.5,19.2,MALE,30-69,G,E,PERCENT,"Global Health Estimates 2021: Deaths by Cause, Age, Sex, by Country and by Region, 2000-2021. Geneva, World Health Organization, 2024",False
SH_DTH_NCOM,SLV,El Salvador,2005,10.5,8.0,13.4,FEMALE,30-69,G,E,PERCENT,"Global Health Estimates 2021: Deaths by Cause, Age, Sex, by Country and by Region, 2000-2021. Geneva, World Health Organization, 2024",False
SH_DTH_NCOM,SLV,El Salvador,2005,12.1,9.2,15.6,BOTHSEX,30-69,G,E,PERCENT,"Global Health Estimates 2021: Deaths by Cause, Age, Sex, by Country and by Region, 2000-2021. Geneva, World Health Organization, 2024",True
SH_DTH_NCOM,SLV,El Salvador,2005,14.0,10.6,18.1,MALE,30-69,G,E,PERCENT,"Global Health Estimates 2021: Deaths by Cause, Age, Sex, by Country and by Region, 2000-2021. Geneva, World Health Organization, 2024",False
SH_DTH_NCOM,SLV,El Salvador,2010,11.9,9.0,15.5,BOTHSEX,30-69,G,E,PERCENT,"Global Health Estimates 2021: Deaths by Cause, Age, Sex, by Country and by Region, 2000-2021. Geneva, World Health Organization, 2024",True
SH_DTH_NCOM,SLV,El Salvador,2010,10.7,8.1,13.8,FEMALE,30-69,G,E,PERCENT,"Global Health Estimates 2021: Deaths by Cause, Age, Sex, by Country and by Region, 2000-2021. Geneva, World Health Organization, 2024",False
SH_DTH_NCOM,SLV,El Salvador,2010,13.4,10.1,17.7,MALE,30-69,G,E,PERCENT,"Global Health Estimates 2021: Deaths by Cause, Age, Sex, by Country and by Region, 2000-2021. Geneva, World Health Organization, 2024",False
SH_DTH_NCOM,SLV,El Salvador,2015,15.8,11.8,21.0,MALE,30-69,G,E,PERCENT,"Global Health Estimates 2021: Deaths by Cause, Age, Sex, by Country and by Region, 2000-2021. Geneva, World Health Organization, 2024",False
SH_DTH_NCOM,SLV,El Salvador,2015,13.0,9.7,17.2,BOTHSEX,30-69,G,E,PERCENT,"Global Health Estimates 2021: Deaths by Cause, Age, Sex, by Country and by Region, 2000-2021. Geneva, World Health Organization, 2024",True
SH_DTH_NCOM,SLV,El Salvador,2015,10.9,8.2,14.3,FEMALE,30-69,G,E,PERCENT,"Global Health Estimates 2021: Deaths by Cause, Age, Sex, by Country and by Region, 2000-2021. Geneva, World Health Organization, 2024",False
SH_DTH_NCOM,SLV,El Salvador,2019,13.0,9.6,17.5,BOTHSEX,30-69,G,E,PERCENT,"Global Health Estimates 2021: Deaths by Cause, Age, Sex, by Country and by Region, 2000-2021. Geneva, World Health Organization, 2024",True
SH_DTH_NCOM,SLV,El Salvador,2019,10.9,8.1,14.6,FEMALE,30-69,G,E,PERCENT,"Global Health Estimates 2021: Deaths by Cause, Age, Sex, by Country and by Region, 2000-2021. Geneva, World Health Organization, 2024",False
SH_DTH_NCOM,SLV,El Salvador,2019,15.9,11.8,21.5,MALE,30-69,G,E,PERCENT,"Global Health Estimates 2021: Deaths by Cause, Age, Sex, by Country and by Region, 2000-2021. Geneva, World Health Organization, 2024",False
SH_DTH_NCOM,SLV,El Salvador,2020,13.1,9.3,18.1,BOTHSEX,30-69,G,E,PERCENT,"Global Health Estimates 2021: Deaths by Cause, Age, Sex, by Country and by Region, 2000-2021. Geneva, World Health Organization, 2024",True
SH_DTH_NCOM,SLV,El Salvador,2020,16.3,11.7,22.6,MALE,30-69,G,E,PERCENT,"Global Health Estimates 2021: Deaths by Cause, Age, Sex, by Country and by Region, 2000-2021. Geneva, World Health Organization, 2024",False
SH_DTH_NCOM,SLV,El Salvador,2020,10.7,7.7,14.7,FEMALE,30-69,G,E,PERCENT,"Global Health Estimates 2021: Deaths by Cause, Age, Sex, by Country and by Region, 2000-2021. Geneva, World Health Organization, 2024",False
SH_DTH_NCOM,SLV,El Salvador,2021,12.6,8.7,18.0,BOTHSEX,30-69,G,E,PERCENT,"Global Health Estimates 2021: Deaths by Cause, Age, Sex, by Country and by Region, 2000-2021. Geneva, World Health Organization, 2024",True
SH_DTH_NCOM,SLV,El Salvador,2021,10.8,7.4,15.2,FEMALE,30-69,G,E,PERCENT,"Global Health Estimates 2021: Deaths by Cause, Age, Sex, by Country and by Region, 2000-2021. Geneva, World Health Organization, 2024",False
SH_DTH_NCOM,SLV,El Salvador,2021,15.2,10.4,21.8,MALE,30-69,G,E,PERCENT,"Global Health Estimates 2021: Deaths by Cause, Age, Sex, by Country and by Region, 2000-2021. Geneva, World Health Organization, 2024",False
SH_DTH_NCOM,GTM,Guatemala,2000,14.4,12.5,16.9,FEMALE,30-69,G,E,PERCENT,"Global Health Estimates 2021: Deaths by Cause, Age, Sex, by Country and by Region, 2000-2021. Geneva, World Health Organization, 2024",False
SH_DTH_NCOM,GTM,Guatemala,2000,13.4,11.6,15.7,MALE,30-69,G,E,PERCENT,"Global Health Estimates 2021: Deaths by Cause, Age, Sex, by Country and by Region, 2000-2021. Geneva, World Health Organization, 2024",False
SH_DTH_NCOM,GTM,Guatemala,2000,13.9,12.1,16.3,BOTHSEX,30-69,G,E,PERCENT,"Global Health Estimates 2021: Deaths by Cause, Age, Sex, by Country and by Region, 2000-2021. Geneva, World Health Organization, 2024",True
SH_DTH_NCOM,GTM,Guatemala,2005,14.7,12.8,17.3,FEMALE,30-69,G,E,PERCENT,"Global Health Estimates 2021: Deaths by Cause, Age, Sex, by Country and by Region, 2000-2021. Geneva, World Health Organization, 2024",False
SH_DTH_NCOM,GTM,Guatemala,2005,14.5,12.6,17.0,BOTHSEX,30-69,G,E,PERCENT,"Global Health Estimates 2021: Deaths by Cause, Age, Sex, by Country and by Region, 2000-2021. Geneva, World Health Organization, 2024",True
SH_DTH_NCOM,GTM,Guatemala,2005,14.3,12.3,16.6,MALE,30-69,G,E,PERCENT,"Global Health Estimates 2021: Deaths by Cause, Age, Sex, by Country and by Region, 2000-2021. Geneva, World Health Organization, 2024",False
SH_DTH_NCOM,GTM,Guatemala,2010,15.1,13.0,17.7,FEMALE,30-69,G,E,PERCENT,"Global Health Estimates 2021: Deaths by Cause, Age, Sex, by Country and by Region, 2000-2021. Geneva, World Health Organization, 2024",False
SH_DTH_NCOM,GTM,Guatemala,2010,14.2,12.0,16.4,MALE,30-69,G,E,PERCENT,"Global Health Estimates 2021: Deaths by Cause, Age, Sex, by Country and by Region, 2000-2021. Geneva, World Health Organization, 2024",False
SH_DTH_NCOM,GTM,Guatemala,2010,14.7,12.5,17.1,BOTHSEX,30-69,G,E,PERCENT,"Global Health Estimates 2021: Deaths by Cause, Age, Sex, by Country and by Region, 2000-2021. Geneva, World Health Organization, 2024",True
SH_DTH_NCOM,GTM,Guatemala,2015,15.6,13.1,18.0,MALE,30-69,G,E,PERCENT,"Global Health Estimates 2021: Deaths by Cause, Age, Sex, by Country and by Region, 2000-2021. Geneva, World Health Organization, 2024",False
SH_DTH_NCOM,GTM,Guatemala,2015,15.8,13.4,18.4,FEMALE,30-69,G,E,PERCENT,"Global Health Estimates 2021: Deaths by Cause, Age, Sex, by Country and by Region, 2000-2021. Geneva, World Health Organization, 2024",False
SH_DTH_NCOM,GTM,Guatemala,2015,15.7,13.3,18.2,BOTHSEX,30-69,G,E,PERCENT,"Global Health Estimates 2021: Deaths by Cause, Age, Sex, by Country and by Region, 2000-2021. Geneva, World Health Organization, 2024",True
SH_DTH_NCOM,GTM,Guatemala,2019,15.6,13.3,18.2,FEMALE,30-69,G,E,PERCENT,"Global Health Estimates 2021: Deaths by Cause, Age, Sex, by Country and by Region, 2000-2021. Geneva, World Health Organization, 2024",False
SH_DTH_NCOM,GTM,Guatemala,2019,15.4,12.9,17.8,MALE,30-69,G,E,PERCENT,"Global Health Estimates 2021: Deaths by Cause, Age, Sex, by Country and by Region, 2000-2021. Geneva, World Health Organization, 2024",False
SH_DTH_NCOM,GTM,Guatemala,2019,15.5,13.1,18.0,BOTHSEX,30-69,G,E,PERCENT,"Global Health Estimates 2021: Deaths by Cause, Age, Sex, by Country and by Region, 2000-2021. Geneva, World Health Organization, 2024",True
SH_DTH_NCOM,GTM,Guatemala,2020,16.4,13.3,19.4,MALE,30-69,G,E,PERCENT,"Global Health Estimates 2021: Deaths by Cause, Age, Sex, by Country and by Region, 2000-2021. Geneva, World Health Organization, 2024",False
SH_DTH_NCOM,GTM,Guatemala,2020,15.7,13.1,18.5,FEMALE,30-69,G,E,PERCENT,"Global Health Estimates 2021: Deaths by Cause, Age, Sex, by Country and by Region, 2000-2021. Geneva, World Health Organization, 2024",False
SH_DTH_NCOM,GTM,Guatemala,2020,16.0,13.2,18.9,BOTHSEX,30-69,G,E,PERCENT,"Global Health Estimates 2021: Deaths by Cause, Age, Sex, by Country and by Region, 2000-2021. Geneva, World Health Organization, 2024",True
SH_DTH_NCOM,GTM,Guatemala,2021,14.6,11.4,18.0,BOTHSEX,30-69,G,E,PERCENT,"Global Health Estimates 2021: Deaths by Cause, Age, Sex, by Country and by Region, 2000-2021. Geneva, World Health Organization, 2024",True
SH_DTH_NCOM,GTM,Guatemala,2021,12.4,9.4,15.5,MALE,30-69,G,E,PERCENT,"Global Health Estimates 2021: Deaths by Cause, Age, Sex, by Country and by Region, 2000-2021. Geneva, World Health Organization, 2024",False
SH_DTH_NCOM,GTM,Guatemala,2021,16.4,13.1,20.1,FEMALE,30-69,G,E,PERCENT,"Global Health Estimates 2021: Deaths by Cause, Age, Sex, by Country and by Region, 2000-2021. Geneva, World Health Organization, 2024",False
SH_DTH_NCOM,HND,Honduras,2000,15.9,10.0,24.0,MALE,30-69,G,M,PERCENT,"Global Health Estimates 2021: Deaths by Cause, Age, Sex, by Country and by Region, 2000-2021. Geneva, World Health Organization, 2024",False
SH_DTH_NCOM,HND,Honduras,2000,17.0,10.7,25.7,BOTHSEX,30-69,G,M,PERCENT,"Global Health Estimates 2021: Deaths by Cause, Age, Sex, by Country and by Region, 2000-2021. Geneva, World Health Organization, 2024",True
SH_DTH_NCOM,HND,Honduras,2000,18.1,11.4,27.3,FEMALE,30-69,G,M,PERCENT,"Global Health Estimates 2021: Deaths by Cause, Age, Sex, by Country and by Region, 2000-2021. Geneva, World Health Organization, 2024",False
SH_DTH_NCOM,HND,Honduras,2005,17.9,11.1,27.2,BOTHSEX,30-69,G,M,PERCENT,"Global Health Estimates 2021: Deaths by Cause, Age, Sex, by Country and by Region, 2000-2021. Geneva, World Health Organization, 2024",True
SH_DTH_NCOM,HND,Honduras,2005,16.6,10.3,25.2,MALE,30-69,G,M,PERCENT,"Global Health Estimates 2021: Deaths by Cause, Age, Sex, by Country and by Region, 2000-2021. Geneva, World Health Organization, 2024",False
SH_DTH_NCOM,HND,Honduras,2005,19.2,11.8,29.2,FEMALE,30-69,G,M,PERCENT,"Global Health Estimates 2021: Deaths by Cause, Age, Sex, by Country and by Region, 2000-2021. Geneva, World Health Organization, 2024",False
SH_DTH_NCOM,HND,Honduras,2010,17.7,10.9,27.0,BOTHSEX,30-69,G,M,PERCENT,"Global Health Estimates 2021: Deaths by Cause, Age, Sex, by Country and by Region, 2000-2021. Geneva, World Health Organization, 2024",True
SH_DTH_NCOM,HND,Honduras,2010,19.2,11.6,29.2,FEMALE,30-69,G,M,PERCENT,"Global Health Estimates 2021: Deaths by Cause, Age, Sex, by Country and by Region, 2000-2021. Geneva, World Health Organization, 2024",False
SH_DTH_NCOM,HND,Honduras,2010,16.2,10.3,24.6,MALE,30-69,G,M,PERCENT,"Global Health Estimates 2021: Deaths by Cause, Age, Sex, by Country and by Region, 2000-2021. Geneva, World Health Organization, 2024",False
SH_DTH_NCOM,HND,Honduras,2015,22.5,14.6,33.5,MALE,30-69,G,M,PERCENT,"Global Health Estimates 2021: Deaths by Cause, Age, Sex, by Country and by Region, 2000-2021. Geneva, World Health Organization, 2024",False
SH_DTH_NCOM,HND,Honduras,2015,21.5,13.1,32.0,FEMALE,30-69,G,M,PERCENT,"Global Health Estimates 2021: Deaths by Cause, Age, Sex, by Country and by Region, 2000-2021. Geneva, World Health Organization, 2024",False
SH_DTH_NCOM,HND,Honduras,2015,22.0,13.8,32.7,BOTHSEX,30-69,G,M,PERCENT,"Global Health Estimates 2021: Deaths by Cause, Age, Sex, by Country and by Region, 2000-2021. Geneva, World Health Organization, 2024",True
SH_DTH_NCOM,HND,Honduras,2019,20.3,12.8,30.3,BOTHSEX,30-69,G,M,PERCENT,"Global Health Estimates 2021: Deaths by Cause, Age, Sex, by Country and by Region, 2000-2021. Geneva, World Health Organization, 2024",True
SH_DTH_NCOM,HND,Honduras,2019,20.5,12.4,30.6,FEMALE,30-69,G,M,PERCENT,"Global Health Estimates 2021: Deaths by Cause, Age, Sex, by Country and by Region, 2000-2021. Geneva, World Health Organization, 2024",False
SH_DTH_NCOM,HND,Honduras,2019,20.1,13.3,30.1,MALE,30-69,G,M,PERCENT,"Global Health Estimates 2021: Deaths by Cause, Age, Sex, by Country and by Region, 2000-2021. Geneva, World Health Organization, 2024",False
SH_DTH_NCOM,HND,Honduras,2020,20.4,13.8,30.2,MALE,30-69,G,M,PERCENT,"Global Health Estimates 2021: Deaths by Cause, Age, Sex, by Country and by Region, 2000-2021. Geneva, World Health Organization, 2024",False
SH_DTH_NCOM,HND,Honduras,2020,19.6,12.5,29.2,BOTHSEX,30-69,G,M,PERCENT,"Global Health Estimates 2021: Deaths by Cause, Age, Sex, by Country and by Region, 2000-2021. Geneva, World Health Organization, 2024",True
SH_DTH_NCOM,HND,Honduras,2020,18.9,11.5,28.4,FEMALE,30-69,G,M,PERCENT,"Global Health Estimates 2021: Deaths by Cause, Age, Sex, by Country and by Region, 2000-2021. Geneva, World Health Organization, 2024",False
SH_DTH_NCOM,HND,Honduras,2021,17.1,10.4,26.1,FEMALE,30-69,G,M,PERCENT,"Global Health Estimates 2021: Deaths by Cause, Age, Sex, by Country and by Region, 2000-2021. Geneva, World Health Organization, 2024",False
SH_DTH_NCOM,HND,Honduras,2021,18.6,12.5,27.7,MALE,30-69,G,M,PERCENT,"Global Health Estimates 2021: Deaths by Cause, Age, Sex, by Country and by Region, 2000-2021. Geneva, World Health Organization, 2024",False
SH_DTH_NCOM,HND,Honduras,2021,17.8,11.4,26.9,BOTHSEX,30-69,G,M,PERCENT,"Global Health Estimates 2021: Deaths by Cause, Age, Sex, by Country and by Region, 2000-2021. Geneva, World Health Organization, 2024",True
SH_DTH_NCOM,MEX,Mexico,2000,17.0,15.8,18.0,BOTHSEX,30-69,G,CA,PERCENT,"Global Health Estimates 2021: Deaths by Cause, Age, Sex, by Country and by Region, 2000-2021. Geneva, World Health Organization, 2024",True
SH_DTH_NCOM,MEX,Mexico,2000,17.9,16.6,18.8,MALE,30-69,G,CA,PERCENT,"Global Health Estimates 2021: Deaths by Cause, Age, Sex, by Country and by Region, 2000-2021. Geneva, World Health Organization, 2024",False
SH_DTH_NCOM,MEX,Mexico,2000,16.2,15.0,17.2,FEMALE,30-69,G,CA,PERCENT,"Global Health Estimates 2021: Deaths by Cause, Age, Sex, by Country and by Region, 2000-2021. Geneva, World Health Organization, 2024",False
SH_DTH_NCOM,MEX,Mexico,2005,15.7,14.4,16.7,FEMALE,30-69,G,CA,PERCENT,"Global Health Estimates 2021: Deaths by Cause, Age, Sex, by Country and by Region, 2000-2021. Geneva, World Health Organization, 2024",False
SH_DTH_NCOM,MEX,Mexico,2005,18.0,16.6,18.9,MALE,30-69,G,CA,PERCENT,"Global Health Estimates 2021: Deaths by Cause, Age, Sex, by Country and by Region, 2000-2021. Geneva, World Health Organization, 2024",False
SH_DTH_NCOM,MEX,Mexico,2005,16.8,15.5,17.8,BOTHSEX,30-69,G,CA,PERCENT,"Global Health Estimates 2021: Deaths by Cause, Age, Sex, by Country and by Region, 2000-2021. Geneva, World Health Organization, 2024",True
SH_DTH_NCOM,MEX,Mexico,2010,14.8,13.4,15.9,FEMALE,30-69,G,CA,PERCENT,"Global Health Estimates 2021: Deaths by Cause, Age, Sex, by Country and by Region, 2000-2021. Geneva, World Health Organization, 2024",False
SH_DTH_NCOM,MEX,Mexico,2010,16.4,14.9,17.5,BOTHSEX,30-69,G,CA,PERCENT,"Global Health Estimates 2021: Deaths by Cause, Age, Sex, by Country and by Region, 2000-2021. Geneva, World Health Organization, 2024",True
SH_DTH_NCOM,MEX,Mexico,2010,18.1,16.6,19.2,MALE,30-69,G,CA,PERCENT,"Global Health Estimates 2021: Deaths by Cause, Age, Sex, by Country and by Region, 2000-2021. Geneva, World Health Organization, 2024",False
SH_DTH_NCOM,MEX,Mexico,2015,17.7,16.8,19.3,MALE,30-69,G,CA,PERCENT,"Global Health Estimates 2021: Deaths by Cause, Age, Sex, by Country and by Region, 2000-2021. Geneva, World Health Organization, 2024",False
SH_DTH_NCOM,MEX,Mexico,2015,14.0,13.0,15.2,FEMALE,30-69,G,CA,PERCENT,"Global Health Estimates 2021: Deaths by Cause, Age, Sex, by Country and by Region, 2000-2021. Geneva, World Health Organization, 2024",False
SH_DTH_NCOM,MEX,Mexico,2015,15.8,14.8,17.2,BOTHSEX,30-69,G,CA,PERCENT,"Global Health Estimates 2021: Deaths by Cause, Age, Sex, by Country and by Region, 2000-2021. Geneva, World Health Organization, 2024",True
SH_DTH_NCOM,MEX,Mexico,2019,13.3,12.6,14.5,FEMALE,30-69,G,CA,PERCENT,"Global Health Estimates 2021: Deaths by Cause, Age, Sex, by Country and by Region, 2000-2021. Geneva, World Health Organization, 2024",False
SH_DTH_NCOM,MEX,Mexico,2019,15.3,14.8,16.9,BOTHSEX,30-69,G,CA,PERCENT,"Global Health Estimates 2021: Deaths by Cause, Age, Sex, by Country and by Region, 2000-2021. Geneva, World Health Organization, 2024",True
SH_DTH_NCOM,MEX,Mexico,2019,17.6,17.3,19.6,MALE,30-69,G,CA,PERCENT,"Global Health Estimates 2021: Deaths by Cause, Age, Sex, by Country and by Region, 2000-2021. Geneva, World Health Organization, 2024",False
SH_DTH_NCOM,MEX,Mexico,2020,16.7,14.8,19.8,BOTHSEX,30-69,G,CA,PERCENT,"Global Health Estimates 2021: Deaths by Cause, Age, Sex, by Country and by Region, 2000-2021. Geneva, World Health Organization, 2024",True
SH_DTH_NCOM,MEX,Mexico,2020,19.5,17.6,23.4,MALE,30-69,G,CA,PERCENT,"Global Health Estimates 2021: Deaths by Cause, Age, Sex, by Country and by Region, 2000-2021. Geneva, World Health Organization, 2024",False
SH_DTH_NCOM,MEX,Mexico,2020,14.1,12.4,16.6,FEMALE,30-69,G,CA,PERCENT,"Global Health Estimates 2021: Deaths by Cause, Age, Sex, by Country and by Region, 2000-2021. Geneva, World Health Organization, 2024",False
SH_DTH_NCOM,MEX,Mexico,2021,19.1,16.3,23.8,MALE,30-69,G,CA,PERCENT,"Global Health Estimates 2021: Deaths by Cause, Age, Sex, by Country and by Region, 2000-2021. Geneva, World Health Organization, 2024",False
SH_DTH_NCOM,MEX,Mexico,2021,16.3,13.7,20.1,BOTHSEX,30-69,G,CA,PERCENT,"Global Health Estimates 2021: Deaths by Cause, Age, Sex, by Country and by Region, 2000-2021. Geneva, World Health Organization, 2024",True
SH_DTH_NCOM,MEX,Mexico,2021,13.8,11.5,16.8,FEMALE,30-69,G,CA,PERCENT,"Global Health Estimates 2021: Deaths by Cause, Age, Sex, by Country and by Region, 2000-2021. Geneva, World Health Organization, 2024",False
SH_DTH_NCOM,NIC,Nicaragua,2000,13.1,9.7,17.0,FEMALE,30-69,G,CA,PERCENT,"Global Health Estimates 2021: Deaths by Cause, Age, Sex, by Country and by Region, 2000-2021. Geneva, World Health Organization, 2024",False
SH_DTH_NCOM,NIC,Nicaragua,2000,13.7,10.5,18.7,MALE,30-69,G,CA,PERCENT,"Global Health Estimates 2021: Deaths by Cause, Age, Sex, by Country and by Region, 2000-2021. Geneva, World Health Organization, 2024",False
SH_DTH_NCOM,NIC,Nicaragua,2000,13.4,10.0,17.7,BOTHSEX,30-69,G,CA,PERCENT,"Global Health Estimates 2021: Deaths by Cause, Age, Sex, by Country and by Region, 2000-2021. Geneva, World Health Organization, 2024",True
SH_DTH_NCOM,NIC,Nicaragua,2005,14.0,10.3,17.9,FEMALE,30-69,G,CA,PERCENT,"Global Health Estimates 2021: Deaths by Cause, Age, Sex, by Country and by Region, 2000-2021. Geneva, World Health Organization, 2024",False
SH_DTH_NCOM,NIC,Nicaragua,2005,14.8,11.0,19.3,BOTHSEX,30-69,G,CA,PERCENT,"Global Health Estimates 2021: Deaths by Cause, Age, Sex, by Country and by Region, 2000-2021. Geneva, World Health Organization, 2024",True
SH_DTH_NCOM,NIC,Nicaragua,2005,15.6,11.8,21.0,MALE,30-69,G,CA,PERCENT,"Global Health Estimates 2021: Deaths by Cause, Age, Sex, by Country and by Region, 2000-2021. Geneva, World Health Organization, 2024",False
SH_DTH_NCOM,NIC,Nicaragua,2010,13.4,9.8,17.3,FEMALE,30-69,G,CA,PERCENT,"Global Health Estimates 2021: Deaths by Cause, Age, Sex, by Country and by Region, 2000-2021. Geneva, World Health Organization, 2024",False
SH_DTH_NCOM,NIC,Nicaragua,2010,13.6,10.0,17.9,BOTHSEX,30-69,G,CA,PERCENT,"Global Health Estimates 2021: Deaths by Cause, Age, Sex, by Country and by Region, 2000-2021. Geneva, World Health Organization, 2024",True
SH_DTH_NCOM,NIC,Nicaragua,2010,13.9,10.3,18.7,MALE,30-69,G,CA,PERCENT,"Global Health Estimates 2021: Deaths by Cause, Age, Sex, by Country and by Region, 2000-2021. Geneva, World Health Organization, 2024",False
SH_DTH_NCOM,NIC,Nicaragua,2015,13.2,9.8,18.2,MALE,30-69,G,CA,PERCENT,"Global Health Estimates 2021: Deaths by Cause, Age, Sex, by Country and by Region, 2000-2021. Geneva, World Health Organization, 2024",False
SH_DTH_NCOM,NIC,Nicaragua,2015,12.6,9.3,16.6,FEMALE,30-69,G,CA,PERCENT,"Global Health Estimates 2021: Deaths by Cause, Age, Sex, by Country and by Region, 2000-2021. Geneva, World Health Organization, 2024",False
SH_DTH_NCOM,NIC,Nicaragua,2015,12.9,9.5,17.3,BOTHSEX,30-69,G,CA,PERCENT,"Global Health Estimates 2021: Deaths by Cause, Age, Sex, by Country and by Region, 2000-2021. Geneva, World Health Organization, 2024",True
SH_DTH_NCOM,NIC,Nicaragua,2019,12.8,9.4,17.6,BOTHSEX,30-69,G,CA,PERCENT,"Global Health Estimates 2021: Deaths by Cause, Age, Sex, by Country and by Region, 2000-2021. Geneva, World Health Organization, 2024",True
SH_DTH_NCOM,NIC,Nicaragua,2019,13.4,9.9,18.7,MALE,30-69,G,CA,PERCENT,"Global Health Estimates 2021: Deaths by Cause, Age, Sex, by Country and by Region, 2000-2021. Geneva, World Health Organization, 2024",False
SH_DTH_NCOM,NIC,Nicaragua,2019,12.4,9.0,16.7,FEMALE,30-69,G,CA,PERCENT,"Global Health Estimates 2021: Deaths by Cause, Age, Sex, by Country and by Region, 2000-2021. Geneva, World Health Organization, 2024",False
SH_DTH_NCOM,NIC,Nicaragua,2020,13.8,9.9,19.7,MALE,30-69,G,CA,PERCENT,"Global Health Estimates 2021: Deaths by Cause, Age, Sex, by Country and by Region, 2000-2021. Geneva, World Health Organization, 2024",False
SH_DTH_NCOM,NIC,Nicaragua,2020,11.3,8.1,15.6,FEMALE,30-69,G,CA,PERCENT,"Global Health Estimates 2021: Deaths by Cause, Age, Sex, by Country and by Region, 2000-2021. Geneva, World Health Organization, 2024",False
SH_DTH_NCOM,NIC,Nicaragua,2020,12.4,8.9,17.5,BOTHSEX,30-69,G,CA,PERCENT,"Global Health Estimates 2021: Deaths by Cause, Age, Sex, by Country and by Region, 2000-2021. Geneva, World Health Organization, 2024",True
SH_DTH_NCOM,NIC,Nicaragua,2021,13.3,9.2,19.8,MALE,30-69,G,CA,PERCENT,"Global Health Estimates 2021: Deaths by Cause, Age, Sex, by Country and by Region, 2000-2021. Geneva, World Health Organization, 2024",False
SH_DTH_NCOM,NIC,Nicaragua,2021,12.6,8.8,18.4,BOTHSEX,30-69,G,CA,PERCENT,"Global Health Estimates 2021: Deaths by Cause, Age, Sex, by Country and by Region, 2000-2021. Geneva, World Health Organization, 2024",True
SH_DTH_NCOM,NIC,Nicaragua,2021,12.0,8.3,17.1,FEMALE,30-69,G,CA,PERCENT,"Global Health Estimates 2021: Deaths by Cause, Age, Sex, by Country and by Region, 2000-2021. Geneva, World Health Organization, 2024",False
SH_DTH_NCOM,PAN,Panama,2000,11.5,9.6,13.5,FEMALE,30-69,G,CA,PERCENT,"Global Health Estimates 2021: Deaths by Cause, Age, Sex, by Country and by Region, 2000-2021. Geneva, World Health Organization, 2024",False
SH_DTH_NCOM,PAN,Panama,2000,12.7,10.8,14.8,BOTHSEX,30-69,G,CA,PERCENT,"Global Health Estimates 2021: Deaths by Cause, Age, Sex, by Country and by Region, 2000-2021. Geneva, World Health Organization, 2024",True
SH_DTH_NCOM,PAN,Panama,2000,13.9,12.0,16.2,MALE,30-69,G,CA,PERCENT,"Global Health Estimates 2021: Deaths by Cause, Age, Sex, by Country and by Region, 2000-2021. Geneva, World Health Organization, 2024",False
SH_DTH_NCOM,PAN,Panama,2005,12.3,10.4,14.3,BOTHSEX,30-69,G,CA,PERCENT,"Global Health Estimates 2021: Deaths by Cause, Age, Sex, by Country and by Region, 2000-2021. Geneva, World Health Organization, 2024",True
SH_DTH_NCOM,PAN,Panama,2005,13.8,11.9,16.0,MALE,30-69,G,CA,PERCENT,"Global Health Estimates 2021: Deaths by Cause, Age, Sex, by Country and by Region, 2000-2021. Geneva, World Health Organization, 2024",False
SH_DTH_NCOM,PAN,Panama,2005,10.7,9.0,12.7,FEMALE,30-69,G,CA,PERCENT,"Global Health Estimates 2021: Deaths by Cause, Age, Sex, by Country and by Region, 2000-2021. Geneva, World Health Organization, 2024",False
SH_DTH_NCOM,PAN,Panama,2010,9.6,8.0,11.3,FEMALE,30-69,G,CA,PERCENT,"Global Health Estimates 2021: Deaths by Cause, Age, Sex, by Country and by Region, 2000-2021. Geneva, World Health Organization, 2024",False
SH_DTH_NCOM,PAN,Panama,2010,13.5,11.6,15.5,MALE,30-69,G,CA,PERCENT,"Global Health Estimates 2021: Deaths by Cause, Age, Sex, by Country and by Region, 2000-2021. Geneva, World Health Organization, 2024",False
SH_DTH_NCOM,PAN,Panama,2010,11.5,9.8,13.4,BOTHSEX,30-69,G,CA,PERCENT,"Global Health Estimates 2021: Deaths by Cause, Age, Sex, by Country and by Region, 2000-2021. Geneva, World Health Organization, 2024",True
SH_DTH_NCOM,PAN,Panama,2015,13.4,11.3,15.5,MALE,30-69,G,CA,PERCENT,"Global Health Estimates 2021: Deaths by Cause, Age, Sex, by Country and by Region, 2000-2021. Geneva, World Health Organization, 2024",False
SH_DTH_NCOM,PAN,Panama,2015,11.5,9.6,13.4,BOTHSEX,30-69,G,CA,PERCENT,"Global Health Estimates 2021: Deaths by Cause, Age, Sex, by Country and by Region, 2000-2021. Geneva, World Health Organization, 2024",True
SH_DTH_NCOM,PAN,Panama,2015,9.7,8.0,11.4,FEMALE,30-69,G,CA,PERCENT,"Global Health Estimates 2021: Deaths by Cause, Age, Sex, by Country and by Region, 2000-2021. Geneva, World Health Organization, 2024",False
SH_DTH_NCOM,PAN,Panama,2019,11.1,9.2,13.0,BOTHSEX,30-69,G,CA,PERCENT,"Global Health Estimates 2021: Deaths by Cause, Age, Sex, by Country and by Region, 2000-2021. Geneva, World Health Organization, 2024",True
SH_DTH_NCOM,PAN,Panama,2019,12.9,10.8,15.0,MALE,30-69,G,CA,PERCENT,"Global Health Estimates 2021: Deaths by Cause, Age, Sex, by Country and by Region, 2000-2021. Geneva, World Health Organization, 2024",False
SH_DTH_NCOM,PAN,Panama,2019,9.4,7.7,11.1,FEMALE,30-69,G,CA,PERCENT,"Global Health Estimates 2021: Deaths by Cause, Age, Sex, by Country and by Region, 2000-2021. Geneva, World Health Organization, 2024",False
SH_DTH_NCOM,PAN,Panama,2020,8.4,6.8,10.0,FEMALE,30-69,G,CA,PERCENT,"Global Health Estimates 2021: Deaths by Cause, Age, Sex, by Country and by Region, 2000-2021. Geneva, World Health Organization, 2024",False
SH_DTH_NCOM,PAN,Panama,2020,10.1,8.2,12.1,BOTHSEX,30-69,G,CA,PERCENT,"Global Health Estimates 2021: Deaths by Cause, Age, Sex, by Country and by Region, 2000-2021. Geneva, World Health Organization, 2024",True
SH_DTH_NCOM,PAN,Panama,2020,12.0,9.7,14.3,MALE,30-69,G,CA,PERCENT,"Global Health Estimates 2021: Deaths by Cause, Age, Sex, by Country and by Region, 2000-2021. Geneva, World Health Organization, 2024",False
SH_DTH_NCOM,PAN,Panama,2021,9.4,7.0,11.9,FEMALE,30-69,G,CA,PERCENT,"Global Health Estimates 2021: Deaths by Cause, Age, Sex, by Country and by Region, 2000-2021. Geneva, World Health Organization, 2024",False
SH_DTH_NCOM,PAN,Panama,2021,12.5,8.9,16.0,MALE,30-69,G,CA,PERCENT,"Global Health Estimates 2021: Deaths by Cause, Age, Sex, by Country and by Region, 2000-2021. Geneva, World Health Organization, 2024",False
SH_DTH_NCOM,PAN,Panama,2021,10.9,7.9,13.9,BOTHSEX,30-69,G,CA,PERCENT,"Global Health Estimates 2021: Deaths by Cause, Age, Sex, by Country and by Region, 2000-2021. Geneva, World Health Organization, 2024",True
SH_DTH_NCOM,PRY,Paraguay,2000,19.2,14.5,25.9,MALE,30-69,G,CA,PERCENT,"Global Health Estimates 2021: Deaths by Cause, Age, Sex, by Country and by Region, 2000-2021. Geneva, World Health Organization, 2024",False
SH_DTH_NCOM,PRY,Paraguay,2000,16.0,11.6,21.0,FEMALE,30-69,G,CA,PERCENT,"Global Health Estimates 2021: Deaths by Cause, Age, Sex, by Country and by Region, 2000-2021. Geneva, World Health Organization, 2024",False
SH_DTH_NCOM,PRY,Paraguay,2000,17.5,13.0,23.3,BOTHSEX,30-69,G,CA,PERCENT,"Global Health Estimates 2021: Deaths by Cause, Age, Sex, by Country and by Region, 2000-2021. Geneva, World Health Organization, 2024",True
SH_DTH_NCOM,PRY,Paraguay,2005,19.3,14.3,25.8,MALE,30-69,G,CA,PERCENT,"Global Health Estimates 2021: Deaths by Cause, Age, Sex, by Country and by Region, 2000-2021. Geneva, World Health Organization, 2024",False
SH_DTH_NCOM,PRY,Paraguay,2005,16.3,11.8,21.1,FEMALE,30-69,G,CA,PERCENT,"Global Health Estimates 2021: Deaths by Cause, Age, Sex, by Country and by Region, 2000-2021. Geneva, World Health Organization, 2024",False
SH_DTH_NCOM,PRY,Paraguay,2005,17.8,13.0,23.4,BOTHSEX,30-69,G,CA,PERCENT,"Global Health Estimates 2021: Deaths by Cause, Age, Sex, by Country and by Region, 2000-2021. Geneva, World Health Organization, 2024",True
SH_DTH_NCOM,PRY,Paraguay,2010,18.0,13.1,23.5,BOTHSEX,30-69,G,CA,PERCENT,"Global Health Estimates 2021: Deaths by Cause, Age, Sex, by Country and by Region, 2000-2021. Geneva, World Health Organization, 2024",True
SH_DTH_NCOM,PRY,Paraguay,2010,20.7,15.4,27.2,MALE,30-69,G,CA,PERCENT,"Global Health Estimates 2021: Deaths by Cause, Age, Sex, by Country and by Region, 2000-2021. Geneva, World Health Organization, 2024",False
SH_DTH_NCOM,PRY,Paraguay,2010,15.4,11.0,19.9,FEMALE,30-69,G,CA,PERCENT,"Global Health Estimates 2021: Deaths by Cause, Age, Sex, by Country and by Region, 2000-2021. Geneva, World Health Organization, 2024",False
SH_DTH_NCOM,PRY,Paraguay,2015,19.0,13.7,24.9,MALE,30-69,G,CA,PERCENT,"Global Health Estimates 2021: Deaths by Cause, Age, Sex, by Country and by Region, 2000-2021. Geneva, World Health Organization, 2024",False
SH_DTH_NCOM,PRY,Paraguay,2015,16.6,11.8,21.7,BOTHSEX,30-69,G,CA,PERCENT,"Global Health Estimates 2021: Deaths by Cause, Age, Sex, by Country and by Region, 2000-2021. Geneva, World Health Organization, 2024",True
SH_DTH_NCOM,PRY,Paraguay,2015,14.3,10.1,18.7,FEMALE,30-69,G,CA,PERCENT,"Global Health Estimates 2021: Deaths by Cause, Age, Sex, by Country and by Region, 2000-2021. Geneva, World Health Organization, 2024",False
SH_DTH_NCOM,PRY,Paraguay,2019,13.6,9.4,18.6,FEMALE,30-69,G,CA,PERCENT,"Global Health Estimates 2021: Deaths by Cause, Age, Sex, by Country and by Region, 2000-2021. Geneva, World Health Organization, 2024",False
SH_DTH_NCOM,PRY,Paraguay,2019,16.5,11.4,22.2,BOTHSEX,30-69,G,CA,PERCENT,"Global Health Estimates 2021: Deaths by Cause, Age, Sex, by Country and by Region, 2000-2021. Geneva, World Health Organization, 2024",True
SH_DTH_NCOM,PRY,Paraguay,2019,19.5,13.5,26.0,MALE,30-69,G,CA,PERCENT,"Global Health Estimates 2021: Deaths by Cause, Age, Sex, by Country and by Region, 2000-2021. Geneva, World Health Organization, 2024",False
SH_DTH_NCOM,PRY,Paraguay,2020,15.5,10.6,21.0,BOTHSEX,30-69,G,CA,PERCENT,"Global Health Estimates 2021: Deaths by Cause, Age, Sex, by Country and by Region, 2000-2021. Geneva, World Health Organization, 2024",True
SH_DTH_NCOM,PRY,Paraguay,2020,12.9,8.8,17.7,FEMALE,30-69,G,CA,PERCENT,"Global Health Estimates 2021: Deaths by Cause, Age, Sex, by Country and by Region, 2000-2021. Geneva, World Health Organization, 2024",False
SH_DTH_NCOM,PRY,Paraguay,2020,18.2,12.5,24.5,MALE,30-69,G,CA,PERCENT,"Global Health Estimates 2021: Deaths by Cause, Age, Sex, by Country and by Region, 2000-2021. Geneva, World Health Organization, 2024",False
SH_DTH_NCOM,PRY,Paraguay,2021,18.6,12.2,26.1,MALE,30-69,G,CA,PERCENT,"Global Health Estimates 2021: Deaths by Cause, Age, Sex, by Country and by Region, 2000-2021. Geneva, World Health Organization, 2024",False
SH_DTH_NCOM,PRY,Paraguay,2021,13.8,9.1,19.7,FEMALE,30-69,G,CA,PERCENT,"Global Health Estimates 2021: Deaths by Cause, Age, Sex, by Country and by Region, 2000-2021. Geneva, World Health Organization, 2024",False
SH_DTH_NCOM,PRY,Paraguay,2021,16.1,10.6,22.8,BOTHSEX,30-69,G,CA,PERCENT,"Global Health Estimates 2021: Deaths by Cause, Age, Sex, by Country and by Region, 2000-2021. Geneva, World Health Organization, 2024",True
SH_DTH_NCOM,PER,Peru,2000,11.1,8.0,15.1,FEMALE,30-69,G,E,PERCENT,"Global Health Estimates 2021: Deaths by Cause, Age, Sex, by Country and by Region, 2000-2021. Geneva, World Health Organization, 2024",False
SH_DTH_NCOM,PER,Peru,2000,11.0,7.9,15.1,BOTHSEX,30-69,G,E,PERCENT,"Global Health Estimates 2021: Deaths by Cause, Age, Sex, by Country and by Region, 2000-2021. Geneva, World Health Organization, 2024",True
SH_DTH_NCOM,PER,Peru,2000,10.9,7.8,15.1,MALE,30-69,G,E,PERCENT,"Global Health Estimates 2021: Deaths by Cause, Age, Sex, by Country and by Region, 2000-2021. Geneva, World Health Organization, 2024",False
SH_DTH_NCOM,PER,Peru,2005,9.9,6.9,13.4,FEMALE,30-69,G,E,PERCENT,"Global Health Estimates 2021: Deaths by Cause, Age, Sex, by Country and by Region, 2000-2021. Geneva, World Health Organization, 2024",False
SH_DTH_NCOM,PER,Peru,2005,9.4,6.5,12.8,BOTHSEX,30-69,G,E,PERCENT,"Global Health Estimates 2021: Deaths by Cause, Age, Sex, by Country and by Region, 2000-2021. Geneva, World Health Organization, 2024",True
SH_DTH_NCOM,PER,Peru,2005,8.9,6.1,12.2,MALE,30-69,G,E,PERCENT,"Global Health Estimates 2021: Deaths by Cause, Age, Sex, by Country and by Region, 2000-2021. Geneva, World Health Organization, 2024",False
SH_DTH_NCOM,PER,Peru,2010,9.6,6.4,12.9,MALE,30-69,G,E,PERCENT,"Global Health Estimates 2021: Deaths by Cause, Age, Sex, by Country and by Region, 2000-2021. Geneva, World Health Organization, 2024",False
SH_DTH_NCOM,PER,Peru,2010,9.8,6.8,13.2,FEMALE,30-69,G,E,PERCENT,"Global Health Estimates 2021: Deaths by Cause, Age, Sex, by Country and by Region, 2000-2021. Geneva, World Health Organization, 2024",False
SH_DTH_NCOM,PER,Peru,2010,9.7,6.6,13.1,BOTHSEX,30-69,G,E,PERCENT,"Global Health Estimates 2021: Deaths by Cause, Age, Sex, by Country and by Region, 2000-2021. Geneva, World Health Organization, 2024",True
SH_DTH_NCOM,PER,Peru,2015,8.8,6.1,12.1,FEMALE,30-69,G,E,PERCENT,"Global Health Estimates 2021: Deaths by Cause, Age, Sex, by Country and by Region, 2000-2021. Geneva, World Health Organization, 2024",False
SH_DTH_NCOM,PER,Peru,2015,8.6,5.8,11.9,BOTHSEX,30-69,G,E,PERCENT,"Global Health Estimates 2021: Deaths by Cause, Age, Sex, by Country and by Region, 2000-2021. Geneva, World Health Organization, 2024",True
SH_DTH_NCOM,PER,Peru,2015,8.5,5.6,11.6,MALE,30-69,G,E,PERCENT,"Global Health Estimates 2021: Deaths by Cause, Age, Sex, by Country and by Region, 2000-2021. Geneva, World Health Organization, 2024",False
SH_DTH_NCOM,PER,Peru,2019,10.7,7.0,15.4,BOTHSEX,30-69,G,E,PERCENT,"Global Health Estimates 2021: Deaths by Cause, Age, Sex, by Country and by Region, 2000-2021. Geneva, World Health Organization, 2024",True
SH_DTH_NCOM,PER,Peru,2019,10.6,7.1,15.3,FEMALE,30-69,G,E,PERCENT,"Global Health Estimates 2021: Deaths by Cause, Age, Sex, by Country and by Region, 2000-2021. Geneva, World Health Organization, 2024",False
SH_DTH_NCOM,PER,Peru,2019,10.8,7.0,15.5,MALE,30-69,G,E,PERCENT,"Global Health Estimates 2021: Deaths by Cause, Age, Sex, by Country and by Region, 2000-2021. Geneva, World Health Organization, 2024",False
SH_DTH_NCOM,PER,Peru,2020,10.6,7.0,15.7,FEMALE,30-69,G,E,PERCENT,"Global Health Estimates 2021: Deaths by Cause, Age, Sex, by Country and by Region, 2000-2021. Geneva, World Health Organization, 2024",False
SH_DTH_NCOM,PER,Peru,2020,12.1,7.9,17.7,BOTHSEX,30-69,G,E,PERCENT,"Global Health Estimates 2021: Deaths by Cause, Age, Sex, by Country and by Region, 2000-2021. Geneva, World Health Organization, 2024",True
SH_DTH_NCOM,PER,Peru,2020,13.7,8.7,19.8,MALE,30-69,G,E,PERCENT,"Global Health Estimates 2021: Deaths by Cause, Age, Sex, by Country and by Region, 2000-2021. Geneva, World Health Organization, 2024",False
SH_DTH_NCOM,PER,Peru,2021,12.3,7.7,18.4,BOTHSEX,30-69,G,E,PERCENT,"Global Health Estimates 2021: Deaths by Cause, Age, Sex, by Country and by Region, 2000-2021. Geneva, World Health Organization, 2024",True
SH_DTH_NCOM,PER,Peru,2021,12.8,8.2,19.2,FEMALE,30-69,G,E,PERCENT,"Global Health Estimates 2021: Deaths by Cause, Age, Sex, by Country and by Region, 2000-2021. Geneva, World Health Organization, 2024",False
SH_DTH_NCOM,PER,Peru,2021,11.7,7.2,17.5,MALE,30-69,G,E,PERCENT,"Global Health Estimates 2021: Deaths by Cause, Age, Sex, by Country and by Region, 2000-2021. Geneva, World Health Organization, 2024",False
SH_DTH_NCOM,URY,Uruguay,2000,20.6,17.8,23.6,BOTHSEX,30-69,G,CA,PERCENT,"Global Health Estimates 2021: Deaths by Cause, Age, Sex, by Country and by Region, 2000-2021. Geneva, World Health Organization, 2024",True
SH_DTH_NCOM,URY,Uruguay,2000,27.4,24.0,31.0,MALE,30-69,G,CA,PERCENT,"Global Health Estimates 2021: Deaths by Cause, Age, Sex, by Country and by Region, 2000-2021. Geneva, World Health Organization, 2024",False
SH_DTH_NCOM,URY,Uruguay,2000,14.2,12.0,16.6,FEMALE,30-69,G,CA,PERCENT,"Global Health Estimates 2021: Deaths by Cause, Age, Sex, by Country and by Region, 2000-2021. Geneva, World Health Organization, 2024",False
SH_DTH_NCOM,URY,Uruguay,2005,13.7,11.6,15.9,FEMALE,30-69,G,CA,PERCENT,"Global Health Estimates 2021: Deaths by Cause, Age, Sex, by Country and by Region, 2000-2021. Geneva, World Health Organization, 2024",False
SH_DTH_NCOM,URY,Uruguay,2005,24.8,21.6,28.2,MALE,30-69,G,CA,PERCENT,"Global Health Estimates 2021: Deaths by Cause, Age, Sex, by Country and by Region, 2000-2021. Geneva, World Health Organization, 2024",False
SH_DTH_NCOM,URY,Uruguay,2005,19.0,16.4,21.8,BOTHSEX,30-69,G,CA,PERCENT,"Global Health Estimates 2021: Deaths by Cause, Age, Sex, by Country and by Region, 2000-2021. Geneva, World Health Organization, 2024",True
SH_DTH_NCOM,URY,Uruguay,2010,23.4,20.5,26.8,MALE,30-69,G,CA,PERCENT,"Global Health Estimates 2021: Deaths by Cause, Age, Sex, by Country and by Region, 2000-2021. Geneva, World Health Organization, 2024",False
SH_DTH_NCOM,URY,Uruguay,2010,12.5,10.6,14.7,FEMALE,30-69,G,CA,PERCENT,"Global Health Estimates 2021: Deaths by Cause, Age, Sex, by Country and by Region, 2000-2021. Geneva, World Health Organization, 2024",False
SH_DTH_NCOM,URY,Uruguay,2010,17.7,15.3,20.5,BOTHSEX,30-69,G,CA,PERCENT,"Global Health Estimates 2021: Deaths by Cause, Age, Sex, by Country and by Region, 2000-2021. Geneva, World Health Organization, 2024",True
SH_DTH_NCOM,URY,Uruguay,2015,13.0,11.0,15.4,FEMALE,30-69,G,CA,PERCENT,"Global Health Estimates 2021: Deaths by Cause, Age, Sex, by Country and by Region, 2000-2021. Geneva, World Health Organization, 2024",False
SH_DTH_NCOM,URY,Uruguay,2015,17.3,14.8,20.2,BOTHSEX,30-69,G,CA,PERCENT,"Global Health Estimates 2021: Deaths by Cause, Age, Sex, by Country and by Region, 2000-2021. Geneva, World Health Organization, 2024",True
SH_DTH_NCOM,URY,Uruguay,2015,22.0,19.1,25.5,MALE,30-69,G,CA,PERCENT,"Global Health Estimates 2021: Deaths by Cause, Age, Sex, by Country and by Region, 2000-2021. Geneva, World Health Organization, 2024",False
SH_DTH_NCOM,URY,Uruguay,2019,20.9,17.9,24.4,MALE,30-69,G,CA,PERCENT,"Global Health Estimates 2021: Deaths by Cause, Age, Sex, by Country and by Region, 2000-2021. Geneva, World Health Organization, 2024",False
SH_DTH_NCOM,URY,Uruguay,2019,12.7,10.5,15.2,FEMALE,30-69,G,CA,PERCENT,"Global Health Estimates 2021: Deaths by Cause, Age, Sex, by Country and by Region, 2000-2021. Geneva, World Health Organization, 2024",False
SH_DTH_NCOM,URY,Uruguay,2019,16.6,14.0,19.6,BOTHSEX,30-69,G,CA,PERCENT,"Global Health Estimates 2021: Deaths by Cause, Age, Sex, by Country and by Region, 2000-2021. Geneva, World Health Organization, 2024",True
SH_DTH_NCOM,URY,Uruguay,2020,12.4,10.2,14.9,FEMALE,30-69,G,CA,PERCENT,"Global Health Estimates 2021: Deaths by Cause, Age, Sex, by Country and by Region, 2000-2021. Geneva, World Health Organization, 2024",False
SH_DTH_NCOM,URY,Uruguay,2020,20.3,17.3,23.9,MALE,30-69,G,CA,PERCENT,"Global Health Estimates 2021: Deaths by Cause, Age, Sex, by Country and by Region, 2000-2021. Geneva, World Health Organization, 2024",False
SH_DTH_NCOM,URY,Uruguay,2020,16.2,13.6,19.2,BOTHSEX,30-69,G,CA,PERCENT,"Global Health Estimates 2021: Deaths by Cause, Age, Sex, by Country and by Region, 2000-2021. Geneva, World Health Organization, 2024",True
SH_DTH_NCOM,URY,Uruguay,2021,14.0,11.5,16.9,FEMALE,30-69,G,CA,PERCENT,"Global Health Estimates 2021: Deaths by Cause, Age, Sex, by Country and by Region, 2000-2021. Geneva, World Health Organization, 2024",False
SH_DTH_NCOM,URY,Uruguay,2021,17.4,14.6,20.6,BOTHSEX,30-69,G,CA,PERCENT,"Global Health Estimates 2021: Deaths by Cause, Age, Sex, by Country and by Region, 2000-2021. Geneva, World Health Organization, 2024",True
SH_DTH_NCOM,URY,Uruguay,2021,21.1,18.0,24.7,MALE,30-69,G,CA,PERCENT,"Global Health Estimates 2021: Deaths by Cause, Age, Sex, by Country and by Region, 2000-2021. Geneva, World Health Organization, 2024",False
SH_DTH_NCOM,VEN,Venezuela,2000,16.8,14.9,19.2,BOTHSEX,30-69,G,E,PERCENT,"Global Health Estimates 2021: Deaths by Cause, Age, Sex, by Country and by Region, 2000-2021. Geneva, World Health Organization, 2024",True
SH_DTH_NCOM,VEN,Venezuela,2000,19.5,17.7,22.4,MALE,30-69,G,E,PERCENT,"Global Health Estimates 2021: Deaths by Cause, Age, Sex, by Country and by Region, 2000-2021. Geneva, World Health Organization, 2024",False
SH_DTH_NCOM,VEN,Venezuela,2000,14.3,12.4,16.3,FEMALE,30-69,G,E,PERCENT,"Global Health Estimates 2021: Deaths by Cause, Age, Sex, by Country and by Region, 2000-2021. Geneva, World Health Organization, 2024",False
SH_DTH_NCOM,VEN,Venezuela,2005,13.3,11.5,15.3,FEMALE,30-69,G,E,PERCENT,"Global Health Estimates 2021: Deaths by Cause, Age, Sex, by Country and by Region, 2000-2021. Geneva, World Health Organization, 2024",False
SH_DTH_NCOM,VEN,Venezuela,2005,18.7,16.7,21.3,MALE,30-69,G,E,PERCENT,"Global Health Estimates 2021: Deaths by Cause, Age, Sex, by Country and by Region, 2000-2021. Geneva, World Health Organization, 2024",False
SH_DTH_NCOM,VEN,Venezuela,2005,15.9,14.0,18.2,BOTHSEX,30-69,G,E,PERCENT,"Global Health Estimates 2021: Deaths by Cause, Age, Sex, by Country and by Region, 2000-2021. Geneva, World Health Organization, 2024",True
SH_DTH_NCOM,VEN,Venezuela,2010,12.9,11.1,14.8,FEMALE,30-69,G,E,PERCENT,"Global Health Estimates 2021: Deaths by Cause, Age, Sex, by Country and by Region, 2000-2021. Geneva, World Health Organization, 2024",False
SH_DTH_NCOM,VEN,Venezuela,2010,15.8,13.8,17.9,BOTHSEX,30-69,G,E,PERCENT,"Global Health Estimates 2021: Deaths by Cause, Age, Sex, by Country and by Region, 2000-2021. Geneva, World Health Organization, 2024",True
SH_DTH_NCOM,VEN,Venezuela,2010,18.9,16.7,21.3,MALE,30-69,G,E,PERCENT,"Global Health Estimates 2021: Deaths by Cause, Age, Sex, by Country and by Region, 2000-2021. Geneva, World Health Organization, 2024",False
SH_DTH_NCOM,VEN,Venezuela,2015,13.7,11.7,15.8,FEMALE,30-69,G,E,PERCENT,"Global Health Estimates 2021: Deaths by Cause, Age, Sex, by Country and by Region, 2000-2021. Geneva, World Health Organization, 2024",False
SH_DTH_NCOM,VEN,Venezuela,2015,16.7,14.4,19.0,BOTHSEX,30-69,G,E,PERCENT,"Global Health Estimates 2021: Deaths by Cause, Age, Sex, by Country and by Region, 2000-2021. Geneva, World Health Organization, 2024",True
SH_DTH_NCOM,VEN,Venezuela,2015,20.0,17.3,22.4,MALE,30-69,G,E,PERCENT,"Global Health Estimates 2021: Deaths by Cause, Age, Sex, by Country and by Region, 2000-2021. Geneva, World Health Organization, 2024",False
SH_DTH_NCOM,VEN,Venezuela,2019,17.9,13.5,22.4,BOTHSEX,30-69,G,E,PERCENT,"Global Health Estimates 2021: Deaths by Cause, Age, Sex, by Country and by Region, 2000-2021. Geneva, World Health Organization, 2024",True
SH_DTH_NCOM,VEN,Venezuela,2019,14.5,11.0,18.4,FEMALE,30-69,G,E,PERCENT,"Global Health Estimates 2021: Deaths by Cause, Age, Sex, by Country and by Region, 2000-2021. Geneva, World Health Organization, 2024",False
SH_DTH_NCOM,VEN,Venezuela,2019,21.6,16.1,26.6,MALE,30-69,G,E,PERCENT,"Global Health Estimates 2021: Deaths by Cause, Age, Sex, by Country and by Region, 2000-2021. Geneva, World Health Organization, 2024",False
SH_DTH_NCOM,VEN,Venezuela,2020,18.4,13.3,23.6,BOTHSEX,30-69,G,E,PERCENT,"Global Health Estimates 2021: Deaths by Cause, Age, Sex, by Country and by Region, 2000-2021. Geneva, World Health Organization, 2024",True
SH_DTH_NCOM,VEN,Venezuela,2020,22.7,16.3,28.7,MALE,30-69,G,E,PERCENT,"Global Health Estimates 2021: Deaths by Cause, Age, Sex, by Country and by Region, 2000-2021. Geneva, World Health Organization, 2024",False
SH_DTH_NCOM,VEN,Venezuela,2020,14.4,10.6,18.7,FEMALE,30-69,G,E,PERCENT,"Global Health Estimates 2021: Deaths by Cause, Age, Sex, by Country and by Region, 2000-2021. Geneva, World Health Organization, 2024",False
SH_DTH_NCOM,VEN,Venezuela,2021,18.7,13.2,24.2,BOTHSEX,30-69,G,E,PERCENT,"Global Health Estimates 2021: Deaths by Cause, Age, Sex, by Country and by Region, 2000-2021. Geneva, World Health Organization, 2024",True
SH_DTH_NCOM,VEN,Venezuela,2021,22.5,15.8,28.7,MALE,30-69,G,E,PERCENT,"Global Health Estimates 2021: Deaths by Cause, Age, Sex, by Country and by Region, 2000-2021. Geneva, World Health Organization, 2024",False
SH_DTH_NCOM,VEN,Venezuela,2021,15.2,10.9,19.9,FEMALE,30-69,G,E,PERCENT,"Global Health Estimates 2021: Deaths by Cause, Age, Sex, by Country and by Region, 2000-2021. Geneva, World Health Organization, 2024",False
SP_DYN_ADKL,ARG,Argentina,2000,1.951029,,,FEMALE,10-14,G,C,PER_1000_POP,Registration National Statistics & WPP2024,True
SP_DYN_ADKL,ARG,Argentina,2000,64.185593,,,FEMALE,15-19,G,C,PER_1000_POP,Registration National Statistics & WPP2024,False
SP_DYN_ADKL,ARG,Argentina,2001,60.568565,,,FEMALE,15-19,G,C,PER_1000_POP,Registration National Statistics & WPP2024,True
SP_DYN_ADKL,ARG,Argentina,2001,1.821966,,,FEMALE,10-14,G,C,PER_1000_POP,Registration National Statistics & WPP2024,False
SP_DYN_ADKL,ARG,Argentina,2002,1.947409,,,FEMALE,10-14,G,C,PER_1000_POP,Registration National Statistics & WPP2024,True
SP_DYN_ADKL,ARG,Argentina,2002,61.294739,,,FEMALE,15-19,G,C,PER_1000_POP,Registration National Statistics & WPP2024,False
SP_DYN_ADKL,ARG,Argentina,2003,57.597958,,,FEMALE,15-19,G,C,PER_1000_POP,Registration National Statistics & WPP2024,True
SP_DYN_ADKL,ARG,Argentina,2003,1.636932,,,FEMALE,10-14,G,C,PER_1000_POP,Registration National Statistics & WPP2024,False
SP_DYN_ADKL,ARG,Argentina,2004,1.536703,,,FEMALE,10-14,G,C,PER_1000_POP,Registration National Statistics & WPP2024,True
SP_DYN_ADKL,ARG,Argentina,2004,63.985107,,,FEMALE,15-19,G,C,PER_1000_POP,Registration National Statistics & WPP2024,False
SP_DYN_ADKL,ARG,Argentina,2005,63.906452,,,FEMALE,15-19,G,C,PER_1000_POP,Registration National Statistics & WPP2024,True
SP_DYN_ADKL,ARG,Argentina,2005,1.570291,,,FEMALE,10-14,G,C,PER_1000_POP,Registration National Statistics & WPP2024,False
SP_DYN_ADKL,ARG,Argentina,2006,1.602622,,,FEMALE,10-14,G,C,PER_1000_POP,Registration National Statistics & WPP2024,True
SP_DYN_ADKL,ARG,Argentina,2006,62.369999,,,FEMALE,15-19,G,C,PER_1000_POP,Registration National Statistics,False
SP_DYN_ADKL,ARG,Argentina,2007,63.934589,,,FEMALE,15-19,G,C,PER_1000_POP,Registration National Statistics & WPP2024,True
SP_DYN_ADKL,ARG,Argentina,2007,1.652603,,,FEMALE,10-14,G,C,PER_1000_POP,Registration National Statistics & WPP2024,False
SP_DYN_ADKL,ARG,Argentina,2008,1.714884,,,FEMALE,10-14,G,C,PER_1000_POP,Registration National Statistics & WPP2024,True
SP_DYN_ADKL,ARG,Argentina,2008,66.422874,,,FEMALE,15-19,G,C,PER_1000_POP,Registration National Statistics & WPP2024,False
SP_DYN_ADKL,ARG,Argentina,2009,66.731926,,,FEMALE,15-19,G,C,PER_1000_POP,Registration National Statistics & WPP2024,True
SP_DYN_ADKL,ARG,Argentina,2009,1.965168,,,FEMALE,10-14,G,C,PER_1000_POP,Registration National Statistics & WPP2024,False
SP_DYN_ADKL,ARG,Argentina,2010,1.846626,,,FEMALE,10-14,G,C,PER_1000_POP,Registration National Statistics & WPP2024,True
SP_DYN_ADKL,ARG,Argentina,2010,68.427757,,,FEMALE,15-19,G,C,PER_1000_POP,Registration UNSD,False
SP_DYN_ADKL,ARG,Argentina,2011,67.470352,,,FEMALE,15-19,G,C,PER_1000_POP,Registration National Statistics & WPP2024,True
SP_DYN_ADKL,ARG,Argentina,2011,1.865435,,,FEMALE,10-14,G,C,PER_1000_POP,Registration National Statistics & WPP2024,False
SP_DYN_ADKL,ARG,Argentina,2012,1.796691,,,FEMALE,10-14,G,C,PER_1000_POP,Registration National Statistics & WPP2024,True
SP_DYN_ADKL,ARG,Argentina,2012,66.560104,,,FEMALE,15-19,G,C,PER_1000_POP,Registration UNSD,False
SP_DYN_ADKL,ARG,Argentina,2013,66.798477,,,FEMALE,15-19,G,C,PER_1000_POP,Registration National Statistics & WPP2024,True
SP_DYN_ADKL,ARG,Argentina,2013,1.93379,,,FEMALE,10-14,G,C,PER_1000_POP,Registration National Statistics & WPP2024,False
SP_DYN_ADKL,ARG,Argentina,2014,1.791126,,,FEMALE,10-14,G,C,PER_1000_POP,Registration National Statistics & WPP2024,True
SP_DYN_ADKL,ARG,Argentina,2014,65.890083,,,FEMALE,15-19,G,C,PER_1000_POP,Registration UNSD,False
SP_DYN_ADKL,ARG,Argentina,2015,63.618553,,,FEMALE,15-19,G,C,PER_1000_POP,Registration UNSD,True
SP_DYN_ADKL,ARG,Argentina,2015,1.670574,,,FEMALE,10-14,G,C,PER_1000_POP,Registration National Statistics & WPP2024,False
SP_DYN_ADKL,ARG,Argentina,2016,1.437917,,,FEMALE,10-14,G,C,PER_1000_POP,Registration National Statistics & WPP2024,True
SP_DYN_ADKL,ARG,Argentina,2016,57.321419,,,FEMALE,15-19,G,C,PER_1000_POP,Registration National Statistics & WPP2024,False
SP_DYN_ADKL,ARG,Argentina,2017,54.912971,,,FEMALE,15-19,G,C,PER_1000_POP,Registration National Statistics & WPP2024,True
SP_DYN_ADKL,ARG,Argentina,2017,1.496278,,,FEMALE,10-14,G,C,PER_1000_POP,Registration National Statistics & WPP2024,False
SP_DYN_ADKL,ARG,Argentina,2018,1.395802,,,FEMALE,10-14,G,C,PER_1000_POP,Registration National Statistics & WPP2024,True
SP_DYN_ADKL,ARG,Argentina,2018,50.705032,,,FEMALE,15-19,G,C,PER_1000_POP,Registration National Statistics & WPP2024,False
SP_DYN_ADKL,ARG,Argentina,2019,41.827957,,,FEMALE,15-19,G,C,PER_1000_POP,Registration National Statistics & WPP2024,True
SP_DYN_ADKL,ARG,Argentina,2019,1.138416,,,FEMALE,10-14,G,C,PER_1000_POP,Registration National Statistics & WPP2024,False
SP_DYN_ADKL,ARG,Argentina,2020,0.754564,,,FEMALE,10-14,G,C,PER_1000_POP,Registration National Statistics & WPP2024,True
SP_DYN_ADKL,ARG,Argentina,2020,31.308645,,,FEMALE,15-19,G,C,PER_1000_POP,Registration National Statistics & WPP2024,False
SP_DYN_ADKL,ARG,Argentina,2021,27.798323,,,FEMALE,15-19,G,C,PER_1000_POP,Registration National Statistics & WPP2024,True
SP_DYN_ADKL,ARG,Argentina,2021,0.803552,,,FEMALE,10-14,G,C,PER_1000_POP,Registration National Statistics & WPP2024,False
SP_DYN_ADKL,ARG,Argentina,2022,0.0,,,FEMALE,10-14,G,C,PER_1000_POP,Registration National Statistics & WPP2024,True
SP_DYN_ADKL,ARG,Argentina,2022,25.754976,,,FEMALE,15-19,G,C,PER_1000_POP,Registration National Statistics & WPP2024,False
SP_DYN_ADKL,BOL,Bolivia,2001,95.400002,,,FEMALE,15-19,G,C,PER_1000_POP,Bolivia 2001 Census,True
SP_DYN_ADKL,BOL,Bolivia,2002,83.987137,,,FEMALE,15-19,G,CA,PER_1000_POP,Bolivia 2003 Demographic and Health Survey,True
SP_DYN_ADKL,BOL,Bolivia,2002,2.78969,,,FEMALE,10-14,G,CA,PER_1000_POP,Bolivia 2003 Demographic and Health Survey,False
SP_DYN_ADKL,BOL,Bolivia,2003,2.882104,,,FEMALE,10-14,G,CA,PER_1000_POP,Bolivia 2008 Demographic and Health Survey,True
SP_DYN_ADKL,BOL,Bolivia,2003,94.370361,,,FEMALE,15-19,G,CA,PER_1000_POP,Bolivia 2008 Demographic and Health Survey,False
SP_DYN_ADKL,BOL,Bolivia,2005,88.732498,,,FEMALE,15-19,G,CA,PER_1000_POP,Bolivia 2008 Demographic and Health Survey,True
SP_DYN_ADKL,BOL,Bolivia,2005,2.777525,,,FEMALE,10-14,G,CA,PER_1000_POP,Bolivia 2008 Demographic and Health Survey,False
SP_DYN_ADKL,BOL,Bolivia,2006,2.745813,,,FEMALE,10-14,G,CA,PER_1000_POP,Bolivia 2008 Demographic and Health Survey,True
SP_DYN_ADKL,BOL,Bolivia,2006,87.579788,,,FEMALE,15-19,G,CA,PER_1000_POP,Bolivia 2008 Demographic and Health Survey,False
SP_DYN_ADKL,BOL,Bolivia,2012,78.099998,,,FEMALE,15-19,G,C,PER_1000_POP,Bolivia 2012 Census,True
SP_DYN_ADKL,BOL,Bolivia,2015,71.0,,,FEMALE,15-19,G,C,PER_1000_POP,Bolivia 2016 Demographic and Health Survey,True
SP_DYN_ADKL,BRA,Brazil,2000,3.331563,,,FEMALE,10-14,G,C,PER_1000_POP,Registration National Statistics & WPP2024,True
SP_DYN_ADKL,BRA,Brazil,2000,81.6259,,,FEMALE,15-19,G,C,PER_1000_POP,Registration National Statistics & WPP2024,False
SP_DYN_ADKL,BRA,Brazil,2001,78.529457,,,FEMALE,15-19,G,C,PER_1000_POP,Registration National Statistics & WPP2024,True
SP_DYN_ADKL,BRA,Brazil,2001,3.243692,,,FEMALE,10-14,G,C,PER_1000_POP,Registration National Statistics & WPP2024,False
SP_DYN_ADKL,BRA,Brazil,2002,3.242017,,,FEMALE,10-14,G,C,PER_1000_POP,Registration National Statistics & WPP2024,True
SP_DYN_ADKL,BRA,Brazil,2002,74.890984,,,FEMALE,15-19,G,C,PER_1000_POP,Registration National Statistics & WPP2024,False
SP_DYN_ADKL,BRA,Brazil,2003,72.997581,,,FEMALE,15-19,G,C,PER_1000_POP,Registration National Statistics & WPP2024,True
SP_DYN_ADKL,BRA,Brazil,2003,3.222331,,,FEMALE,10-14,G,C,PER_1000_POP,Registration National Statistics & WPP2024,False
SP_DYN_ADKL,BRA,Brazil,2004,3.130562,,,FEMALE,10-14,G,C,PER_1000_POP,Registration National Statistics & WPP2024,True
SP_DYN_ADKL,BRA,Brazil,2004,72.294296,,,FEMALE,15-19,G,C,PER_1000_POP,Registration National Statistics & WPP2024,False
SP_DYN_ADKL,BRA,Brazil,2005,72.911041,,,FEMALE,15-19,G,C,PER_1000_POP,Registration National Statistics & WPP2024,True
SP_DYN_ADKL,BRA,Brazil,2005,3.200333,,,FEMALE,10-14,G,C,PER_1000_POP,Registration National Statistics & WPP2024,False
SP_DYN_ADKL,BRA,Brazil,2006,3.301545,,,FEMALE,10-14,G,C,PER_1000_POP,Registration National Statistics & WPP2024,True
SP_DYN_ADKL,BRA,Brazil,2006,70.236656,,,FEMALE,15-19,G,C,PER_1000_POP,Registration National Statistics & WPP2024,False
SP_DYN_ADKL,BRA,Brazil,2007,68.377022,,,FEMALE,15-19,G,C,PER_1000_POP,Registration National Statistics & WPP2024,True
SP_DYN_ADKL,BRA,Brazil,2007,3.339326,,,FEMALE,10-14,G,C,PER_1000_POP,Registration National Statistics & WPP2024,False
SP_DYN_ADKL,BRA,Brazil,2008,3.415223,,,FEMALE,10-14,G,C,PER_1000_POP,Registration National Statistics & WPP2024,True
SP_DYN_ADKL,BRA,Brazil,2008,67.670952,,,FEMALE,15-19,G,C,PER_1000_POP,Registration National Statistics & WPP2024,False
SP_DYN_ADKL,BRA,Brazil,2009,65.390785,,,FEMALE,15-19,G,C,PER_1000_POP,Registration National Statistics & WPP2024,True
SP_DYN_ADKL,BRA,Brazil,2009,3.308534,,,FEMALE,10-14,G,C,PER_1000_POP,Registration National Statistics & WPP2024,False
SP_DYN_ADKL,BRA,Brazil,2010,3.228905,,,FEMALE,10-14,G,C,PER_1000_POP,Registration National Statistics & WPP2024,True
SP_DYN_ADKL,BRA,Brazil,2010,63.155445,,,FEMALE,15-19,G,C,PER_1000_POP,Registration National Statistics & WPP2024,False
SP_DYN_ADKL,BRA,Brazil,2011,64.175911,,,FEMALE,15-19,G,C,PER_1000_POP,Registration National Statistics & WPP2024,True
SP_DYN_ADKL,BRA,Brazil,2011,3.342624,,,FEMALE,10-14,G,C,PER_1000_POP,Registration National Statistics & WPP2024,False
SP_DYN_ADKL,BRA,Brazil,2012,3.439131,,,FEMALE,10-14,G,C,PER_1000_POP,Registration National Statistics & WPP2024,True
SP_DYN_ADKL,BRA,Brazil,2012,63.956131,,,FEMALE,15-19,G,C,PER_1000_POP,Registration National Statistics & WPP2024,False
SP_DYN_ADKL,BRA,Brazil,2013,63.780449,,,FEMALE,15-19,G,C,PER_1000_POP,Registration National Statistics & WPP2024,True
SP_DYN_ADKL,BRA,Brazil,2013,3.469155,,,FEMALE,10-14,G,C,PER_1000_POP,Registration National Statistics & WPP2024,False
SP_DYN_ADKL,BRA,Brazil,2014,3.568706,,,FEMALE,10-14,G,C,PER_1000_POP,Registration National Statistics & WPP2024,True
SP_DYN_ADKL,BRA,Brazil,2014,63.981937,,,FEMALE,15-19,G,C,PER_1000_POP,Registration National Statistics & WPP2024,False
SP_DYN_ADKL,BRA,Brazil,2015,62.545959,,,FEMALE,15-19,G,C,PER_1000_POP,Registration National Statistics & WPP2024,True
SP_DYN_ADKL,BRA,Brazil,2015,3.432485,,,FEMALE,10-14,G,C,PER_1000_POP,Registration National Statistics & WPP2024,False
SP_DYN_ADKL,BRA,Brazil,2016,3.151757,,,FEMALE,10-14,G,C,PER_1000_POP,Registration National Statistics & WPP2024,True
SP_DYN_ADKL,BRA,Brazil,2016,57.729885,,,FEMALE,15-19,G,C,PER_1000_POP,Registration National Statistics & WPP2024,False
SP_DYN_ADKL,BRA,Brazil,2017,56.168827,,,FEMALE,15-19,G,C,PER_1000_POP,Registration National Statistics & WPP2024,True
SP_DYN_ADKL,BRA,Brazil,2017,2.934656,,,FEMALE,10-14,G,C,PER_1000_POP,Registration National Statistics & WPP2024,False
SP_DYN_ADKL,BRA,Brazil,2018,2.843521,,,FEMALE,10-14,G,C,PER_1000_POP,Registration National Statistics & WPP2024,True
SP_DYN_ADKL,BRA,Brazil,2018,54.211803,,,FEMALE,15-19,G,C,PER_1000_POP,Registration National Statistics & WPP2024,False
SP_DYN_ADKL,BRA,Brazil,2019,50.823967,,,FEMALE,15-19,G,C,PER_1000_POP,Registration National Statistics & WPP2024,True
SP_DYN_ADKL,BRA,Brazil,2019,2.629413,,,FEMALE,10-14,G,C,PER_1000_POP,Registration National Statistics & WPP2024,False
SP_DYN_ADKL,BRA,Brazil,2020,2.421304,,,FEMALE,10-14,G,C,PER_1000_POP,Registration National Statistics & WPP2024,True
SP_DYN_ADKL,BRA,Brazil,2020,47.054676,,,FEMALE,15-19,G,C,PER_1000_POP,Registration National Statistics & WPP2024,False
SP_DYN_ADKL,BRA,Brazil,2021,45.594105,,,FEMALE,15-19,G,C,PER_1000_POP,Registration National Statistics & WPP2024,True
SP_DYN_ADKL,BRA,Brazil,2021,2.431262,,,FEMALE,10-14,G,C,PER_1000_POP,Registration National Statistics & WPP2024,False
SP_DYN_ADKL,BRA,Brazil,2022,2.008116,,,FEMALE,10-14,G,C,PER_1000_POP,Registration National Statistics & WPP2024,True
SP_DYN_ADKL,BRA,Brazil,2022,40.172913,,,FEMALE,15-19,G,C,PER_1000_POP,Registration National Statistics & WPP2024,False
SP_DYN_ADKL,CHL,Chile,2000,0.0,,,FEMALE,10-14,G,C,PER_1000_POP,Registration National Statistics & WPP2024,True
SP_DYN_ADKL,CHL,Chile,2000,62.700001,,,FEMALE,15-19,G,C,PER_1000_POP,Registration National Statistics,False
SP_DYN_ADKL,CHL,Chile,2001,60.599998,,,FEMALE,15-19,G,C,PER_1000_POP,Registration National Statistics,True
SP_DYN_ADKL,CHL,Chile,2001,0.0,,,FEMALE,10-14,G,C,PER_1000_POP,Registration National Statistics & WPP2024,False
SP_DYN_ADKL,CHL,Chile,2002,0.0,,,FEMALE,10-14,G,C,PER_1000_POP,Registration National Statistics & WPP2024,True
SP_DYN_ADKL,CHL,Chile,2002,55.900002,,,FEMALE,15-19,G,C,PER_1000_POP,Registration National Statistics,False
SP_DYN_ADKL,CHL,Chile,2003,50.700001,,,FEMALE,15-19,G,C,PER_1000_POP,Registration National Statistics,True
SP_DYN_ADKL,CHL,Chile,2003,0.0,,,FEMALE,10-14,G,C,PER_1000_POP,Registration National Statistics & WPP2024,False
SP_DYN_ADKL,CHL,Chile,2004,0.0,,,FEMALE,10-14,G,C,PER_1000_POP,Registration National Statistics & WPP2024,True
SP_DYN_ADKL,CHL,Chile,2004,49.200001,,,FEMALE,15-19,G,C,PER_1000_POP,Registration National Statistics,False
SP_DYN_ADKL,CHL,Chile,2005,50.400002,,,FEMALE,15-19,G,C,PER_1000_POP,Registration National Statistics,True
SP_DYN_ADKL,CHL,Chile,2005,0.0,,,FEMALE,10-14,G,C,PER_1000_POP,Registration National Statistics & WPP2024,False
SP_DYN_ADKL,CHL,Chile,2006,1.381436,,,FEMALE,10-14,G,C,PER_1000_POP,Registration National Statistics & WPP2024,True
SP_DYN_ADKL,CHL,Chile,2006,52.700001,,,FEMALE,15-19,G,C,PER_1000_POP,Registration National Statistics,False
SP_DYN_ADKL,CHL,Chile,2007,54.799999,,,FEMALE,15-19,G,C,PER_1000_POP,Registration National Statistics,True
SP_DYN_ADKL,CHL,Chile,2007,1.402417,,,FEMALE,10-14,G,C,PER_1000_POP,Registration National Statistics & WPP2024,False
SP_DYN_ADKL,CHL,Chile,2008,1.530718,,,FEMALE,10-14,G,C,PER_1000_POP,Registration National Statistics & WPP2024,True
SP_DYN_ADKL,CHL,Chile,2008,56.5,,,FEMALE,15-19,G,C,PER_1000_POP,Registration National Statistics,False
SP_DYN_ADKL,CHL,Chile,2009,55.900002,,,FEMALE,15-19,G,C,PER_1000_POP,Registration National Statistics,True
SP_DYN_ADKL,CHL,Chile,2009,1.6353,,,FEMALE,10-14,G,C,PER_1000_POP,Registration National Statistics & WPP2024,False
SP_DYN_ADKL,CHL,Chile,2010,1.496851,,,FEMALE,10-14,G,C,PER_1000_POP,Registration National Statistics & WPP2024,True
SP_DYN_ADKL,CHL,Chile,2010,53.5,,,FEMALE,15-19,G,C,PER_1000_POP,Registration National Statistics,False
SP_DYN_ADKL,CHL,Chile,2011,52.299999,,,FEMALE,15-19,G,C,PER_1000_POP,Registration National Statistics,True
SP_DYN_ADKL,CHL,Chile,2011,1.462174,,,FEMALE,10-14,G,C,PER_1000_POP,Registration National Statistics & WPP2024,False
SP_DYN_ADKL,CHL,Chile,2012,1.418862,,,FEMALE,10-14,G,C,PER_1000_POP,Registration National Statistics & WPP2024,True
SP_DYN_ADKL,CHL,Chile,2012,51.619999,,,FEMALE,15-19,G,C,PER_1000_POP,Registration National Statistics,False
SP_DYN_ADKL,CHL,Chile,2013,48.389999,,,FEMALE,15-19,G,C,PER_1000_POP,Registration National Statistics,True
SP_DYN_ADKL,CHL,Chile,2013,1.484128,,,FEMALE,10-14,G,C,PER_1000_POP,Registration National Statistics & WPP2024,False
SP_DYN_ADKL,CHL,Chile,2014,1.427104,,,FEMALE,10-14,G,C,PER_1000_POP,Registration National Statistics & WPP2024,True
SP_DYN_ADKL,CHL,Chile,2014,46.049999,,,FEMALE,15-19,G,C,PER_1000_POP,Registration National Statistics,False
SP_DYN_ADKL,CHL,Chile,2015,40.599998,,,FEMALE,15-19,G,C,PER_1000_POP,Registration National Statistics,True
SP_DYN_ADKL,CHL,Chile,2015,1.2201,,,FEMALE,10-14,G,C,PER_1000_POP,Registration National Statistics & WPP2024,False
SP_DYN_ADKL,CHL,Chile,2016,1.120251,,,FEMALE,10-14,G,C,PER_1000_POP,Registration National Statistics & WPP2024,True
SP_DYN_ADKL,CHL,Chile,2016,32.267929,,,FEMALE,15-19,G,C,PER_1000_POP,Registration UNSD,False
SP_DYN_ADKL,CHL,Chile,2017,26.889187,,,FEMALE,15-19,G,C,PER_1000_POP,Registration UNSD,True
SP_DYN_ADKL,CHL,Chile,2017,0.820183,,,FEMALE,10-14,G,C,PER_1000_POP,Registration National Statistics & WPP2024,False
SP_DYN_ADKL,CHL,Chile,2018,0.672813,,,FEMALE,10-14,G,C,PER_1000_POP,Registration National Statistics & WPP2024,True
SP_DYN_ADKL,CHL,Chile,2018,22.499062,,,FEMALE,15-19,G,C,PER_1000_POP,Registration National Statistics & WPP2024,False
SP_DYN_ADKL,CHL,Chile,2019,18.611099,,,FEMALE,15-19,G,C,PER_1000_POP,Registration National Statistics & WPP2024,True
SP_DYN_ADKL,CHL,Chile,2019,0.487463,,,FEMALE,10-14,G,C,PER_1000_POP,Registration National Statistics & WPP2024,False
SP_DYN_ADKL,CHL,Chile,2020,0.38044,,,FEMALE,10-14,G,C,PER_1000_POP,Registration National Statistics & WPP2024,True
SP_DYN_ADKL,CHL,Chile,2020,15.47244,,,FEMALE,15-19,G,C,PER_1000_POP,Registration National Statistics & WPP2024,False
SP_DYN_ADKL,CHL,Chile,2021,11.790721,,,FEMALE,15-19,G,C,PER_1000_POP,Registration National Statistics & WPP2024,True
SP_DYN_ADKL,CHL,Chile,2021,0.269139,,,FEMALE,10-14,G,C,PER_1000_POP,Registration National Statistics & WPP2024,False
SP_DYN_ADKL,CHL,Chile,2022,0.102705,,,FEMALE,10-14,G,C,PER_1000_POP,Registration National Statistics & WPP2024,True
SP_DYN_ADKL,CHL,Chile,2022,6.97716,,,FEMALE,15-19,G,C,PER_1000_POP,Registration National Statistics & WPP2024,False
SP_DYN_ADKL,CHL,Chile,2023,6.34799,,,FEMALE,15-19,G,C,PER_1000_POP,Registration National Statistics & WPP2024,True
SP_DYN_ADKL,CHL,Chile,2023,0.06419,,,FEMALE,10-14,G,C,PER_1000_POP,Registration National Statistics & WPP2024,False
SP_DYN_ADKL,COL,Colombia,2002,91.879951,,,FEMALE,15-19,G,CA,PER_1000_POP,Colombia 2005 Demographic and Health Survey,True
SP_DYN_ADKL,COL,Colombia,2002,4.447876,,,FEMALE,10-14,G,CA,PER_1000_POP,Colombia 2010 Demographic and Health Survey,False
SP_DYN_ADKL,COL,Colombia,2003,5.061412,,,FEMALE,10-14,G,CA,PER_1000_POP,Colombia 2015 Demographic and Health Survey,True
SP_DYN_ADKL,COL,Colombia,2003,90.413826,,,FEMALE,15-19,G,CA,PER_1000_POP,Colombia 2005 Demographic and Health Survey,False
SP_DYN_ADKL,COL,Colombia,2005,88.66539,,,FEMALE,15-19,G,CA,PER_1000_POP,Colombia 2010 Demographic and Health Survey,True
SP_DYN_ADKL,COL,Colombia,2005,4.532132,,,FEMALE,10-14,G,CA,PER_1000_POP,Colombia 2015 Demographic and Health Survey,False
SP_DYN_ADKL,COL,Colombia,2007,3.500712,,,FEMALE,10-14,G,CA,PER_1000_POP,Colombia 2010 Demographic and Health Survey,True
SP_DYN_ADKL,COL,Colombia,2007,85.093391,,,FEMALE,15-19,G,CA,PER_1000_POP,Colombia 2010 Demographic and Health Survey,False
SP_DYN_ADKL,COL,Colombia,2008,83.501427,,,FEMALE,15-19,G,CA,PER_1000_POP,Colombia 2010 Demographic and Health Survey,True
SP_DYN_ADKL,COL,Colombia,2008,3.659108,,,FEMALE,10-14,G,CA,PER_1000_POP,Colombia 2015 Demographic and Health Survey,False
SP_DYN_ADKL,COL,Colombia,2011,2.728154,,,FEMALE,10-14,G,CA,PER_1000_POP,Colombia 2015 Demographic and Health Survey,True
SP_DYN_ADKL,COL,Colombia,2011,82.817162,,,FEMALE,15-19,G,CA,PER_1000_POP,Colombia 2015 Demographic and Health Survey,False
SP_DYN_ADKL,COL,Colombia,2012,3.175925,,,FEMALE,10-14,G,C,PER_1000_POP,Registration National Statistics & WPP2024,True
SP_DYN_ADKL,COL,Colombia,2012,73.833466,,,FEMALE,15-19,G,C,PER_1000_POP,Registration National Statistics & WPP2024,False
SP_DYN_ADKL,COL,Colombia,2013,77.228531,,,FEMALE,15-19,G,CA,PER_1000_POP,Colombia 2015 Demographic and Health Survey,True
SP_DYN_ADKL,COL,Colombia,2013,2.75838,,,FEMALE,10-14,G,CA,PER_1000_POP,Colombia 2015 Demographic and Health Survey,False
SP_DYN_ADKL,COL,Colombia,2014,2.494275,,,FEMALE,10-14,G,CA,PER_1000_POP,Colombia 2015 Demographic and Health Survey,True
SP_DYN_ADKL,COL,Colombia,2014,68.886734,,,FEMALE,15-19,G,C,PER_1000_POP,Registration National Statistics & WPP2024,False
SP_DYN_ADKL,COL,Colombia,2015,65.553513,,,FEMALE,15-19,G,C,PER_1000_POP,Registration National Statistics & WPP2024,True
SP_DYN_ADKL,COL,Colombia,2015,3.016793,,,FEMALE,10-14,G,C,PER_1000_POP,Registration National Statistics & WPP2024,False
SP_DYN_ADKL,COL,Colombia,2016,2.801312,,,FEMALE,10-14,G,C,PER_1000_POP,Registration National Statistics & WPP2024,True
SP_DYN_ADKL,COL,Colombia,2016,63.073635,,,FEMALE,15-19,G,C,PER_1000_POP,Registration National Statistics & WPP2024,False
SP_DYN_ADKL,COL,Colombia,2017,62.209892,,,FEMALE,15-19,G,C,PER_1000_POP,Registration National Statistics & WPP2024,True
SP_DYN_ADKL,COL,Colombia,2017,3.000769,,,FEMALE,10-14,G,C,PER_1000_POP,Registration National Statistics & WPP2024,False
SP_DYN_ADKL,COL,Colombia,2018,2.807259,,,FEMALE,10-14,G,C,PER_1000_POP,Registration National Statistics & WPP2024,True
SP_DYN_ADKL,COL,Colombia,2018,59.424545,,,FEMALE,15-19,G,C,PER_1000_POP,Registration National Statistics & WPP2024,False
SP_DYN_ADKL,COL,Colombia,2019,57.095234,,,FEMALE,15-19,G,C,PER_1000_POP,Registration National Statistics & WPP2024,True
SP_DYN_ADKL,COL,Colombia,2019,2.504647,,,FEMALE,10-14,G,C,PER_1000_POP,Registration National Statistics & WPP2024,False
SP_DYN_ADKL,COL,Colombia,2020,2.276194,,,FEMALE,10-14,G,C,PER_1000_POP,Registration National Statistics & WPP2024,True
SP_DYN_ADKL,COL,Colombia,2020,53.890915,,,FEMALE,15-19,G,C,PER_1000_POP,Registration National Statistics & WPP2024,False
SP_DYN_ADKL,COL,Colombia,2021,52.944218,,,FEMALE,15-19,G,C,PER_1000_POP,Registration National Statistics & WPP2024,True
SP_DYN_ADKL,COL,Colombia,2021,2.618777,,,FEMALE,10-14,G,C,PER_1000_POP,Registration National Statistics & WPP2024,False
SP_DYN_ADKL,COL,Colombia,2022,2.292996,,,FEMALE,10-14,G,C,PER_1000_POP,Registration National Statistics & WPP2024,True
SP_DYN_ADKL,COL,Colombia,2022,46.82502,,,FEMALE,15-19,G,C,PER_1000_POP,Registration National Statistics & WPP2024,False
SP_DYN_ADKL,COL,Colombia,2023,39.389183,,,FEMALE,15-19,G,C,PER_1000_POP,Registration National Statistics & WPP2024,True
SP_DYN_ADKL,COL,Colombia,2023,2.101558,,,FEMALE,10-14,G,C,PER_1000_POP,Registration National Statistics & WPP2024,False
SP_DYN_ADKL,CRI,Costa Rica,2000,3.016501,,,FEMALE,10-14,G,C,PER_1000_POP,Registration National Statistics & WPP2024,True
SP_DYN_ADKL,CRI,Costa Rica,2000,85.962982,,,FEMALE,15-19,G,C,PER_1000_POP,Registration National Statistics,False
SP_DYN_ADKL,CRI,Costa Rica,2001,76.695984,,,FEMALE,15-19,G,C,PER_1000_POP,Registration National Statistics,True
SP_DYN_ADKL,CRI,Costa Rica,2001,2.972938,,,FEMALE,10-14,G,C,PER_1000_POP,Registration National Statistics & WPP2024,False
SP_DYN_ADKL,CRI,Costa Rica,2002,2.340286,,,FEMALE,10-14,G,C,PER_1000_POP,Registration National Statistics & WPP2024,True
SP_DYN_ADKL,CRI,Costa Rica,2002,70.258049,,,FEMALE,15-19,G,C,PER_1000_POP,Registration National Statistics,False
SP_DYN_ADKL,CRI,Costa Rica,2003,70.807327,,,FEMALE,15-19,G,C,PER_1000_POP,Registration National Statistics,True
SP_DYN_ADKL,CRI,Costa Rica,2003,2.383808,,,FEMALE,10-14,G,C,PER_1000_POP,Registration National Statistics & WPP2024,False
SP_DYN_ADKL,CRI,Costa Rica,2004,2.223629,,,FEMALE,10-14,G,C,PER_1000_POP,Registration National Statistics & WPP2024,True
SP_DYN_ADKL,CRI,Costa Rica,2004,69.322044,,,FEMALE,15-19,G,C,PER_1000_POP,Registration National Statistics,False
SP_DYN_ADKL,CRI,Costa Rica,2005,66.157295,,,FEMALE,15-19,G,C,PER_1000_POP,Registration National Statistics,True
SP_DYN_ADKL,CRI,Costa Rica,2006,65.604935,,,FEMALE,15-19,G,C,PER_1000_POP,Registration National Statistics,True
SP_DYN_ADKL,CRI,Costa Rica,2006,2.360812,,,FEMALE,10-14,G,C,PER_1000_POP,Registration National Statistics & WPP2024,False
SP_DYN_ADKL,CRI,Costa Rica,2007,2.523709,,,FEMALE,10-14,G,C,PER_1000_POP,Registration National Statistics & WPP2024,True
SP_DYN_ADKL,CRI,Costa Rica,2007,67.980804,,,FEMALE,15-19,G,C,PER_1000_POP,Registration National Statistics,False
SP_DYN_ADKL,CRI,Costa Rica,2008,70.916664,,,FEMALE,15-19,G,C,PER_1000_POP,Registration National Statistics,True
SP_DYN_ADKL,CRI,Costa Rica,2008,2.665559,,,FEMALE,10-14,G,C,PER_1000_POP,Registration National Statistics & WPP2024,False
SP_DYN_ADKL,CRI,Costa Rica,2009,2.815104,,,FEMALE,10-14,G,C,PER_1000_POP,Registration National Statistics & WPP2024,True
SP_DYN_ADKL,CRI,Costa Rica,2009,68.666794,,,FEMALE,15-19,G,C,PER_1000_POP,Registration National Statistics,False
SP_DYN_ADKL,CRI,Costa Rica,2010,62.758682,,,FEMALE,15-19,G,C,PER_1000_POP,Registration National Statistics,True
SP_DYN_ADKL,CRI,Costa Rica,2010,2.198988,,,FEMALE,10-14,G,C,PER_1000_POP,Registration National Statistics & WPP2024,False
SP_DYN_ADKL,CRI,Costa Rica,2011,65.426086,,,FEMALE,15-19,G,C,PER_1000_POP,Registration National Statistics,True
SP_DYN_ADKL,CRI,Costa Rica,2012,67.14032,,,FEMALE,15-19,G,C,PER_1000_POP,Registration National Statistics,True
SP_DYN_ADKL,CRI,Costa Rica,2012,4.48365,,,FEMALE,10-14,G,C,PER_1000_POP,Registration National Statistics & WPP2024,False
SP_DYN_ADKL,CRI,Costa Rica,2013,2.522111,,,FEMALE,10-14,G,C,PER_1000_POP,Registration National Statistics & WPP2024,True
SP_DYN_ADKL,CRI,Costa Rica,2013,61.589638,,,FEMALE,15-19,G,C,PER_1000_POP,Registration National Statistics,False
SP_DYN_ADKL,CRI,Costa Rica,2014,59.748486,,,FEMALE,15-19,G,C,PER_1000_POP,Registration National Statistics,True
SP_DYN_ADKL,CRI,Costa Rica,2014,2.767509,,,FEMALE,10-14,G,C,PER_1000_POP,Registration National Statistics & WPP2024,False
SP_DYN_ADKL,CRI,Costa Rica,2015,2.396432,,,FEMALE,10-14,G,C,PER_1000_POP,Registration National Statistics & WPP2024,True
SP_DYN_ADKL,CRI,Costa Rica,2015,55.880238,,,FEMALE,15-19,G,C,PER_1000_POP,Registration National Statistics,False
SP_DYN_ADKL,CRI,Costa Rica,2016,53.178391,,,FEMALE,15-19,G,C,PER_1000_POP,Registration National Statistics,True
SP_DYN_ADKL,CRI,Costa Rica,2016,1.96498,,,FEMALE,10-14,G,C,PER_1000_POP,Registration National Statistics & WPP2024,False
SP_DYN_ADKL,CRI,Costa Rica,2017,1.709952,,,FEMALE,10-14,G,C,PER_1000_POP,Registration National Statistics & WPP2024,True
SP_DYN_ADKL,CRI,Costa Rica,2017,46.679695,,,FEMALE,15-19,G,C,PER_1000_POP,Registration UNSD,False
SP_DYN_ADKL,CRI,Costa Rica,2018,47.914242,,,FEMALE,15-19,G,C,PER_1000_POP,Registration UNSD,True
SP_DYN_ADKL,CRI,Costa Rica,2018,1.464746,,,FEMALE,10-14,G,C,PER_1000_POP,Registration National Statistics & WPP2024,False
SP_DYN_ADKL,CRI,Costa Rica,2019,1.495866,,,FEMALE,10-14,G,C,PER_1000_POP,Registration National Statistics & WPP2024,True
SP_DYN_ADKL,CRI,Costa Rica,2019,42.101669,,,FEMALE,15-19,G,C,PER_1000_POP,Registration National Statistics & WPP2024,False
SP_DYN_ADKL,CRI,Costa Rica,2020,32.896568,,,FEMALE,15-19,G,C,PER_1000_POP,Registration National Statistics & WPP2024,True
SP_DYN_ADKL,CRI,Costa Rica,2020,1.261285,,,FEMALE,10-14,G,C,PER_1000_POP,Registration National Statistics & WPP2024,False
SP_DYN_ADKL,CRI,Costa Rica,2021,1.117236,,,FEMALE,10-14,G,C,PER_1000_POP,Registration National Statistics & WPP2024,True
SP_DYN_ADKL,CRI,Costa Rica,2021,27.245007,,,FEMALE,15-19,G,C,PER_1000_POP,Registration National Statistics & WPP2024,False
SP_DYN_ADKL,CRI,Costa Rica,2022,26.8466,,,FEMALE,15-19,G,C,PER_1000_POP,Registration National Statistics & WPP2024,True
SP_DYN_ADKL,CRI,Costa Rica,2022,1.195757,,,FEMALE,10-14,G,C,PER_1000_POP,Registration National Statistics & WPP2024,False
SP_DYN_ADKL,CRI,Costa Rica,2023,1.130316,,,FEMALE,10-14,G,C,PER_1000_POP,Registration National Statistics & WPP2024,True
SP_DYN_ADKL,CRI,Costa Rica,2023,24.767515,,,FEMALE,15-19,G,C,PER_1000_POP,Registration National Statistics & WPP2024,False
SP_DYN_ADKL,CUB,Cuba,2000,1.222361,,,FEMALE,10-14,G,C,PER_1000_POP,Registration National Statistics & WPP2024,True
SP_DYN_ADKL,CUB,Cuba,2000,49.577805,,,FEMALE,15-19,G,C,PER_1000_POP,Registration UNSD,False
SP_DYN_ADKL,CUB,Cuba,2001,48.299999,,,FEMALE,15-19,G,C,PER_1000_POP,Registration National Statistics,True
SP_DYN_ADKL,CUB,Cuba,2001,1.165011,,,FEMALE,10-14,G,C,PER_1000_POP,Registration National Statistics & WPP2024,False
SP_DYN_ADKL,CUB,Cuba,2002,1.10565,,,FEMALE,10-14,G,C,PER_1000_POP,Registration National Statistics & WPP2024,True
SP_DYN_ADKL,CUB,Cuba,2002,47.900002,,,FEMALE,15-19,G,C,PER_1000_POP,Registration National Statistics,False
SP_DYN_ADKL,CUB,Cuba,2003,48.900002,,,FEMALE,15-19,G,C,PER_1000_POP,Registration National Statistics,True
SP_DYN_ADKL,CUB,Cuba,2003,1.209337,,,FEMALE,10-14,G,C,PER_1000_POP,Registration National Statistics & WPP2024,False
SP_DYN_ADKL,CUB,Cuba,2004,1.178064,,,FEMALE,10-14,G,C,PER_1000_POP,Registration National Statistics & WPP2024,True
SP_DYN_ADKL,CUB,Cuba,2004,46.170818,,,FEMALE,15-19,G,C,PER_1000_POP,Registration UNSD,False
SP_DYN_ADKL,CUB,Cuba,2005,43.91151,,,FEMALE,15-19,G,C,PER_1000_POP,Registration UNSD,True
SP_DYN_ADKL,CUB,Cuba,2005,1.121907,,,FEMALE,10-14,G,C,PER_1000_POP,Registration National Statistics & WPP2024,False
SP_DYN_ADKL,CUB,Cuba,2006,1.027185,,,FEMALE,10-14,G,C,PER_1000_POP,Registration National Statistics & WPP2024,True
SP_DYN_ADKL,CUB,Cuba,2006,40.95417,,,FEMALE,15-19,G,C,PER_1000_POP,Registration UNSD,False
SP_DYN_ADKL,CUB,Cuba,2007,42.621746,,,FEMALE,15-19,G,C,PER_1000_POP,Registration UNSD,True
SP_DYN_ADKL,CUB,Cuba,2007,0.893625,,,FEMALE,10-14,G,C,PER_1000_POP,Registration National Statistics & WPP2024,False
SP_DYN_ADKL,CUB,Cuba,2008,1.03291,,,FEMALE,10-14,G,C,PER_1000_POP,Registration National Statistics & WPP2024,True
SP_DYN_ADKL,CUB,Cuba,2008,48.291084,,,FEMALE,15-19,G,C,PER_1000_POP,Registration UNSD,False
SP_DYN_ADKL,CUB,Cuba,2009,50.482845,,,FEMALE,15-19,G,C,PER_1000_POP,Registration UNSD,True
SP_DYN_ADKL,CUB,Cuba,2009,0.926573,,,FEMALE,10-14,G,C,PER_1000_POP,Registration National Statistics & WPP2024,False
SP_DYN_ADKL,CUB,Cuba,2010,1.02631,,,FEMALE,10-14,G,C,PER_1000_POP,Registration National Statistics & WPP2024,True
SP_DYN_ADKL,CUB,Cuba,2010,51.889084,,,FEMALE,15-19,G,C,PER_1000_POP,Registration UNSD,False
SP_DYN_ADKL,CUB,Cuba,2011,56.061577,,,FEMALE,15-19,G,C,PER_1000_POP,Registration UNSD,True
SP_DYN_ADKL,CUB,Cuba,2011,1.159806,,,FEMALE,10-14,G,C,PER_1000_POP,Registration National Statistics & WPP2024,False
SP_DYN_ADKL,CUB,Cuba,2012,1.164146,,,FEMALE,10-14,G,C,PER_1000_POP,Registration National Statistics & WPP2024,True
SP_DYN_ADKL,CUB,Cuba,2012,51.283371,,,FEMALE,15-19,G,C,PER_1000_POP,Registration National Statistics & WPP2024,False
SP_DYN_ADKL,CUB,Cuba,2013,52.860443,,,FEMALE,15-19,G,C,PER_1000_POP,Registration UNSD,True
SP_DYN_ADKL,CUB,Cuba,2013,1.274519,,,FEMALE,10-14,G,C,PER_1000_POP,Registration National Statistics & WPP2024,False
SP_DYN_ADKL,CUB,Cuba,2014,1.381067,,,FEMALE,10-14,G,C,PER_1000_POP,Registration National Statistics & WPP2024,True
SP_DYN_ADKL,CUB,Cuba,2014,50.439972,,,FEMALE,15-19,G,C,PER_1000_POP,Registration UNSD,False
SP_DYN_ADKL,CUB,Cuba,2015,51.38055,,,FEMALE,15-19,G,C,PER_1000_POP,Registration UNSD,True
SP_DYN_ADKL,CUB,Cuba,2015,1.211489,,,FEMALE,10-14,G,C,PER_1000_POP,Registration National Statistics & WPP2024,False
SP_DYN_ADKL,CUB,Cuba,2016,1.21145,,,FEMALE,10-14,G,C,PER_1000_POP,Registration National Statistics & WPP2024,True
SP_DYN_ADKL,CUB,Cuba,2016,48.857262,,,FEMALE,15-19,G,C,PER_1000_POP,Registration UNSD,False
SP_DYN_ADKL,CUB,Cuba,2017,50.817005,,,FEMALE,15-19,G,C,PER_1000_POP,Registration UNSD,True
SP_DYN_ADKL,CUB,Cuba,2017,1.368766,,,FEMALE,10-14,G,C,PER_1000_POP,Registration National Statistics & WPP2024,False
SP_DYN_ADKL,CUB,Cuba,2018,1.492788,,,FEMALE,10-14,G,C,PER_1000_POP,Registration National Statistics & WPP2024,True
SP_DYN_ADKL,CUB,Cuba,2018,53.335995,,,FEMALE,15-19,G,C,PER_1000_POP,Registration UNSD,False
SP_DYN_ADKL,CUB,Cuba,2019,50.56377,,,FEMALE,15-19,G,C,PER_1000_POP,Registration National Statistics & WPP2024,True
SP_DYN_ADKL,CUB,Cuba,2019,1.496138,,,FEMALE,10-14,G,C,PER_1000_POP,Registration National Statistics & WPP2024,False
SP_DYN_ADKL,CUB,Cuba,2020,1.276089,,,FEMALE,10-14,G,C,PER_1000_POP,Registration National Statistics & WPP2024,True
SP_DYN_ADKL,CUB,Cuba,2020,49.876663,,,FEMALE,15-19,G,C,PER_1000_POP,Registration National Statistics & WPP2024,False
SP_DYN_ADKL,CUB,Cuba,2021,47.513241,,,FEMALE,15-19,G,C,PER_1000_POP,Registration National Statistics & WPP2024,True
SP_DYN_ADKL,CUB,Cuba,2021,1.289941,,,FEMALE,10-14,G,C,PER_1000_POP,Registration National Statistics & WPP2024,False
SP_DYN_ADKL,CUB,Cuba,2022,1.318604,,,FEMALE,10-14,G,C,PER_1000_POP,Registration National Statistics & WPP2024,True
SP_DYN_ADKL,CUB,Cuba,2022,48.60038,,,FEMALE,15-19,G,C,PER_1000_POP,Registration National Statistics & WPP2024,False
SP_DYN_ADKL,DOM,Dominican Republic,2002,4.744251,,,FEMALE,10-14,G,CA,PER_1000_POP,Dominican Republic 2007 Demographic and Health Survey,True
SP_DYN_ADKL,DOM,Dominican Republic,2002,112.678513,,,FEMALE,15-19,G,CA,PER_1000_POP,Dominican Republic 2007 Demographic and Health Survey,False
SP_DYN_ADKL,DOM,Dominican Republic,2003,117.454773,,,FEMALE,15-19,G,CA,PER_1000_POP,Dominican Republic 2019 Multiple Indicator Cluster Survey,True
SP_DYN_ADKL,DOM,Dominican Republic,2003,9.384902,,,FEMALE,10-14,G,CA,PER_1000_POP,Dominican Republic 2019 Multiple Indicator Cluster Survey,False
SP_DYN_ADKL,DOM,Dominican Republic,2004,7.019018,,,FEMALE,10-14,G,CA,PER_1000_POP,Dominican Republic 2014 Multiple Indicator Cluster Survey,True
SP_DYN_ADKL,DOM,Dominican Republic,2004,97.984741,,,FEMALE,15-19,G,CA,PER_1000_POP,Dominican Republic 2007 Demographic and Health Survey,False
SP_DYN_ADKL,DOM,Dominican Republic,2005,92.422958,,,FEMALE,15-19,G,CA,PER_1000_POP,Dominican Republic 2007 Demographic and Health Survey,True
SP_DYN_ADKL,DOM,Dominican Republic,2005,2.542203,,,FEMALE,10-14,G,CA,PER_1000_POP,Dominican Republic 2007 Demographic and Health Survey,False
SP_DYN_ADKL,DOM,Dominican Republic,2006,4.769668,,,FEMALE,10-14,G,CA,PER_1000_POP,Dominican Republic 2013 Demographic and Health Survey,True
SP_DYN_ADKL,DOM,Dominican Republic,2006,101.949478,,,FEMALE,15-19,G,CA,PER_1000_POP,Dominican Republic 2013 Demographic and Health Survey,False
SP_DYN_ADKL,DOM,Dominican Republic,2007,96.463112,,,FEMALE,15-19,G,CA,PER_1000_POP,Dominican Republic 2014 Multiple Indicator Cluster Survey,True
SP_DYN_ADKL,DOM,Dominican Republic,2007,4.995431,,,FEMALE,10-14,G,CA,PER_1000_POP,Dominican Republic 2014 Multiple Indicator Cluster Survey,False
SP_DYN_ADKL,DOM,Dominican Republic,2009,4.480278,,,FEMALE,10-14,G,CA,PER_1000_POP,Dominican Republic 2019 Multiple Indicator Cluster Survey,True
SP_DYN_ADKL,DOM,Dominican Republic,2009,93.014656,,,FEMALE,15-19,G,CA,PER_1000_POP,Dominican Republic 2013 Demographic and Health Survey,False
SP_DYN_ADKL,DOM,Dominican Republic,2010,93.074455,,,FEMALE,15-19,G,CA,PER_1000_POP,Dominican Republic 2014 Multiple Indicator Cluster Survey,True
SP_DYN_ADKL,DOM,Dominican Republic,2010,3.970757,,,FEMALE,10-14,G,CA,PER_1000_POP,Dominican Republic 2014 Multiple Indicator Cluster Survey,False
SP_DYN_ADKL,DOM,Dominican Republic,2011,3.887667,,,FEMALE,10-14,G,CA,PER_1000_POP,Dominican Republic 2013 Demographic and Health Survey,True
SP_DYN_ADKL,DOM,Dominican Republic,2011,89.778969,,,FEMALE,15-19,G,CA,PER_1000_POP,Dominican Republic 2013 Demographic and Health Survey,False
SP_DYN_ADKL,DOM,Dominican Republic,2012,91.381683,,,FEMALE,15-19,G,CA,PER_1000_POP,Dominican Republic 2014 Multiple Indicator Cluster Survey,True
SP_DYN_ADKL,DOM,Dominican Republic,2012,4.288788,,,FEMALE,10-14,G,CA,PER_1000_POP,Dominican Republic 2019 Multiple Indicator Cluster Survey,False
SP_DYN_ADKL,DOM,Dominican Republic,2013,5.817496,,,FEMALE,10-14,G,CA,PER_1000_POP,Dominican Republic 2014 Multiple Indicator Cluster Survey,True
SP_DYN_ADKL,DOM,Dominican Republic,2013,89.457458,,,FEMALE,15-19,G,CA,PER_1000_POP,Dominican Republic 2014 Multiple Indicator Cluster Survey,False
SP_DYN_ADKL,DOM,Dominican Republic,2015,90.586304,,,FEMALE,15-19,G,CA,PER_1000_POP,Dominican Republic 2019 Multiple Indicator Cluster Survey,True
SP_DYN_ADKL,DOM,Dominican Republic,2015,3.898203,,,FEMALE,10-14,G,CA,PER_1000_POP,Dominican Republic 2019 Multiple Indicator Cluster Survey,False
SP_DYN_ADKL,DOM,Dominican Republic,2017,3.42644,,,FEMALE,10-14,G,CA,PER_1000_POP,Dominican Republic 2019 Multiple Indicator Cluster Survey,True
SP_DYN_ADKL,DOM,Dominican Republic,2017,80.864494,,,FEMALE,15-19,G,CA,PER_1000_POP,Dominican Republic 2019 Multiple Indicator Cluster Survey,False
SP_DYN_ADKL,DOM,Dominican Republic,2018,77.108498,,,FEMALE,15-19,G,CA,PER_1000_POP,Dominican Republic 2019 Multiple Indicator Cluster Survey,True
SP_DYN_ADKL,DOM,Dominican Republic,2018,3.589341,,,FEMALE,10-14,G,CA,PER_1000_POP,Dominican Republic 2019 Multiple Indicator Cluster Survey,False
SP_DYN_ADKL,ECU,Ecuador,2000,2.000206,,,FEMALE,10-14,G,C,PER_1000_POP,Registration National Statistics & WPP2024,True
SP_DYN_ADKL,ECU,Ecuador,2000,96.636414,,,FEMALE,15-19,G,C,PER_1000_POP,Registration National Statistics & WPP2024,False
SP_DYN_ADKL,ECU,Ecuador,2001,91.498573,,,FEMALE,15-19,G,C,PER_1000_POP,Registration National Statistics & WPP2024,True
SP_DYN_ADKL,ECU,Ecuador,2001,1.808759,,,FEMALE,10-14,G,C,PER_1000_POP,Registration National Statistics & WPP2024,False
SP_DYN_ADKL,ECU,Ecuador,2002,2.021551,,,FEMALE,10-14,G,C,PER_1000_POP,Registration National Statistics & WPP2024,True
SP_DYN_ADKL,ECU,Ecuador,2002,91.448135,,,FEMALE,15-19,G,C,PER_1000_POP,Registration National Statistics & WPP2024,False
SP_DYN_ADKL,ECU,Ecuador,2003,89.417336,,,FEMALE,15-19,G,C,PER_1000_POP,Registration National Statistics & WPP2024,True
SP_DYN_ADKL,ECU,Ecuador,2003,2.016113,,,FEMALE,10-14,G,C,PER_1000_POP,Registration National Statistics & WPP2024,False
SP_DYN_ADKL,ECU,Ecuador,2004,1.965705,,,FEMALE,10-14,G,C,PER_1000_POP,Registration National Statistics & WPP2024,True
SP_DYN_ADKL,ECU,Ecuador,2004,86.395126,,,FEMALE,15-19,G,C,PER_1000_POP,Registration National Statistics & WPP2024,False
SP_DYN_ADKL,ECU,Ecuador,2005,83.937981,,,FEMALE,15-19,G,C,PER_1000_POP,Registration National Statistics & WPP2024,True
SP_DYN_ADKL,ECU,Ecuador,2005,1.796541,,,FEMALE,10-14,G,C,PER_1000_POP,Registration National Statistics & WPP2024,False
SP_DYN_ADKL,ECU,Ecuador,2006,2.197526,,,FEMALE,10-14,G,C,PER_1000_POP,Registration National Statistics & WPP2024,True
SP_DYN_ADKL,ECU,Ecuador,2006,88.607277,,,FEMALE,15-19,G,C,PER_1000_POP,Registration National Statistics & WPP2024,False
SP_DYN_ADKL,ECU,Ecuador,2007,90.403114,,,FEMALE,15-19,G,C,PER_1000_POP,Registration National Statistics & WPP2024,True
SP_DYN_ADKL,ECU,Ecuador,2007,2.501909,,,FEMALE,10-14,G,C,PER_1000_POP,Registration National Statistics & WPP2024,False
SP_DYN_ADKL,ECU,Ecuador,2008,2.73076,,,FEMALE,10-14,G,C,PER_1000_POP,Registration National Statistics & WPP2024,True
SP_DYN_ADKL,ECU,Ecuador,2008,92.061188,,,FEMALE,15-19,G,C,PER_1000_POP,Registration National Statistics & WPP2024,False
SP_DYN_ADKL,ECU,Ecuador,2009,95.325569,,,FEMALE,15-19,G,C,PER_1000_POP,Registration National Statistics & WPP2024,True
SP_DYN_ADKL,ECU,Ecuador,2009,3.228382,,,FEMALE,10-14,G,C,PER_1000_POP,Registration National Statistics & WPP2024,False
SP_DYN_ADKL,ECU,Ecuador,2010,3.263394,,,FEMALE,10-14,G,C,PER_1000_POP,Registration National Statistics & WPP2024,True
SP_DYN_ADKL,ECU,Ecuador,2010,90.577309,,,FEMALE,15-19,G,C,PER_1000_POP,Registration National Statistics & WPP2024,False
SP_DYN_ADKL,ECU,Ecuador,2011,91.446426,,,FEMALE,15-19,G,C,PER_1000_POP,Registration National Statistics & WPP2024,True
SP_DYN_ADKL,ECU,Ecuador,2011,3.418354,,,FEMALE,10-14,G,C,PER_1000_POP,Registration National Statistics & WPP2024,False
SP_DYN_ADKL,ECU,Ecuador,2012,3.713882,,,FEMALE,10-14,G,C,PER_1000_POP,Registration National Statistics & WPP2024,True
SP_DYN_ADKL,ECU,Ecuador,2012,90.783142,,,FEMALE,15-19,G,C,PER_1000_POP,Registration National Statistics & WPP2024,False
SP_DYN_ADKL,ECU,Ecuador,2013,79.601913,,,FEMALE,15-19,G,C,PER_1000_POP,Registration National Statistics & WPP2024,True
SP_DYN_ADKL,ECU,Ecuador,2013,3.180358,,,FEMALE,10-14,G,C,PER_1000_POP,Registration National Statistics & WPP2024,False
SP_DYN_ADKL,ECU,Ecuador,2014,3.270952,,,FEMALE,10-14,G,C,PER_1000_POP,Registration National Statistics & WPP2024,True
SP_DYN_ADKL,ECU,Ecuador,2014,76.924248,,,FEMALE,15-19,G,C,PER_1000_POP,Registration National Statistics & WPP2024,False
SP_DYN_ADKL,ECU,Ecuador,2015,79.407043,,,FEMALE,15-19,G,C,PER_1000_POP,Registration National Statistics & WPP2024,True
SP_DYN_ADKL,ECU,Ecuador,2015,3.379327,,,FEMALE,10-14,G,C,PER_1000_POP,Registration National Statistics & WPP2024,False
SP_DYN_ADKL,ECU,Ecuador,2016,2.855045,,,FEMALE,10-14,G,C,PER_1000_POP,Registration National Statistics & WPP2024,True
SP_DYN_ADKL,ECU,Ecuador,2016,69.692833,,,FEMALE,15-19,G,C,PER_1000_POP,Registration National Statistics & WPP2024,False
SP_DYN_ADKL,ECU,Ecuador,2017,71.840034,,,FEMALE,15-19,G,C,PER_1000_POP,Registration National Statistics & WPP2024,True
SP_DYN_ADKL,ECU,Ecuador,2017,3.006667,,,FEMALE,10-14,G,C,PER_1000_POP,Registration National Statistics & WPP2024,False
SP_DYN_ADKL,ECU,Ecuador,2018,2.76503,,,FEMALE,10-14,G,C,PER_1000_POP,Registration National Statistics & WPP2024,True
SP_DYN_ADKL,ECU,Ecuador,2018,71.498688,,,FEMALE,15-19,G,C,PER_1000_POP,Registration National Statistics & WPP2024,False
SP_DYN_ADKL,ECU,Ecuador,2019,66.180748,,,FEMALE,15-19,G,C,PER_1000_POP,Registration National Statistics & WPP2024,True
SP_DYN_ADKL,ECU,Ecuador,2019,2.396737,,,FEMALE,10-14,G,C,PER_1000_POP,Registration National Statistics & WPP2024,False
SP_DYN_ADKL,ECU,Ecuador,2020,2.180172,,,FEMALE,10-14,G,C,PER_1000_POP,Registration National Statistics & WPP2024,True
SP_DYN_ADKL,ECU,Ecuador,2020,58.23103,,,FEMALE,15-19,G,C,PER_1000_POP,Registration National Statistics & WPP2024,False
SP_DYN_ADKL,ECU,Ecuador,2021,51.749966,,,FEMALE,15-19,G,C,PER_1000_POP,Registration National Statistics & WPP2024,True
SP_DYN_ADKL,ECU,Ecuador,2021,2.375384,,,FEMALE,10-14,G,C,PER_1000_POP,Registration National Statistics & WPP2024,False
SP_DYN_ADKL,ECU,Ecuador,2022,2.445694,,,FEMALE,10-14,G,C,PER_1000_POP,Registration National Statistics & WPP2024,True
SP_DYN_ADKL,ECU,Ecuador,2022,49.913124,,,FEMALE,15-19,G,C,PER_1000_POP,Registration National Statistics & WPP2024,False
SP_DYN_ADKL,SLV,El Salvador,2000,94.284035,,,FEMALE,15-19,G,C,PER_1000_POP,Registration UNSD,True
SP_DYN_ADKL,SLV,El Salvador,2000,4.030879,,,FEMALE,10-14,G,C,PER_1000_POP,Registration National Statistics & WPP2024,False
SP_DYN_ADKL,SLV,El Salvador,2001,3.751937,,,FEMALE,10-14,G,C,PER_1000_POP,Registration National Statistics & WPP2024,True
SP_DYN_ADKL,SLV,El Salvador,2001,88.598244,,,FEMALE,15-19,G,C,PER_1000_POP,Registration National Statistics & WPP2024,False
SP_DYN_ADKL,SLV,El Salvador,2002,82.556847,,,FEMALE,15-19,G,C,PER_1000_POP,Registration National Statistics & WPP2024,True
SP_DYN_ADKL,SLV,El Salvador,2002,3.394347,,,FEMALE,10-14,G,C,PER_1000_POP,Registration National Statistics & WPP2024,False
SP_DYN_ADKL,SLV,El Salvador,2003,3.322463,,,FEMALE,10-14,G,CA,PER_1000_POP,El Salvador 2014 MICS,True
SP_DYN_ADKL,SLV,El Salvador,2003,79.236504,,,FEMALE,15-19,G,C,PER_1000_POP,Registration National Statistics & WPP2024,False
SP_DYN_ADKL,SLV,El Salvador,2004,87.737411,,,FEMALE,15-19,G,CA,PER_1000_POP,El Salvador 2008 Encuesta Nacional de Salud Familiar,True
SP_DYN_ADKL,SLV,El Salvador,2004,4.585228,,,FEMALE,10-14,G,CA,PER_1000_POP,El Salvador 2008 Encuesta Nacional de Salud Familiar,False
SP_DYN_ADKL,SLV,El Salvador,2005,73.463615,,,FEMALE,15-19,G,C,PER_1000_POP,Registration UNSD,True
SP_DYN_ADKL,SLV,El Salvador,2006,74.528122,,,FEMALE,15-19,G,CA,PER_1000_POP,El Salvador 2014 MICS,True
SP_DYN_ADKL,SLV,El Salvador,2006,4.395787,,,FEMALE,10-14,G,CA,PER_1000_POP,El Salvador 2014 MICS,False
SP_DYN_ADKL,SLV,El Salvador,2007,5.143291,,,FEMALE,10-14,G,CA,PER_1000_POP,El Salvador 2008 Encuesta Nacional de Salud Familiar,True
SP_DYN_ADKL,SLV,El Salvador,2007,70.907784,,,FEMALE,15-19,G,C,PER_1000_POP,Registration National Statistics & WPP2024,False
SP_DYN_ADKL,SLV,El Salvador,2009,75.708229,,,FEMALE,15-19,G,CA,PER_1000_POP,El Salvador 2014 MICS,True
SP_DYN_ADKL,SLV,El Salvador,2009,4.093492,,,FEMALE,10-14,G,CA,PER_1000_POP,El Salvador 2014 MICS,False
SP_DYN_ADKL,SLV,El Salvador,2010,2.869379,,,FEMALE,10-14,G,C,PER_1000_POP,Registration National Statistics & WPP2024,True
SP_DYN_ADKL,SLV,El Salvador,2010,65.334862,,,FEMALE,15-19,G,C,PER_1000_POP,Registration National Statistics & WPP2024,False
SP_DYN_ADKL,SLV,El Salvador,2011,75.461708,,,FEMALE,15-19,G,CA,PER_1000_POP,El Salvador 2014 MICS,True
SP_DYN_ADKL,SLV,El Salvador,2011,3.307759,,,FEMALE,10-14,G,CA,PER_1000_POP,El Salvador 2014 MICS,False
SP_DYN_ADKL,SLV,El Salvador,2012,3.115203,,,FEMALE,10-14,G,CA,PER_1000_POP,El Salvador 2014 MICS,True
SP_DYN_ADKL,SLV,El Salvador,2012,74.0,,,FEMALE,15-19,G,C,PER_1000_POP,El Salvador 2014 MICS,False
SP_DYN_ADKL,SLV,El Salvador,2014,64.72921,,,FEMALE,15-19,G,C,PER_1000_POP,Registration UNSD,True
SP_DYN_ADKL,SLV,El Salvador,2014,2.760323,,,FEMALE,10-14,G,C,PER_1000_POP,Registration National Statistics & WPP2024,False
SP_DYN_ADKL,SLV,El Salvador,2015,3.05424,,,FEMALE,10-14,G,C,PER_1000_POP,Registration National Statistics & WPP2024,True
SP_DYN_ADKL,SLV,El Salvador,2015,67.212891,,,FEMALE,15-19,G,C,PER_1000_POP,Registration UNSD,False
SP_DYN_ADKL,SLV,El Salvador,2016,57.2118,,,FEMALE,15-19,G,C,PER_1000_POP,Registration National Statistics & WPP2024,True
SP_DYN_ADKL,SLV,El Salvador,2016,2.46866,,,FEMALE,10-14,G,C,PER_1000_POP,Registration National Statistics & WPP2024,False
SP_DYN_ADKL,SLV,El Salvador,2017,2.335329,,,FEMALE,10-14,G,C,PER_1000_POP,Registration National Statistics & WPP2024,True
SP_DYN_ADKL,SLV,El Salvador,2017,53.869709,,,FEMALE,15-19,G,C,PER_1000_POP,Registration National Statistics & WPP2024,False
SP_DYN_ADKL,SLV,El Salvador,2018,50.213123,,,FEMALE,15-19,G,C,PER_1000_POP,Registration National Statistics & WPP2024,True
SP_DYN_ADKL,SLV,El Salvador,2018,2.096061,,,FEMALE,10-14,G,C,PER_1000_POP,Registration National Statistics & WPP2024,False
SP_DYN_ADKL,GTM,Guatemala,2001,4.29392,,,FEMALE,10-14,G,CA,PER_1000_POP,Guatemala 2008-2009 Encuesta Nacional de Salud Materno Infantil,True
SP_DYN_ADKL,GTM,Guatemala,2001,127.90844,,,FEMALE,15-19,G,CA,PER_1000_POP,Guatemala 2008-2009 Encuesta Nacional de Salud Materno Infantil,False
SP_DYN_ADKL,GTM,Guatemala,2002,115.400002,,,FEMALE,15-19,G,C,PER_1000_POP,Guatemala 2002 Census,True
SP_DYN_ADKL,GTM,Guatemala,2002,4.010222,,,FEMALE,10-14,G,CA,PER_1000_POP,Guatemala 2014-2015 Encuesta Nacional de Salud Materno Infantil,False
SP_DYN_ADKL,GTM,Guatemala,2003,99.800003,,,FEMALE,15-19,G,C,PER_1000_POP,Registration National Statistics,True
SP_DYN_ADKL,GTM,Guatemala,2004,108.058975,,,FEMALE,15-19,G,CA,PER_1000_POP,Guatemala 2014-2015 Encuesta Nacional de Salud Materno Infantil,True
SP_DYN_ADKL,GTM,Guatemala,2004,2.79092,,,FEMALE,10-14,G,CA,PER_1000_POP,Guatemala 2014-2015 Encuesta Nacional de Salud Materno Infantil,False
SP_DYN_ADKL,GTM,Guatemala,2006,3.450132,,,FEMALE,10-14,G,CA,PER_1000_POP,Guatemala 2008-2009 Encuesta Nacional de Salud Materno Infantil,True
SP_DYN_ADKL,GTM,Guatemala,2006,97.438683,,,FEMALE,15-19,G,CA,PER_1000_POP,Guatemala 2008-2009 Encuesta Nacional de Salud Materno Infantil,False
SP_DYN_ADKL,GTM,Guatemala,2007,96.438385,,,FEMALE,15-19,G,CA,PER_1000_POP,Guatemala 2008-2009 Encuesta Nacional de Salud Materno Infantil,True
SP_DYN_ADKL,GTM,Guatemala,2007,3.364649,,,FEMALE,10-14,G,CA,PER_1000_POP,Guatemala 2014-2015 Encuesta Nacional de Salud Materno Infantil,False
SP_DYN_ADKL,GTM,Guatemala,2010,2.931123,,,FEMALE,10-14,G,C,PER_1000_POP,Registration National Statistics & WPP2024,True
SP_DYN_ADKL,GTM,Guatemala,2010,96.613335,,,FEMALE,15-19,G,CA,PER_1000_POP,Guatemala 2014-2015 Encuesta Nacional de Salud Materno Infantil,False
SP_DYN_ADKL,GTM,Guatemala,2011,88.422874,,,FEMALE,15-19,G,C,PER_1000_POP,Registration National Statistics & WPP2024,True
SP_DYN_ADKL,GTM,Guatemala,2011,3.084002,,,FEMALE,10-14,G,C,PER_1000_POP,Registration National Statistics & WPP2024,False
SP_DYN_ADKL,GTM,Guatemala,2012,3.197947,,,FEMALE,10-14,G,CA,PER_1000_POP,Guatemala 2014-2015 Encuesta Nacional de Salud Materno Infantil,True
SP_DYN_ADKL,GTM,Guatemala,2012,93.544647,,,FEMALE,15-19,G,CA,PER_1000_POP,Guatemala 2014-2015 Encuesta Nacional de Salud Materno Infantil,False
SP_DYN_ADKL,GTM,Guatemala,2013,91.670235,,,FEMALE,15-19,G,CA,PER_1000_POP,Guatemala 2014-2015 Encuesta Nacional de Salud Materno Infantil,True
SP_DYN_ADKL,GTM,Guatemala,2013,3.457126,,,FEMALE,10-14,G,CA,PER_1000_POP,Guatemala 2014-2015 Encuesta Nacional de Salud Materno Infantil,False
SP_DYN_ADKL,GTM,Guatemala,2014,2.383044,,,FEMALE,10-14,G,C,PER_1000_POP,Registration National Statistics & WPP2024,True
SP_DYN_ADKL,GTM,Guatemala,2014,86.679443,,,FEMALE,15-19,G,C,PER_1000_POP,Registration UNSD,False
SP_DYN_ADKL,GTM,Guatemala,2015,80.850639,,,FEMALE,15-19,G,C,PER_1000_POP,Registration National Statistics & WPP2024,True
SP_DYN_ADKL,GTM,Guatemala,2015,1.966332,,,FEMALE,10-14,G,C,PER_1000_POP,Registration National Statistics & WPP2024,False
SP_DYN_ADKL,GTM,Guatemala,2016,2.26511,,,FEMALE,10-14,G,C,PER_1000_POP,Registration National Statistics & WPP2024,True
SP_DYN_ADKL,GTM,Guatemala,2016,79.854485,,,FEMALE,15-19,G,C,PER_1000_POP,Registration UNSD,False
SP_DYN_ADKL,GTM,Guatemala,2017,78.664978,,,FEMALE,15-19,G,C,PER_1000_POP,Registration National Statistics & WPP2024,True
SP_DYN_ADKL,GTM,Guatemala,2017,2.143046,,,FEMALE,10-14,G,C,PER_1000_POP,Registration National Statistics & WPP2024,False
SP_DYN_ADKL,GTM,Guatemala,2018,2.127801,,,FEMALE,10-14,G,C,PER_1000_POP,Registration National Statistics & WPP2024,True
SP_DYN_ADKL,GTM,Guatemala,2018,78.457649,,,FEMALE,15-19,G,C,PER_1000_POP,Registration National Statistics & WPP2024,False
SP_DYN_ADKL,GTM,Guatemala,2019,73.126801,,,FEMALE,15-19,G,C,PER_1000_POP,Registration National Statistics & WPP2024,True
SP_DYN_ADKL,GTM,Guatemala,2019,2.035198,,,FEMALE,10-14,G,C,PER_1000_POP,Registration National Statistics & WPP2024,False
SP_DYN_ADKL,GTM,Guatemala,2020,1.677131,,,FEMALE,10-14,G,C,PER_1000_POP,Registration National Statistics & WPP2024,True
SP_DYN_ADKL,GTM,Guatemala,2020,64.768639,,,FEMALE,15-19,G,C,PER_1000_POP,Registration National Statistics & WPP2024,False
SP_DYN_ADKL,GTM,Guatemala,2021,65.036888,,,FEMALE,15-19,G,C,PER_1000_POP,Registration National Statistics & WPP2024,True
SP_DYN_ADKL,GTM,Guatemala,2021,1.912249,,,FEMALE,10-14,G,C,PER_1000_POP,Registration National Statistics & WPP2024,False
SP_DYN_ADKL,GTM,Guatemala,2023,2.03482,,,FEMALE,10-14,G,C,PER_1000_POP,Registration National Statistics & WPP2024,True
SP_DYN_ADKL,GTM,Guatemala,2023,57.589306,,,FEMALE,15-19,G,C,PER_1000_POP,Registration National Statistics & WPP2024,False
SP_DYN_ADKL,HND,Honduras,2001,120.714928,,,FEMALE,15-19,G,CA,PER_1000_POP,Honduras 2011-2012 Demographic and Health Survey,True
SP_DYN_ADKL,HND,Honduras,2001,5.760355,,,FEMALE,10-14,G,CA,PER_1000_POP,Honduras 2011-2012 Demographic and Health Survey,False
SP_DYN_ADKL,HND,Honduras,2003,4.923031,,,FEMALE,10-14,G,CA,PER_1000_POP,Honduras 2019 Multiple Indicator Cluster Survey,True
SP_DYN_ADKL,HND,Honduras,2003,107.92112,,,FEMALE,15-19,G,CA,PER_1000_POP,Honduras 2005-2006 Demographic and Health Survey,False
SP_DYN_ADKL,HND,Honduras,2004,101.848869,,,FEMALE,15-19,G,CA,PER_1000_POP,Honduras 2005-2006 Demographic and Health Survey,True
SP_DYN_ADKL,HND,Honduras,2004,4.55101,,,FEMALE,10-14,G,CA,PER_1000_POP,Honduras 2011-2012 Demographic and Health Survey,False
SP_DYN_ADKL,HND,Honduras,2006,5.439233,,,FEMALE,10-14,G,CA,PER_1000_POP,Honduras 2019 Multiple Indicator Cluster Survey,True
SP_DYN_ADKL,HND,Honduras,2006,108.050339,,,FEMALE,15-19,G,CA,PER_1000_POP,Honduras 2019 Multiple Indicator Cluster Survey,False
SP_DYN_ADKL,HND,Honduras,2007,96.603424,,,FEMALE,15-19,G,CA,PER_1000_POP,Honduras 2011-2012 Demographic and Health Survey,True
SP_DYN_ADKL,HND,Honduras,2007,3.934204,,,FEMALE,10-14,G,CA,PER_1000_POP,Honduras 2011-2012 Demographic and Health Survey,False
SP_DYN_ADKL,HND,Honduras,2009,3.724261,,,FEMALE,10-14,G,CA,PER_1000_POP,Honduras 2011-2012 Demographic and Health Survey,True
SP_DYN_ADKL,HND,Honduras,2009,99.007378,,,FEMALE,15-19,G,CA,PER_1000_POP,Honduras 2011-2012 Demographic and Health Survey,False
SP_DYN_ADKL,HND,Honduras,2010,100.578659,,,FEMALE,15-19,G,CA,PER_1000_POP,Honduras 2011-2012 Demographic and Health Survey,True
SP_DYN_ADKL,HND,Honduras,2010,3.769054,,,FEMALE,10-14,G,CA,PER_1000_POP,Honduras 2011-2012 Demographic and Health Survey,False
SP_DYN_ADKL,HND,Honduras,2012,5.193541,,,FEMALE,10-14,G,CA,PER_1000_POP,Honduras 2019 Multiple Indicator Cluster Survey,True
SP_DYN_ADKL,HND,Honduras,2012,111.14756,,,FEMALE,15-19,G,CA,PER_1000_POP,Honduras 2019 Multiple Indicator Cluster Survey,False
SP_DYN_ADKL,HND,Honduras,2013,102.0,,,FEMALE,15-19,G,C,PER_1000_POP,Honduras 2013 Census,True
SP_DYN_ADKL,HND,Honduras,2015,102.692032,,,FEMALE,15-19,G,CA,PER_1000_POP,Honduras 2019 Multiple Indicator Cluster Survey,True
SP_DYN_ADKL,HND,Honduras,2015,3.905089,,,FEMALE,10-14,G,CA,PER_1000_POP,Honduras 2019 Multiple Indicator Cluster Survey,False
SP_DYN_ADKL,HND,Honduras,2017,3.449407,,,FEMALE,10-14,G,CA,PER_1000_POP,Honduras 2019 Multiple Indicator Cluster Survey,True
SP_DYN_ADKL,HND,Honduras,2017,97.35778,,,FEMALE,15-19,G,CA,PER_1000_POP,Honduras 2019 Multiple Indicator Cluster Survey,False
SP_DYN_ADKL,HND,Honduras,2018,97.054642,,,FEMALE,15-19,G,CA,PER_1000_POP,Honduras 2019 Multiple Indicator Cluster Survey,True
SP_DYN_ADKL,HND,Honduras,2018,2.497684,,,FEMALE,10-14,G,CA,PER_1000_POP,Honduras 2019 Multiple Indicator Cluster Survey,False
SP_DYN_ADKL,MEX,Mexico,2000,1.882628,,,FEMALE,10-14,G,C,PER_1000_POP,Registration National Statistics & WPP2024,True
SP_DYN_ADKL,MEX,Mexico,2000,83.420502,,,FEMALE,15-19,G,C,PER_1000_POP,Registration National Statistics & WPP2024,False
SP_DYN_ADKL,MEX,Mexico,2001,80.376472,,,FEMALE,15-19,G,C,PER_1000_POP,Registration National Statistics & WPP2024,True
SP_DYN_ADKL,MEX,Mexico,2001,1.713469,,,FEMALE,10-14,G,C,PER_1000_POP,Registration National Statistics & WPP2024,False
SP_DYN_ADKL,MEX,Mexico,2002,1.610018,,,FEMALE,10-14,G,C,PER_1000_POP,Registration National Statistics & WPP2024,True
SP_DYN_ADKL,MEX,Mexico,2002,79.171585,,,FEMALE,15-19,G,C,PER_1000_POP,Registration National Statistics & WPP2024,False
SP_DYN_ADKL,MEX,Mexico,2003,76.545761,,,FEMALE,15-19,G,C,PER_1000_POP,Registration National Statistics & WPP2024,True
SP_DYN_ADKL,MEX,Mexico,2003,1.511268,,,FEMALE,10-14,G,C,PER_1000_POP,Registration National Statistics & WPP2024,False
SP_DYN_ADKL,MEX,Mexico,2004,1.547403,,,FEMALE,10-14,G,C,PER_1000_POP,Registration National Statistics & WPP2024,True
SP_DYN_ADKL,MEX,Mexico,2004,75.659554,,,FEMALE,15-19,G,C,PER_1000_POP,Registration National Statistics & WPP2024,False
SP_DYN_ADKL,MEX,Mexico,2005,75.015091,,,FEMALE,15-19,G,C,PER_1000_POP,Registration National Statistics & WPP2024,True
SP_DYN_ADKL,MEX,Mexico,2005,1.567097,,,FEMALE,10-14,G,C,PER_1000_POP,Registration National Statistics & WPP2024,False
SP_DYN_ADKL,MEX,Mexico,2006,1.580822,,,FEMALE,10-14,G,C,PER_1000_POP,Registration National Statistics & WPP2024,True
SP_DYN_ADKL,MEX,Mexico,2006,73.818054,,,FEMALE,15-19,G,C,PER_1000_POP,Registration National Statistics & WPP2024,False
SP_DYN_ADKL,MEX,Mexico,2007,75.811295,,,FEMALE,15-19,G,C,PER_1000_POP,Registration National Statistics & WPP2024,True
SP_DYN_ADKL,MEX,Mexico,2007,1.631748,,,FEMALE,10-14,G,C,PER_1000_POP,Registration National Statistics & WPP2024,False
SP_DYN_ADKL,MEX,Mexico,2008,78.529434,,,FEMALE,15-19,G,C,PER_1000_POP,Registration National Statistics & WPP2024,True
SP_DYN_ADKL,MEX,Mexico,2008,1.704975,,,FEMALE,10-14,G,C,PER_1000_POP,Registration National Statistics & WPP2024,False
SP_DYN_ADKL,MEX,Mexico,2009,1.758635,,,FEMALE,10-14,G,C,PER_1000_POP,Registration National Statistics & WPP2024,True
SP_DYN_ADKL,MEX,Mexico,2009,80.057266,,,FEMALE,15-19,G,C,PER_1000_POP,Registration National Statistics & WPP2024,False
SP_DYN_ADKL,MEX,Mexico,2010,78.970512,,,FEMALE,15-19,G,C,PER_1000_POP,Registration National Statistics & WPP2024,True
SP_DYN_ADKL,MEX,Mexico,2010,1.685179,,,FEMALE,10-14,G,C,PER_1000_POP,Registration National Statistics & WPP2024,False
SP_DYN_ADKL,MEX,Mexico,2011,1.619676,,,FEMALE,10-14,G,C,PER_1000_POP,Registration National Statistics & WPP2024,True
SP_DYN_ADKL,MEX,Mexico,2011,80.325333,,,FEMALE,15-19,G,C,PER_1000_POP,Registration National Statistics & WPP2024,False
SP_DYN_ADKL,MEX,Mexico,2012,80.795837,,,FEMALE,15-19,G,C,PER_1000_POP,Registration National Statistics & WPP2024,True
SP_DYN_ADKL,MEX,Mexico,2012,1.670676,,,FEMALE,10-14,G,C,PER_1000_POP,Registration National Statistics & WPP2024,False
SP_DYN_ADKL,MEX,Mexico,2013,1.604494,,,FEMALE,10-14,G,C,PER_1000_POP,Registration National Statistics & WPP2024,True
SP_DYN_ADKL,MEX,Mexico,2013,79.080009,,,FEMALE,15-19,G,C,PER_1000_POP,Registration National Statistics & WPP2024,False
SP_DYN_ADKL,MEX,Mexico,2014,75.743889,,,FEMALE,15-19,G,C,PER_1000_POP,Registration National Statistics & WPP2024,True
SP_DYN_ADKL,MEX,Mexico,2014,1.56223,,,FEMALE,10-14,G,C,PER_1000_POP,Registration National Statistics & WPP2024,False
SP_DYN_ADKL,MEX,Mexico,2015,1.292537,,,FEMALE,10-14,G,C,PER_1000_POP,Registration National Statistics & WPP2024,True
SP_DYN_ADKL,MEX,Mexico,2015,65.440262,,,FEMALE,15-19,G,C,PER_1000_POP,Registration UNSD,False
SP_DYN_ADKL,MEX,Mexico,2016,62.243195,,,FEMALE,15-19,G,C,PER_1000_POP,Registration UNSD,True
SP_DYN_ADKL,MEX,Mexico,2016,1.175381,,,FEMALE,10-14,G,C,PER_1000_POP,Registration National Statistics & WPP2024,False
SP_DYN_ADKL,MEX,Mexico,2017,1.18292,,,FEMALE,10-14,G,C,PER_1000_POP,Registration National Statistics & WPP2024,True
SP_DYN_ADKL,MEX,Mexico,2017,61.758892,,,FEMALE,15-19,G,C,PER_1000_POP,Registration National Statistics & WPP2024,False
SP_DYN_ADKL,MEX,Mexico,2018,57.348663,,,FEMALE,15-19,G,C,PER_1000_POP,Registration National Statistics & WPP2024,True
SP_DYN_ADKL,MEX,Mexico,2018,1.095057,,,FEMALE,10-14,G,C,PER_1000_POP,Registration National Statistics & WPP2024,False
SP_DYN_ADKL,MEX,Mexico,2019,0.958171,,,FEMALE,10-14,G,C,PER_1000_POP,Registration National Statistics & WPP2024,True
SP_DYN_ADKL,MEX,Mexico,2019,49.317558,,,FEMALE,15-19,G,C,PER_1000_POP,Registration National Statistics & WPP2024,False
SP_DYN_ADKL,MEX,Mexico,2020,42.826412,,,FEMALE,15-19,G,C,PER_1000_POP,Registration National Statistics & WPP2024,True
SP_DYN_ADKL,MEX,Mexico,2020,0.731311,,,FEMALE,10-14,G,C,PER_1000_POP,Registration National Statistics & WPP2024,False
SP_DYN_ADKL,MEX,Mexico,2021,0.818153,,,FEMALE,10-14,G,C,PER_1000_POP,Registration National Statistics & WPP2024,True
SP_DYN_ADKL,MEX,Mexico,2021,39.876709,,,FEMALE,15-19,G,C,PER_1000_POP,Registration National Statistics & WPP2024,False
SP_DYN_ADKL,NIC,Nicaragua,2000,3.215561,,,FEMALE,10-14,G,C,PER_1000_POP,Registration National Statistics & WPP2024,True
SP_DYN_ADKL,NIC,Nicaragua,2000,125.550667,,,FEMALE,15-19,G,C,PER_1000_POP,Registration National Statistics & WPP2024,False
SP_DYN_ADKL,NIC,Nicaragua,2001,103.825798,,,FEMALE,15-19,G,C,PER_1000_POP,Registration National Statistics & WPP2024,True
SP_DYN_ADKL,NIC,Nicaragua,2001,2.937526,,,FEMALE,10-14,G,C,PER_1000_POP,Registration National Statistics & WPP2024,False
SP_DYN_ADKL,NIC,Nicaragua,2002,3.120049,,,FEMALE,10-14,G,C,PER_1000_POP,Registration National Statistics & WPP2024,True
SP_DYN_ADKL,NIC,Nicaragua,2002,111.775795,,,FEMALE,15-19,G,CA,PER_1000_POP,Nicaragua 2006-2007 Reproductive and Health Survey,False
SP_DYN_ADKL,NIC,Nicaragua,2003,89.290527,,,FEMALE,15-19,G,C,PER_1000_POP,Registration National Statistics & WPP2024,True
SP_DYN_ADKL,NIC,Nicaragua,2003,2.934142,,,FEMALE,10-14,G,C,PER_1000_POP,Registration National Statistics & WPP2024,False
SP_DYN_ADKL,NIC,Nicaragua,2004,4.520439,,,FEMALE,10-14,G,CA,PER_1000_POP,Nicaragua 2006-2007 Reproductive and Health Survey,True
SP_DYN_ADKL,NIC,Nicaragua,2004,105.679367,,,FEMALE,15-19,G,CA,PER_1000_POP,Nicaragua 2006-2007 Reproductive and Health Survey,False
SP_DYN_ADKL,NIC,Nicaragua,2005,104.554878,,,FEMALE,15-19,G,CA,PER_1000_POP,Nicaragua 2006-2007 Reproductive and Health Survey,True
SP_DYN_ADKL,NIC,Nicaragua,2005,4.062768,,,FEMALE,10-14,G,CA,PER_1000_POP,Nicaragua 2006-2007 Reproductive and Health Survey,False
SP_DYN_ADKL,NIC,Nicaragua,2006,4.287952,,,FEMALE,10-14,G,C,PER_1000_POP,Registration National Statistics & WPP2024,True
SP_DYN_ADKL,NIC,Nicaragua,2006,99.90197,,,FEMALE,15-19,G,C,PER_1000_POP,Registration National Statistics & WPP2024,False
SP_DYN_ADKL,NIC,Nicaragua,2007,101.731766,,,FEMALE,15-19,G,C,PER_1000_POP,Registration National Statistics & WPP2024,True
SP_DYN_ADKL,NIC,Nicaragua,2007,4.621786,,,FEMALE,10-14,G,C,PER_1000_POP,Registration National Statistics & WPP2024,False
SP_DYN_ADKL,NIC,Nicaragua,2008,4.473291,,,FEMALE,10-14,G,C,PER_1000_POP,Registration National Statistics & WPP2024,True
SP_DYN_ADKL,NIC,Nicaragua,2008,101.573944,,,FEMALE,15-19,G,C,PER_1000_POP,Registration National Statistics & WPP2024,False
SP_DYN_ADKL,NIC,Nicaragua,2009,108.480377,,,FEMALE,15-19,G,C,PER_1000_POP,Registration National Statistics & WPP2024,True
SP_DYN_ADKL,NIC,Nicaragua,2009,4.928906,,,FEMALE,10-14,G,C,PER_1000_POP,Registration National Statistics & WPP2024,False
SP_DYN_ADKL,NIC,Nicaragua,2010,4.79496,,,FEMALE,10-14,G,C,PER_1000_POP,Registration National Statistics & WPP2024,True
SP_DYN_ADKL,NIC,Nicaragua,2010,106.02272,,,FEMALE,15-19,G,C,PER_1000_POP,Registration National Statistics & WPP2024,False
SP_DYN_ADKL,NIC,Nicaragua,2020,86.531418,,,FEMALE,15-19,G,C,PER_1000_POP,Registration National Statistics & WPP2024,True
SP_DYN_ADKL,NIC,Nicaragua,2020,4.493685,,,FEMALE,10-14,G,C,PER_1000_POP,Registration National Statistics & WPP2024,False
SP_DYN_ADKL,NIC,Nicaragua,2021,4.561603,,,FEMALE,10-14,G,C,PER_1000_POP,Registration National Statistics & WPP2024,True
SP_DYN_ADKL,NIC,Nicaragua,2021,82.671005,,,FEMALE,15-19,G,C,PER_1000_POP,Registration National Statistics & WPP2024,False
SP_DYN_ADKL,NIC,Nicaragua,2022,81.494926,,,FEMALE,15-19,G,C,PER_1000_POP,Registration National Statistics & WPP2024,True
SP_DYN_ADKL,NIC,Nicaragua,2022,4.998371,,,FEMALE,10-14,G,C,PER_1000_POP,Registration National Statistics & WPP2024,False
SP_DYN_ADKL,NIC,Nicaragua,2023,4.687789,,,FEMALE,10-14,G,C,PER_1000_POP,Registration National Statistics & WPP2024,True
SP_DYN_ADKL,NIC,Nicaragua,2023,71.283539,,,FEMALE,15-19,G,C,PER_1000_POP,Registration National Statistics & WPP2024,False
SP_DYN_ADKL,PAN,Panama,2000,95.799995,,,FEMALE,15-19,G,C,PER_1000_POP,Registration Human Fertility Collection,True
SP_DYN_ADKL,PAN,Panama,2000,3.421958,,,FEMALE,10-14,G,C,PER_1000_POP,Registration National Statistics & WPP2024,False
SP_DYN_ADKL,PAN,Panama,2001,89.300003,,,FEMALE,15-19,G,C,PER_1000_POP,Registration National Statistics,True
SP_DYN_ADKL,PAN,Panama,2002,84.300003,,,FEMALE,15-19,G,C,PER_1000_POP,Registration National Statistics,True
SP_DYN_ADKL,PAN,Panama,2002,3.114466,,,FEMALE,10-14,G,C,PER_1000_POP,Registration National Statistics & WPP2024,False
SP_DYN_ADKL,PAN,Panama,2003,3.140772,,,FEMALE,10-14,G,C,PER_1000_POP,Registration National Statistics & WPP2024,True
SP_DYN_ADKL,PAN,Panama,2003,83.599998,,,FEMALE,15-19,G,C,PER_1000_POP,Registration Human Fertility Collection,False
SP_DYN_ADKL,PAN,Panama,2004,84.900002,,,FEMALE,15-19,G,C,PER_1000_POP,Registration National Statistics,True
SP_DYN_ADKL,PAN,Panama,2005,83.800003,,,FEMALE,15-19,G,C,PER_1000_POP,Registration National Statistics,True
SP_DYN_ADKL,PAN,Panama,2005,3.196286,,,FEMALE,10-14,G,C,PER_1000_POP,Registration National Statistics & WPP2024,False
SP_DYN_ADKL,PAN,Panama,2006,84.800003,,,FEMALE,15-19,G,C,PER_1000_POP,Registration National Statistics,True
SP_DYN_ADKL,PAN,Panama,2006,3.235602,,,FEMALE,10-14,G,C,PER_1000_POP,Registration National Statistics & WPP2024,False
SP_DYN_ADKL,PAN,Panama,2007,3.436042,,,FEMALE,10-14,G,C,PER_1000_POP,Registration National Statistics & WPP2024,True
SP_DYN_ADKL,PAN,Panama,2007,87.0,,,FEMALE,15-19,G,C,PER_1000_POP,Registration Human Fertility Collection,False
SP_DYN_ADKL,PAN,Panama,2008,82.602188,,,FEMALE,15-19,G,C,PER_1000_POP,Registration National Statistics & WPP2024,True
SP_DYN_ADKL,PAN,Panama,2008,3.238436,,,FEMALE,10-14,G,C,PER_1000_POP,Registration National Statistics & WPP2024,False
SP_DYN_ADKL,PAN,Panama,2009,3.765373,,,FEMALE,10-14,G,C,PER_1000_POP,Registration National Statistics & WPP2024,True
SP_DYN_ADKL,PAN,Panama,2009,84.12542,,,FEMALE,15-19,G,C,PER_1000_POP,Registration National Statistics & WPP2024,False
SP_DYN_ADKL,PAN,Panama,2010,90.0,,,FEMALE,15-19,G,C,PER_1000_POP,Registration Human Fertility Collection,True
SP_DYN_ADKL,PAN,Panama,2010,3.68304,,,FEMALE,10-14,G,C,PER_1000_POP,Registration National Statistics & WPP2024,False
SP_DYN_ADKL,PAN,Panama,2011,3.846428,,,FEMALE,10-14,G,C,PER_1000_POP,Registration National Statistics & WPP2024,True
SP_DYN_ADKL,PAN,Panama,2011,88.813843,,,FEMALE,15-19,G,C,PER_1000_POP,Registration National Statistics & WPP2024,False
SP_DYN_ADKL,PAN,Panama,2012,90.818115,,,FEMALE,15-19,G,C,PER_1000_POP,Registration National Statistics & WPP2024,True
SP_DYN_ADKL,PAN,Panama,2012,3.42026,,,FEMALE,10-14,G,C,PER_1000_POP,Registration National Statistics & WPP2024,False
SP_DYN_ADKL,PAN,Panama,2013,3.929584,,,FEMALE,10-14,G,C,PER_1000_POP,Registration National Statistics & WPP2024,True
SP_DYN_ADKL,PAN,Panama,2013,88.012978,,,FEMALE,15-19,G,C,PER_1000_POP,Registration National Statistics & WPP2024,False
SP_DYN_ADKL,PAN,Panama,2014,87.378113,,,FEMALE,15-19,G,C,PER_1000_POP,Registration National Statistics & WPP2024,True
SP_DYN_ADKL,PAN,Panama,2014,3.912939,,,FEMALE,10-14,G,C,PER_1000_POP,Registration National Statistics & WPP2024,False
SP_DYN_ADKL,PAN,Panama,2015,3.492602,,,FEMALE,10-14,G,C,PER_1000_POP,Registration National Statistics & WPP2024,True
SP_DYN_ADKL,PAN,Panama,2015,84.059998,,,FEMALE,15-19,G,C,PER_1000_POP,Registration National Statistics,False
SP_DYN_ADKL,PAN,Panama,2016,78.779999,,,FEMALE,15-19,G,C,PER_1000_POP,Registration National Statistics,True
SP_DYN_ADKL,PAN,Panama,2016,2.907479,,,FEMALE,10-14,G,C,PER_1000_POP,Registration National Statistics & WPP2024,False
SP_DYN_ADKL,PAN,Panama,2017,2.946559,,,FEMALE,10-14,G,C,PER_1000_POP,Registration National Statistics & WPP2024,True
SP_DYN_ADKL,PAN,Panama,2017,77.030449,,,FEMALE,15-19,G,C,PER_1000_POP,Registration National Statistics & WPP2024,False
SP_DYN_ADKL,PAN,Panama,2018,75.054573,,,FEMALE,15-19,G,C,PER_1000_POP,Registration National Statistics & WPP2024,True
SP_DYN_ADKL,PAN,Panama,2018,2.949475,,,FEMALE,10-14,G,C,PER_1000_POP,Registration National Statistics & WPP2024,False
SP_DYN_ADKL,PAN,Panama,2019,2.566995,,,FEMALE,10-14,G,C,PER_1000_POP,Registration National Statistics & WPP2024,True
SP_DYN_ADKL,PAN,Panama,2019,68.371048,,,FEMALE,15-19,G,C,PER_1000_POP,Registration National Statistics & WPP2024,False
SP_DYN_ADKL,PAN,Panama,2020,61.527641,,,FEMALE,15-19,G,C,PER_1000_POP,Registration National Statistics & WPP2024,True
SP_DYN_ADKL,PAN,Panama,2020,2.180704,,,FEMALE,10-14,G,C,PER_1000_POP,Registration National Statistics & WPP2024,False
SP_DYN_ADKL,PAN,Panama,2021,2.105428,,,FEMALE,10-14,G,C,PER_1000_POP,Registration National Statistics & WPP2024,True
SP_DYN_ADKL,PAN,Panama,2021,52.744282,,,FEMALE,15-19,G,C,PER_1000_POP,Registration National Statistics & WPP2024,False
SP_DYN_ADKL,PAN,Panama,2022,51.8941,,,FEMALE,15-19,G,C,PER_1000_POP,Registration National Statistics & WPP2024,True
SP_DYN_ADKL,PAN,Panama,2022,2.032486,,,FEMALE,10-14,G,C,PER_1000_POP,Registration National Statistics & WPP2024,False
SP_DYN_ADKL,PRY,Paraguay,2002,1.93132,,,FEMALE,10-14,G,CA,PER_1000_POP,Paraguay 2004 Encuesta Nacional de DemografÃ­a y Salud Sexual y Reproductiva,True
SP_DYN_ADKL,PRY,Paraguay,2002,63.794113,,,FEMALE,15-19,G,CA,PER_1000_POP,Paraguay 2004 Encuesta Nacional de DemografÃ­a y Salud Sexual y Reproductiva,False
SP_DYN_ADKL,PRY,Paraguay,2003,86.120026,,,FEMALE,15-19,G,CA,PER_1000_POP,Paraguay 2016 Multiple Indicator Cluster Survey,True
SP_DYN_ADKL,PRY,Paraguay,2003,4.36895,,,FEMALE,10-14,G,CA,PER_1000_POP,Paraguay 2016 Multiple Indicator Cluster Survey,False
SP_DYN_ADKL,PRY,Paraguay,2004,4.332898,,,FEMALE,10-14,G,CA,PER_1000_POP,Paraguay 2016 Multiple Indicator Cluster Survey,True
SP_DYN_ADKL,PRY,Paraguay,2004,83.530334,,,FEMALE,15-19,G,CA,PER_1000_POP,Paraguay 2016 Multiple Indicator Cluster Survey,False
SP_DYN_ADKL,PRY,Paraguay,2006,61.130497,,,FEMALE,15-19,G,CA,PER_1000_POP,Paraguay 2008 Encuesta Nacional de DemografÃ­a y Salud Sexual y Reproductiva,True
SP_DYN_ADKL,PRY,Paraguay,2006,0.619967,,,FEMALE,10-14,G,CA,PER_1000_POP,Paraguay 2008 Encuesta Nacional de DemografÃ­a y Salud Sexual y Reproductiva,False
SP_DYN_ADKL,PRY,Paraguay,2007,0.369644,,,FEMALE,10-14,G,CA,PER_1000_POP,Paraguay 2008 Encuesta Nacional de DemografÃ­a y Salud Sexual y Reproductiva,True
SP_DYN_ADKL,PRY,Paraguay,2007,62.437099,,,FEMALE,15-19,G,CA,PER_1000_POP,Paraguay 2008 Encuesta Nacional de DemografÃ­a y Salud Sexual y Reproductiva,False
SP_DYN_ADKL,PRY,Paraguay,2009,78.324669,,,FEMALE,15-19,G,CA,PER_1000_POP,Paraguay 2016 Multiple Indicator Cluster Survey,True
SP_DYN_ADKL,PRY,Paraguay,2009,3.64739,,,FEMALE,10-14,G,CA,PER_1000_POP,Paraguay 2016 Multiple Indicator Cluster Survey,False
SP_DYN_ADKL,PRY,Paraguay,2012,3.330832,,,FEMALE,10-14,G,CA,PER_1000_POP,Paraguay 2016 Multiple Indicator Cluster Survey,True
SP_DYN_ADKL,PRY,Paraguay,2012,82.527374,,,FEMALE,15-19,G,CA,PER_1000_POP,Paraguay 2016 Multiple Indicator Cluster Survey,False
SP_DYN_ADKL,PRY,Paraguay,2014,76.04657,,,FEMALE,15-19,G,CA,PER_1000_POP,Paraguay 2016 Multiple Indicator Cluster Survey,True
SP_DYN_ADKL,PRY,Paraguay,2014,2.99562,,,FEMALE,10-14,G,CA,PER_1000_POP,Paraguay 2016 Multiple Indicator Cluster Survey,False
SP_DYN_ADKL,PRY,Paraguay,2015,3.242249,,,FEMALE,10-14,G,CA,PER_1000_POP,Paraguay 2016 Multiple Indicator Cluster Survey,True
SP_DYN_ADKL,PRY,Paraguay,2015,71.997856,,,FEMALE,15-19,G,CA,PER_1000_POP,Paraguay 2016 Multiple Indicator Cluster Survey,False
SP_DYN_ADKL,PER,Peru,2002,1.218228,,,FEMALE,10-14,G,CA,PER_1000_POP,Peru 2004 Demographic and Health Survey (Continuous),True
SP_DYN_ADKL,PER,Peru,2002,61.0,,,FEMALE,15-19,G,C,PER_1000_POP,Peru 2004-2006 Demographic and Health Survey (Continuous),False
SP_DYN_ADKL,PER,Peru,2003,66.688263,,,FEMALE,15-19,G,CA,PER_1000_POP,Peru 2007-2008 Demographic and Health Survey (Continuous),True
SP_DYN_ADKL,PER,Peru,2003,1.518072,,,FEMALE,10-14,G,CA,PER_1000_POP,Peru 2010 Demographic and Health Survey (Continuous),False
SP_DYN_ADKL,PER,Peru,2004,1.988037,,,FEMALE,10-14,G,CA,PER_1000_POP,Peru 2011 Demographic and Health Survey (Continuous),True
SP_DYN_ADKL,PER,Peru,2004,75.244621,,,FEMALE,15-19,G,CA,PER_1000_POP,Peru 2011 Demographic and Health Survey (Continuous),False
SP_DYN_ADKL,PER,Peru,2005,71.522484,,,FEMALE,15-19,G,CA,PER_1000_POP,Peru 2009 Demographic and Health Survey (Continuous),True
SP_DYN_ADKL,PER,Peru,2005,1.896188,,,FEMALE,10-14,G,CA,PER_1000_POP,Peru 2012 Demographic and Health Survey (Continuous),False
SP_DYN_ADKL,PER,Peru,2006,1.218228,,,FEMALE,10-14,G,CA,PER_1000_POP,Peru 2007-2008 Demographic and Health Survey (Continuous),True
SP_DYN_ADKL,PER,Peru,2006,75.0,,,FEMALE,15-19,G,C,PER_1000_POP,Peru 2013 Demographic and Health Survey (Continuous),False
SP_DYN_ADKL,PER,Peru,2007,68.946426,,,FEMALE,15-19,G,CA,PER_1000_POP,Peru 2009 Demographic and Health Survey (Continuous),True
SP_DYN_ADKL,PER,Peru,2007,1.614304,,,FEMALE,10-14,G,CA,PER_1000_POP,Peru 2009 Demographic and Health Survey (Continuous),False
SP_DYN_ADKL,PER,Peru,2008,1.30392,,,FEMALE,10-14,G,CA,PER_1000_POP,Peru 2009 Demographic and Health Survey (Continuous),True
SP_DYN_ADKL,PER,Peru,2008,67.387894,,,FEMALE,15-19,G,CA,PER_1000_POP,Peru 2009 Demographic and Health Survey (Continuous),False
SP_DYN_ADKL,PER,Peru,2009,61.910259,,,FEMALE,15-19,G,CA,PER_1000_POP,Peru 2011 Demographic and Health Survey (Continuous),True
SP_DYN_ADKL,PER,Peru,2009,1.134868,,,FEMALE,10-14,G,CA,PER_1000_POP,Peru 2011 Demographic and Health Survey (Continuous),False
SP_DYN_ADKL,PER,Peru,2010,1.02023,,,FEMALE,10-14,G,C,PER_1000_POP,Registration National Statistics & WPP2024,True
SP_DYN_ADKL,PER,Peru,2010,66.570908,,,FEMALE,15-19,G,CA,PER_1000_POP,Peru 2012 Demographic and Health Survey (Continuous),False
SP_DYN_ADKL,PER,Peru,2011,64.168846,,,FEMALE,15-19,G,CA,PER_1000_POP,Peru 2012 Demographic and Health Survey (Continuous),True
SP_DYN_ADKL,PER,Peru,2011,1.512375,,,FEMALE,10-14,G,CA,PER_1000_POP,Peru 2012 Demographic and Health Survey (Continuous),False
SP_DYN_ADKL,PER,Peru,2012,1.089332,,,FEMALE,10-14,G,C,PER_1000_POP,Registration National Statistics & WPP2024,True
SP_DYN_ADKL,PER,Peru,2012,64.652153,,,FEMALE,15-19,G,CA,PER_1000_POP,Peru 2013 Demographic and Health Survey (Continuous),False
SP_DYN_ADKL,PER,Peru,2013,67.520523,,,FEMALE,15-19,G,CA,PER_1000_POP,Peru 2014 Demographic and Health Survey (Continuous),True
SP_DYN_ADKL,PER,Peru,2013,0.827851,,,FEMALE,10-14,G,C,PER_1000_POP,Registration National Statistics & WPP2024,False
SP_DYN_ADKL,PER,Peru,2014,1.152921,,,FEMALE,10-14,G,C,PER_1000_POP,Registration National Statistics & WPP2024,True
SP_DYN_ADKL,PER,Peru,2014,62.619106,,,FEMALE,15-19,G,CA,PER_1000_POP,Peru 2015 Demographic and Health Survey (Continuous),False
SP_DYN_ADKL,PER,Peru,2015,50.137894,,,FEMALE,15-19,G,C,PER_1000_POP,Registration National Statistics & WPP2024,True
SP_DYN_ADKL,PER,Peru,2015,1.05299,,,FEMALE,10-14,G,C,PER_1000_POP,Registration National Statistics & WPP2024,False
SP_DYN_ADKL,PER,Peru,2016,1.00382,,,FEMALE,10-14,G,C,PER_1000_POP,Registration National Statistics & WPP2024,True
SP_DYN_ADKL,PER,Peru,2016,46.895164,,,FEMALE,15-19,G,C,PER_1000_POP,Registration National Statistics & WPP2024,False
SP_DYN_ADKL,PER,Peru,2017,45.625214,,,FEMALE,15-19,G,CA,PER_1000_POP,Peru 2018 Demographic and Health Survey (Continuous),True
SP_DYN_ADKL,PER,Peru,2017,1.036749,,,FEMALE,10-14,G,C,PER_1000_POP,Registration National Statistics & WPP2024,False
SP_DYN_ADKL,PER,Peru,2018,1.05838,,,FEMALE,10-14,G,C,PER_1000_POP,Registration National Statistics & WPP2024,True
SP_DYN_ADKL,PER,Peru,2018,42.974323,,,FEMALE,15-19,G,C,PER_1000_POP,Registration National Statistics & WPP2024,False
SP_DYN_ADKL,PER,Peru,2019,39.413006,,,FEMALE,15-19,G,CA,PER_1000_POP,Peru 2020 Demographic and Health Survey (Continuous),True
SP_DYN_ADKL,PER,Peru,2019,1.720906,,,FEMALE,10-14,G,C,PER_1000_POP,Registration National Statistics & WPP2024,False
SP_DYN_ADKL,PER,Peru,2020,0.810485,,,FEMALE,10-14,G,C,PER_1000_POP,Registration National Statistics & WPP2024,True
SP_DYN_ADKL,PER,Peru,2020,40.775444,,,FEMALE,15-19,G,CA,PER_1000_POP,Peru 2021 Demographic and Health Survey (Continuous),False
SP_DYN_ADKL,PER,Peru,2021,34.367096,,,FEMALE,15-19,G,C,PER_1000_POP,Registration National Statistics & WPP2024,True
SP_DYN_ADKL,PER,Peru,2021,1.011751,,,FEMALE,10-14,G,C,PER_1000_POP,Registration National Statistics & WPP2024,False
SP_DYN_ADKL,PER,Peru,2022,1.156324,,,FEMALE,10-14,G,C,PER_1000_POP,Registration National Statistics & WPP2024,True
SP_DYN_ADKL,PER,Peru,2022,34.578987,,,FEMALE,15-19,G,C,PER_1000_POP,Registration National Statistics & WPP2024,False
SP_DYN_ADKL,PER,Peru,2023,29.276028,,,FEMALE,15-19,G,C,PER_1000_POP,Registration National Statistics & WPP2024,True
SP_DYN_ADKL,PER,Peru,2023,0.975304,,,FEMALE,10-14,G,C,PER_1000_POP,Registration National Statistics & WPP2024,False
SP_DYN_ADKL,URY,Uruguay,2000,1.636392,,,FEMALE,10-14,G,C,PER_1000_POP,Registration National Statistics & WPP2024,True
SP_DYN_ADKL,URY,Uruguay,2000,63.325687,,,FEMALE,15-19,G,C,PER_1000_POP,Registration UNSD,False
SP_DYN_ADKL,URY,Uruguay,2001,64.882118,,,FEMALE,15-19,G,C,PER_1000_POP,Registration UNSD,True
SP_DYN_ADKL,URY,Uruguay,2001,1.426943,,,FEMALE,10-14,G,C,PER_1000_POP,Registration National Statistics & WPP2024,False
SP_DYN_ADKL,URY,Uruguay,2002,1.598381,,,FEMALE,10-14,G,C,PER_1000_POP,Registration National Statistics & WPP2024,True
SP_DYN_ADKL,URY,Uruguay,2002,63.916473,,,FEMALE,15-19,G,C,PER_1000_POP,Registration UNSD,False
SP_DYN_ADKL,URY,Uruguay,2003,62.488697,,,FEMALE,15-19,G,C,PER_1000_POP,Registration National Statistics & WPP2024,True
SP_DYN_ADKL,URY,Uruguay,2003,1.420041,,,FEMALE,10-14,G,C,PER_1000_POP,Registration National Statistics & WPP2024,False
SP_DYN_ADKL,URY,Uruguay,2004,1.442841,,,FEMALE,10-14,G,C,PER_1000_POP,Registration National Statistics & WPP2024,True
SP_DYN_ADKL,URY,Uruguay,2004,58.172531,,,FEMALE,15-19,G,C,PER_1000_POP,Registration UNSD,False
SP_DYN_ADKL,URY,Uruguay,2005,59.757141,,,FEMALE,15-19,G,C,PER_1000_POP,Registration UNSD,True
SP_DYN_ADKL,URY,Uruguay,2005,1.338956,,,FEMALE,10-14,G,C,PER_1000_POP,Registration National Statistics & WPP2024,False
SP_DYN_ADKL,URY,Uruguay,2006,1.64317,,,FEMALE,10-14,G,C,PER_1000_POP,Registration National Statistics & WPP2024,True
SP_DYN_ADKL,URY,Uruguay,2006,60.661335,,,FEMALE,15-19,G,C,PER_1000_POP,Registration UNSD,False
SP_DYN_ADKL,URY,Uruguay,2007,58.840683,,,FEMALE,15-19,G,C,PER_1000_POP,Registration UNSD,True
SP_DYN_ADKL,URY,Uruguay,2007,1.65952,,,FEMALE,10-14,G,C,PER_1000_POP,Registration National Statistics & WPP2024,False
SP_DYN_ADKL,URY,Uruguay,2012,1.436875,,,FEMALE,10-14,G,C,PER_1000_POP,Registration National Statistics & WPP2024,True
SP_DYN_ADKL,URY,Uruguay,2012,62.383812,,,FEMALE,15-19,G,C,PER_1000_POP,Registration National Statistics & WPP2024,False
SP_DYN_ADKL,URY,Uruguay,2013,63.988338,,,FEMALE,15-19,G,C,PER_1000_POP,Registration National Statistics & WPP2024,True
SP_DYN_ADKL,URY,Uruguay,2013,1.562007,,,FEMALE,10-14,G,C,PER_1000_POP,Registration National Statistics & WPP2024,False
SP_DYN_ADKL,URY,Uruguay,2014,1.406583,,,FEMALE,10-14,G,C,PER_1000_POP,Registration National Statistics & WPP2024,True
SP_DYN_ADKL,URY,Uruguay,2014,58.170818,,,FEMALE,15-19,G,C,PER_1000_POP,Registration UNSD,False
SP_DYN_ADKL,URY,Uruguay,2015,55.644314,,,FEMALE,15-19,G,C,PER_1000_POP,Registration UNSD,True
SP_DYN_ADKL,URY,Uruguay,2015,1.026868,,,FEMALE,10-14,G,C,PER_1000_POP,Registration National Statistics & WPP2024,False
SP_DYN_ADKL,URY,Uruguay,2016,1.01814,,,FEMALE,10-14,G,C,PER_1000_POP,Registration National Statistics & WPP2024,True
SP_DYN_ADKL,URY,Uruguay,2016,53.061142,,,FEMALE,15-19,G,C,PER_1000_POP,Registration National Statistics & WPP2024,False
SP_DYN_ADKL,URY,Uruguay,2018,37.644146,,,FEMALE,15-19,G,C,PER_1000_POP,Registration National Statistics & WPP2024,True
SP_DYN_ADKL,URY,Uruguay,2018,0.613459,,,FEMALE,10-14,G,C,PER_1000_POP,Registration National Statistics & WPP2024,False
SP_DYN_ADKL,URY,Uruguay,2019,0.713224,,,FEMALE,10-14,G,C,PER_1000_POP,Registration National Statistics & WPP2024,True
SP_DYN_ADKL,URY,Uruguay,2019,33.235161,,,FEMALE,15-19,G,C,PER_1000_POP,Registration National Statistics & WPP2024,False
SP_DYN_ADKL,URY,Uruguay,2020,29.398899,,,FEMALE,15-19,G,C,PER_1000_POP,Registration National Statistics & WPP2024,True
SP_DYN_ADKL,URY,Uruguay,2020,0.525096,,,FEMALE,10-14,G,C,PER_1000_POP,Registration National Statistics & WPP2024,False
SP_DYN_ADKL,URY,Uruguay,2021,0.431566,,,FEMALE,10-14,G,C,PER_1000_POP,Registration National Statistics & WPP2024,True
SP_DYN_ADKL,URY,Uruguay,2021,27.093386,,,FEMALE,15-19,G,C,PER_1000_POP,Registration National Statistics & WPP2024,False
SP_DYN_ADKL,URY,Uruguay,2022,23.128796,,,FEMALE,15-19,G,C,PER_1000_POP,Registration National Statistics & WPP2024,True
SP_DYN_ADKL,URY,Uruguay,2022,0.335962,,,FEMALE,10-14,G,C,PER_1000_POP,Registration National Statistics & WPP2024,False
SP_DYN_ADKL,VEN,Venezuela,2000,4.240928,,,FEMALE,10-14,G,C,PER_1000_POP,Registration National Statistics & WPP2024,True
SP_DYN_ADKL,VEN,Venezuela,2000,93.309998,,,FEMALE,15-19,G,C,PER_1000_POP,Registration National Statistics,False
SP_DYN_ADKL,VEN,Venezuela,2001,92.910004,,,FEMALE,15-19,G,C,PER_1000_POP,Registration National Statistics,True
SP_DYN_ADKL,VEN,Venezuela,2001,4.049199,,,FEMALE,10-14,G,C,PER_1000_POP,Registration National Statistics & WPP2024,False
SP_DYN_ADKL,VEN,Venezuela,2002,3.882313,,,FEMALE,10-14,G,C,PER_1000_POP,Registration National Statistics & WPP2024,True
SP_DYN_ADKL,VEN,Venezuela,2002,92.5,,,FEMALE,15-19,G,C,PER_1000_POP,Registration National Statistics,False
SP_DYN_ADKL,VEN,Venezuela,2003,92.099998,,,FEMALE,15-19,G,C,PER_1000_POP,Registration National Statistics,True
SP_DYN_ADKL,VEN,Venezuela,2004,91.699997,,,FEMALE,15-19,G,C,PER_1000_POP,Registration National Statistics,True
SP_DYN_ADKL,VEN,Venezuela,2005,91.300003,,,FEMALE,15-19,G,C,PER_1000_POP,Registration National Statistics,True
SP_DYN_ADKL,VEN,Venezuela,2005,5.575303,,,FEMALE,10-14,G,C,PER_1000_POP,Registration National Statistics & WPP2024,False
SP_DYN_ADKL,VEN,Venezuela,2006,5.790754,,,FEMALE,10-14,G,C,PER_1000_POP,Registration National Statistics & WPP2024,True
SP_DYN_ADKL,VEN,Venezuela,2006,107.21875,,,FEMALE,15-19,G,C,PER_1000_POP,Registration UNSD,False
SP_DYN_ADKL,VEN,Venezuela,2007,101.805794,,,FEMALE,15-19,G,C,PER_1000_POP,Registration UNSD,True
SP_DYN_ADKL,VEN,Venezuela,2007,5.500736,,,FEMALE,10-14,G,C,PER_1000_POP,Registration National Statistics & WPP2024,False
SP_DYN_ADKL,VEN,Venezuela,2009,5.697323,,,FEMALE,10-14,G,C,PER_1000_POP,Registration National Statistics & WPP2024,True
SP_DYN_ADKL,VEN,Venezuela,2009,99.364494,,,FEMALE,15-19,G,C,PER_1000_POP,Registration UNSD,False
SP_DYN_ADKL,VEN,Venezuela,2010,98.832375,,,FEMALE,15-19,G,C,PER_1000_POP,Registration UNSD,True
SP_DYN_ADKL,VEN,Venezuela,2010,5.713025,,,FEMALE,10-14,G,C,PER_1000_POP,Registration National Statistics & WPP2024,False
SP_DYN_ADKL,VEN,Venezuela,2011,5.595543,,,FEMALE,10-14,G,C,PER_1000_POP,Registration National Statistics & WPP2024,True
SP_DYN_ADKL,VEN,Venezuela,2011,101.860291,,,FEMALE,15-19,G,C,PER_1000_POP,Registration UNSD,False
SP_DYN_ADKL,VEN,Venezuela,2012,101.836876,,,FEMALE,15-19,G,C,PER_1000_POP,Registration National Statistics & WPP2024,True
SP_DYN_ADKL,VEN,Venezuela,2012,5.449656,,,FEMALE,10-14,G,C,PER_1000_POP,Registration National Statistics & WPP2024,False
SP_DYN_ADKL,VEN,Venezuela,2013,5.191481,,,FEMALE,10-14,G,C,PER_1000_POP,Registration National Statistics & WPP2024,True
SP_DYN_ADKL,VEN,Venezuela,2013,97.474739,,,FEMALE,15-19,G,C,PER_1000_POP,Registration National Statistics & WPP2024,False
SP_DYN_ADKL,VEN,Venezuela,2014,98.002869,,,FEMALE,15-19,G,C,PER_1000_POP,Registration UNSD,True
SP_DYN_ADKL,VEN,Venezuela,2014,5.215299,,,FEMALE,10-14,G,C,PER_1000_POP,Registration National Statistics & WPP2024,False
SP_DYN_ADKL,VEN,Venezuela,2015,4.774067,,,FEMALE,10-14,G,C,PER_1000_POP,Registration National Statistics & WPP2024,True
SP_DYN_ADKL,VEN,Venezuela,2015,95.53109,,,FEMALE,15-19,G,C,PER_1000_POP,Registration UNSD,False
SP_DYN_ADKL,VEN,Venezuela,2016,93.351486,,,FEMALE,15-19,G,C,PER_1000_POP,Registration National Statistics & WPP2024,True
SP_DYN_ADKL,VEN,Venezuela,2016,4.15681,,,FEMALE,10-14,G,C,PER_1000_POP,Registration National Statistics & WPP2024,False
SP_DYN_ADKL,VEN,Venezuela,2017,3.070572,,,FEMALE,10-14,G,C,PER_1000_POP,Registration National Statistics & WPP2024,True
SP_DYN_ADKL,VEN,Venezuela,2017,80.857361,,,FEMALE,15-19,G,C,PER_1000_POP,Registration National Statistics & WPP2024,False
SP_DYN_ADKL,VEN,Venezuela,2018,73.766525,,,FEMALE,15-19,G,C,PER_1000_POP,Registration National Statistics & WPP2024,True
SP_DYN_ADKL,VEN,Venezuela,2018,2.514836,,,FEMALE,10-14,G,C,PER_1000_POP,Registration National Statistics & WPP2024,False
SP_DYN_ADKL,VEN,Venezuela,2019,2.465504,,,FEMALE,10-14,G,C,PER_1000_POP,Registration National Statistics & WPP2024,True
SP_DYN_ADKL,VEN,Venezuela,2019,75.972633,,,FEMALE,15-19,G,C,PER_1000_POP,Registration National Statistics & WPP2024,False
